source,target,peso
tt0000502,tt0000941,0.2
tt0000502,tt0010176,-0.7
tt0000502,tt0013078,-1.4
tt0000630,tt0001112,0.4
tt0000630,tt0003102,-1.9
tt0000630,tt0007519,-0.7
tt0000679,tt0003816,-0.4
tt0000679,tt0004633,-1.7
tt0000679,tt0007201,-2.1
tt0000842,tt0001203,0.5
tt0000842,tt0001756,0.3
tt0000842,tt0002165,0.5
tt0000842,tt0006345,0.4
tt0000846,tt0000984,0.1
tt0000846,tt0001082,0.6
tt0000850,tt0000502,0.2
tt0000850,tt0000941,-1.6
tt0000850,tt0001051,-0.7
tt0000850,tt0001184,-0.5
tt0000850,tt0004571,-2.1
tt0000850,tt0006419,-0.4
tt0000850,tt0010176,-1.5
tt0000850,tt0013078,-2.2
tt0000859,tt0000842,-0.5
tt0000859,tt0000868,0.6
tt0000859,tt0000869,0.6
tt0000859,tt0001203,-1.0
tt0000859,tt0001756,-1.2
tt0000859,tt0002165,-1.0
tt0000859,tt0006345,-1.1
tt0000859,tt0006419,-0.5
tt0000867,tt0000846,0.9
tt0000867,tt0000984,0.0
tt0000867,tt0001082,0.5
tt0000868,tt0000842,-0.1
tt0000868,tt0001203,-0.6
tt0000868,tt0001756,-0.8
tt0000868,tt0002165,-0.6
tt0000868,tt0006345,-0.7
tt0000868,tt0006419,-0.1
tt0000869,tt0000842,-0.1
tt0000869,tt0001203,-0.6
tt0000869,tt0001756,-0.8
tt0000869,tt0002165,-0.6
tt0000869,tt0006345,-0.7
tt0000869,tt0006419,-0.1
tt0000879,tt0000846,0.4
tt0000879,tt0000867,0.5
tt0000879,tt0000984,-0.5
tt0000879,tt0001082,0.0
tt0000886,tt0007518,-0.6
tt0000941,tt0004571,-0.5
tt0000941,tt0010176,0.1
tt0000941,tt0013078,-0.6
tt0001007,tt0000959,0.8
tt0001010,tt0000959,0.8
tt0001028,tt0001142,0.6
tt0001028,tt0001495,0.6
tt0001028,tt0001812,-0.8
tt0001028,tt0002094,-1.2
tt0001028,tt0002286,0.5
tt0001028,tt0002362,0.8
tt0001028,tt0006318,-0.6
tt0001028,tt0006715,-1.9
tt0001028,tt0011280,-0.3
tt0001028,tt0012885,-0.9
tt0001028,tt0014776,-2.2
tt0001043,tt0001028,0.2
tt0001043,tt0001142,-0.2
tt0001043,tt0001247,0.5
tt0001043,tt0001379,0.3
tt0001043,tt0001495,-0.2
tt0001043,tt0001812,-1.6
tt0001043,tt0002094,-2.0
tt0001043,tt0002286,-0.3
tt0001043,tt0002362,0.0
tt0001043,tt0006318,-1.4
tt0001043,tt0006715,-2.7
tt0001043,tt0011280,-1.1
tt0001043,tt0012885,-1.7
tt0001043,tt0014776,-3.0
tt0001051,tt0000502,0.9
tt0001051,tt0000941,-0.9
tt0001051,tt0004571,-1.4
tt0001051,tt0006419,0.3
tt0001051,tt0010176,-0.8
tt0001051,tt0013078,-1.5
tt0001069,tt0000959,0.8
tt0001080,tt0001028,0.2
tt0001080,tt0001142,-0.2
tt0001080,tt0001247,0.5
tt0001080,tt0001379,0.3
tt0001080,tt0001495,-0.2
tt0001080,tt0001812,-1.6
tt0001080,tt0002094,-2.0
tt0001080,tt0002286,-0.3
tt0001080,tt0002362,0.0
tt0001080,tt0006318,-1.4
tt0001080,tt0006715,-2.7
tt0001080,tt0011280,-1.1
tt0001080,tt0012885,-1.7
tt0001080,tt0014776,-3.0
tt0001081,tt0000959,0.5
tt0001081,tt0001007,0.7
tt0001081,tt0001010,0.7
tt0001081,tt0001069,0.7
tt0001082,tt0000984,0.5
tt0001112,tt0003102,-1.3
tt0001112,tt0007519,-0.1
tt0001113,tt0001364,0.2
tt0001113,tt0001366,0.5
tt0001115,tt0001277,0.8
tt0001116,tt0001277,0.8
tt0001142,tt0001812,-0.4
tt0001142,tt0002094,-0.8
tt0001142,tt0002286,0.9
tt0001142,tt0006318,-0.2
tt0001142,tt0006715,-1.5
tt0001142,tt0011280,0.1
tt0001142,tt0012885,-0.5
tt0001142,tt0014776,-1.8
tt0001175,tt0005566,0.4
tt0001175,tt0008359,0.5
tt0001175,tt0009882,-0.3
tt0001175,tt0010799,-0.5
tt0001184,tt0000502,0.7
tt0001184,tt0000941,-1.1
tt0001184,tt0001051,-0.2
tt0001184,tt0004571,-1.6
tt0001184,tt0006419,0.1
tt0001184,tt0010176,-1.0
tt0001184,tt0013078,-1.7
tt0001203,tt0001756,0.8
tt0001203,tt0006345,0.9
tt0001240,tt0001592,-1.0
tt0001240,tt0002500,-1.1
tt0001240,tt0002556,-0.8
tt0001240,tt0002646,-1.7
tt0001240,tt0011608,-1.9
tt0001247,tt0001028,0.7
tt0001247,tt0001142,0.3
tt0001247,tt0001379,0.8
tt0001247,tt0001495,0.3
tt0001247,tt0001812,-1.1
tt0001247,tt0002094,-1.5
tt0001247,tt0002286,0.2
tt0001247,tt0002362,0.5
tt0001247,tt0006318,-0.9
tt0001247,tt0006715,-2.2
tt0001247,tt0011280,-0.6
tt0001247,tt0012885,-1.2
tt0001247,tt0014776,-2.5
tt0001285,tt0007817,-0.8
tt0001285,tt0008787,-2.2
tt0001285,tt0013182,0.0
tt0001285,tt0014580,-1.0
tt0001366,tt0001364,0.7
tt0001379,tt0001028,0.9
tt0001379,tt0001142,0.5
tt0001379,tt0001495,0.5
tt0001379,tt0001812,-0.9
tt0001379,tt0002094,-1.3
tt0001379,tt0002286,0.4
tt0001379,tt0002362,0.7
tt0001379,tt0006318,-0.7
tt0001379,tt0006715,-2.0
tt0001379,tt0011280,-0.4
tt0001379,tt0012885,-1.0
tt0001379,tt0014776,-2.3
tt0001440,tt0001115,0.8
tt0001440,tt0001116,0.8
tt0001440,tt0001277,0.6
tt0001495,tt0001812,-0.4
tt0001495,tt0002094,-0.8
tt0001495,tt0002286,0.9
tt0001495,tt0006318,-0.2
tt0001495,tt0006715,-1.5
tt0001495,tt0011280,0.1
tt0001495,tt0012885,-0.5
tt0001495,tt0014776,-1.8
tt0001498,tt0004306,0.8
tt0001531,tt0001530,-0.5
tt0001586,tt0002669,-1.5
tt0001586,tt0004874,-0.4
tt0001586,tt0005149,-0.8
tt0001586,tt0005193,-3.0
tt0001586,tt0006517,-0.6
tt0001586,tt0007167,0.1
tt0001592,tt0002500,0.9
tt0001592,tt0002646,0.3
tt0001592,tt0011608,0.1
tt0001602,tt0005714,0.6
tt0001602,tt0012890,-1.6
tt0001602,tt0012999,-0.6
tt0001602,tt0013962,-1.3
tt0001602,tt0014415,-0.4
tt0001602,tt0015533,-1.6
tt0001602,tt0016834,-2.6
tt0001602,tt0017266,-1.0
tt0001602,tt0017771,-0.1
tt0001604,tt0001911,0.9
tt0001604,tt0002594,-2.0
tt0001604,tt0004731,-1.6
tt0001604,tt0007100,-2.9
tt0001604,tt0009829,-0.9
tt0001604,tt0010680,-1.7
tt0001604,tt0011533,-1.3
tt0001630,tt0003884,0.9
tt0001630,tt0011845,0.2
tt0001630,tt0012048,0.7
tt0001712,tt0005192,-1.0
tt0001712,tt0005363,-1.4
tt0001712,tt0005930,-0.1
tt0001712,tt0006700,0.1
tt0001790,tt0002898,0.0
tt0001790,tt0005049,0.4
tt0001790,tt0005295,0.6
tt0001790,tt0005537,0.6
tt0001790,tt0006456,0.0
tt0001790,tt0006670,0.0
tt0001790,tt0007963,-0.5
tt0001790,tt0009205,-0.5
tt0001790,tt0010616,0.4
tt0001790,tt0011205,-0.2
tt0001812,tt0002094,0.6
tt0001812,tt0006715,-0.1
tt0001812,tt0012885,0.9
tt0001812,tt0014776,-0.4
tt0001892,tt0001630,0.6
tt0001892,tt0003884,0.5
tt0001892,tt0011845,-0.2
tt0001892,tt0012048,0.3
tt0001911,tt0002594,-1.9
tt0001911,tt0004731,-1.5
tt0001911,tt0007100,-2.8
tt0001911,tt0009829,-0.8
tt0001911,tt0010680,-1.6
tt0001911,tt0011533,-1.2
tt0001964,tt0001630,0.5
tt0001964,tt0001892,0.9
tt0001964,tt0003884,0.4
tt0001964,tt0011845,-0.3
tt0001964,tt0012048,0.2
tt0001992,tt0002348,0.8
tt0001992,tt0007168,-0.2
tt0001993,tt0001122,0.7
tt0001998,tt0005607,-1.3
tt0001998,tt0014339,-1.1
tt0002022,tt0005903,-0.3
tt0002022,tt0006241,-0.8
tt0002022,tt0007183,0.4
tt0002022,tt0008536,0.3
tt0002022,tt0011454,0.9
tt0002022,tt0012342,0.6
tt0002022,tt0014646,0.7
tt0002022,tt0015958,0.4
tt0002022,tt0016559,0.1
tt0002022,tt0017293,-0.1
tt0002022,tt0017418,0.1
tt0002022,tt0017748,-0.1
tt0002022,tt0018686,0.7
tt0002022,tt0018844,0.2
tt0002031,tt0001285,0.7
tt0002031,tt0004369,-0.1
tt0002031,tt0005452,0.1
tt0002031,tt0005460,0.3
tt0002031,tt0005716,-1.1
tt0002031,tt0007142,-1.3
tt0002031,tt0007817,-1.1
tt0002031,tt0008787,-2.5
tt0002031,tt0009369,-0.2
tt0002031,tt0012107,-0.2
tt0002031,tt0012856,0.7
tt0002031,tt0013182,-0.3
tt0002031,tt0013380,0.3
tt0002031,tt0013451,-0.9
tt0002031,tt0014580,-1.3
tt0002031,tt0016469,-0.1
tt0002031,tt0016640,-0.5
tt0002031,tt0017831,-0.4
tt0002046,tt0009414,0.6
tt0002046,tt0010536,-0.1
tt0002094,tt0006715,0.3
tt0002094,tt0014776,0.0
tt0002165,tt0001756,0.8
tt0002165,tt0006345,0.9
tt0002199,tt0006027,-0.1
tt0002199,tt0007202,0.8
tt0002199,tt0013682,0.6
tt0002199,tt0014100,0.4
tt0002199,tt0014205,0.5
tt0002199,tt0015004,-0.3
tt0002199,tt0015145,0.9
tt0002199,tt0016601,0.9
tt0002199,tt0017757,0.2
tt0002220,tt0003167,-0.5
tt0002220,tt0003643,-1.2
tt0002220,tt0003665,-1.1
tt0002220,tt0003890,-0.6
tt0002220,tt0004181,-1.0
tt0002220,tt0004972,-0.9
tt0002220,tt0006864,-2.4
tt0002220,tt0009109,-1.1
tt0002220,tt0009130,-1.6
tt0002220,tt0009133,-2.0
tt0002220,tt0009150,-1.3
tt0002220,tt0009559,-1.0
tt0002220,tt0009968,-2.0
tt0002220,tt0010108,-1.5
tt0002220,tt0010193,-0.8
tt0002220,tt0010484,-1.8
tt0002220,tt0010662,-0.2
tt0002220,tt0010806,-1.7
tt0002220,tt0011324,0.1
tt0002220,tt0011415,-0.8
tt0002220,tt0011841,-2.1
tt0002220,tt0012122,-0.3
tt0002220,tt0012532,-2.1
tt0002220,tt0013458,0.0
tt0002220,tt0014604,-0.9
tt0002220,tt0014672,-1.1
tt0002220,tt0015018,-1.6
tt0002220,tt0016308,-1.4
tt0002220,tt0016420,-0.8
tt0002220,tt0017419,-1.1
tt0002220,tt0018678,-1.3
tt0002220,tt0018854,-0.4
tt0002262,tt0005530,-0.3
tt0002262,tt0006332,0.5
tt0002262,tt0006611,0.2
tt0002262,tt0006698,-0.5
tt0002262,tt0006713,0.2
tt0002262,tt0007232,0.1
tt0002262,tt0007679,0.8
tt0002262,tt0008279,0.1
tt0002262,tt0008803,0.2
tt0002262,tt0009014,0.3
tt0002262,tt0009031,0.7
tt0002262,tt0010307,-1.4
tt0002262,tt0014417,-1.2
tt0002262,tt0018192,-1.9
tt0002286,tt0001812,-0.3
tt0002286,tt0002094,-0.7
tt0002286,tt0006318,-0.1
tt0002286,tt0006715,-1.4
tt0002286,tt0011280,0.2
tt0002286,tt0012885,-0.4
tt0002286,tt0014776,-1.7
tt0002348,tt0002163,0.4
tt0002348,tt0007168,0.0
tt0002362,tt0001142,0.8
tt0002362,tt0001495,0.8
tt0002362,tt0001812,-0.6
tt0002362,tt0002094,-1.0
tt0002362,tt0002286,0.7
tt0002362,tt0006318,-0.4
tt0002362,tt0006715,-1.7
tt0002362,tt0011280,-0.1
tt0002362,tt0012885,-0.7
tt0002362,tt0014776,-2.0
tt0002375,tt0001790,0.6
tt0002375,tt0002898,-0.4
tt0002375,tt0003159,0.9
tt0002375,tt0004525,0.8
tt0002375,tt0005049,0.0
tt0002375,tt0005295,0.2
tt0002375,tt0005537,0.2
tt0002375,tt0006456,-0.4
tt0002375,tt0006670,-0.4
tt0002375,tt0007963,-0.9
tt0002375,tt0009205,-0.9
tt0002375,tt0010616,0.0
tt0002375,tt0011205,-0.6
tt0002375,tt0011612,0.8
tt0002395,tt0002262,0.6
tt0002395,tt0002431,0.7
tt0002395,tt0005332,0.7
tt0002395,tt0005530,-0.7
tt0002395,tt0006106,0.7
tt0002395,tt0006332,0.1
tt0002395,tt0006611,-0.2
tt0002395,tt0006698,-0.9
tt0002395,tt0006713,-0.2
tt0002395,tt0007232,-0.3
tt0002395,tt0007679,0.4
tt0002395,tt0008279,-0.3
tt0002395,tt0008803,-0.2
tt0002395,tt0009014,-0.1
tt0002395,tt0009031,0.3
tt0002395,tt0010307,-1.8
tt0002395,tt0014417,-1.6
tt0002395,tt0018192,-2.3
tt0002423,tt0009893,0.5
tt0002423,tt0010281,0.9
tt0002423,tt0010600,0.3
tt0002423,tt0011960,0.8
tt0002423,tt0015119,0.7
tt0002423,tt0016004,0.5
tt0002423,tt0017409,0.6
tt0002423,tt0018451,0.2
tt0002431,tt0002262,0.9
tt0002431,tt0005530,-0.4
tt0002431,tt0006332,0.4
tt0002431,tt0006611,0.1
tt0002431,tt0006698,-0.6
tt0002431,tt0006713,0.1
tt0002431,tt0007232,0.0
tt0002431,tt0007679,0.7
tt0002431,tt0008279,0.0
tt0002431,tt0008803,0.1
tt0002431,tt0009014,0.2
tt0002431,tt0009031,0.6
tt0002431,tt0010307,-1.5
tt0002431,tt0014417,-1.3
tt0002431,tt0018192,-2.0
tt0002445,tt0004022,0.8
tt0002500,tt0002646,0.4
tt0002500,tt0011608,0.2
tt0002514,tt0002917,0.2
tt0002514,tt0003999,0.4
tt0002514,tt0005683,0.1
tt0002514,tt0006386,-0.4
tt0002514,tt0006397,0.1
tt0002514,tt0007522,0.2
tt0002514,tt0007620,0.6
tt0002514,tt0008672,0.0
tt0002514,tt0009694,-0.3
tt0002514,tt0010247,-1.2
tt0002514,tt0010755,-0.9
tt0002514,tt0011157,-0.5
tt0002514,tt0012334,-0.9
tt0002514,tt0014108,-1.1
tt0002514,tt0014109,-1.1
tt0002514,tt0018014,-0.8
tt0002555,tt0003735,0.3
tt0002555,tt0004712,-0.6
tt0002555,tt0006666,0.0
tt0002555,tt0007910,-0.9
tt0002555,tt0008725,-0.2
tt0002555,tt0008826,-0.1
tt0002555,tt0009419,0.5
tt0002555,tt0009771,0.9
tt0002555,tt0009853,0.2
tt0002555,tt0010358,-0.2
tt0002555,tt0011011,0.7
tt0002555,tt0011137,0.9
tt0002555,tt0012192,0.4
tt0002555,tt0012365,0.4
tt0002555,tt0013619,-0.3
tt0002555,tt0014171,0.9
tt0002555,tt0014191,0.2
tt0002555,tt0015339,-0.2
tt0002555,tt0016384,-0.2
tt0002555,tt0016850,-0.2
tt0002555,tt0016930,0.8
tt0002555,tt0017462,0.6
tt0002555,tt0017946,0.2
tt0002555,tt0018159,0.0
tt0002556,tt0001592,0.8
tt0002556,tt0002500,0.7
tt0002556,tt0002646,0.1
tt0002556,tt0011608,-0.1
tt0002574,tt0006210,0.9
tt0002574,tt0010325,0.9
tt0002574,tt0011855,-0.4
tt0002574,tt0013313,-0.3
tt0002574,tt0015347,0.1
tt0002574,tt0016396,0.4
tt0002574,tt0017492,0.1
tt0002574,tt0018531,0.3
tt0002574,tt0018733,0.1
tt0002591,tt0004708,0.4
tt0002591,tt0009220,0.7
tt0002594,tt0007100,0.1
tt0002605,tt0012405,0.7
tt0002605,tt0012920,0.2
tt0002628,tt0003431,0.5
tt0002628,tt0003565,-0.1
tt0002628,tt0004573,0.7
tt0002646,tt0011608,0.8
tt0002669,tt0005193,-0.5
tt0002669,tt0009290,-0.7
tt0002685,tt0003014,-0.2
tt0002685,tt0003150,-0.4
tt0002685,tt0004003,0.2
tt0002685,tt0004047,-0.1
tt0002685,tt0006108,-1.1
tt0002685,tt0006617,0.7
tt0002685,tt0006761,0.9
tt0002685,tt0007355,0.2
tt0002685,tt0007446,0.4
tt0002685,tt0008663,-0.5
tt0002685,tt0008710,0.1
tt0002685,tt0008879,-0.4
tt0002685,tt0010206,0.2
tt0002685,tt0010298,-0.4
tt0002685,tt0011362,0.4
tt0002685,tt0011370,-0.1
tt0002685,tt0011499,-0.5
tt0002685,tt0012364,-1.2
tt0002685,tt0013452,-0.8
tt0002685,tt0013730,0.0
tt0002685,tt0014014,-0.1
tt0002685,tt0014302,0.1
tt0002685,tt0014972,-0.9
tt0002685,tt0015702,0.1
tt0002685,tt0016446,-0.8
tt0002685,tt0017350,-0.8
tt0002685,tt0018836,-0.2
tt0002739,tt0002958,-2.0
tt0002746,tt0002637,-1.0
tt0002746,tt0004182,-0.9
tt0002746,tt0004403,-0.7
tt0002767,tt0003301,0.8
tt0002767,tt0003804,0.5
tt0002767,tt0004027,0.8
tt0002767,tt0004681,0.8
tt0002767,tt0009825,0.9
tt0002767,tt0010189,0.9
tt0002785,tt0004825,0.2
tt0002785,tt0004872,0.1
tt0002785,tt0005041,0.0
tt0002785,tt0005163,0.6
tt0002785,tt0006755,0.0
tt0002785,tt0007678,0.0
tt0002785,tt0008011,0.5
tt0002785,tt0008443,-0.1
tt0002785,tt0008458,0.4
tt0002785,tt0008891,-0.3
tt0002785,tt0009020,-0.7
tt0002785,tt0009523,0.3
tt0002785,tt0009567,0.0
tt0002785,tt0009969,0.2
tt0002785,tt0010844,0.2
tt0002785,tt0010882,0.3
tt0002785,tt0011387,0.0
tt0002785,tt0011785,-0.5
tt0002785,tt0013332,0.0
tt0002785,tt0014158,-0.9
tt0002785,tt0014602,-0.4
tt0002785,tt0015492,0.0
tt0002785,tt0016150,0.2
tt0002785,tt0016598,0.9
tt0002801,tt0003131,0.0
tt0002801,tt0003960,0.5
tt0002801,tt0013905,-0.7
tt0002820,tt0006467,0.8
tt0002844,tt0006206,0.6
tt0002844,tt0006886,0.7
tt0002844,tt0008371,0.9
tt0002844,tt0009701,0.8
tt0002844,tt0009757,0.9
tt0002844,tt0009905,0.3
tt0002844,tt0010089,0.8
tt0002844,tt0011110,0.8
tt0002844,tt0013125,0.5
tt0002844,tt0014897,0.3
tt0002880,tt0005994,-0.6
tt0002898,tt0007963,0.5
tt0002898,tt0009205,0.5
tt0002898,tt0011205,0.8
tt0002917,tt0005683,0.9
tt0002917,tt0006386,0.4
tt0002917,tt0006397,0.9
tt0002917,tt0008672,0.8
tt0002917,tt0009694,0.5
tt0002917,tt0010247,-0.4
tt0002917,tt0010755,-0.1
tt0002917,tt0011157,0.3
tt0002917,tt0012334,-0.1
tt0002917,tt0014108,-0.3
tt0002917,tt0014109,-0.3
tt0002917,tt0018014,0.0
tt0002996,tt0002555,0.0
tt0002996,tt0003309,0.3
tt0002996,tt0003630,0.0
tt0002996,tt0003735,-0.7
tt0002996,tt0004199,0.6
tt0002996,tt0004712,-1.6
tt0002996,tt0004847,0.5
tt0002996,tt0004869,0.4
tt0002996,tt0006600,0.8
tt0002996,tt0006666,-1.0
tt0002996,tt0006893,0.2
tt0002996,tt0007005,0.0
tt0002996,tt0007012,0.3
tt0002996,tt0007765,0.6
tt0002996,tt0007910,-1.9
tt0002996,tt0007984,0.6
tt0002996,tt0008039,0.5
tt0002996,tt0008558,0.4
tt0002996,tt0008658,0.5
tt0002996,tt0008725,-1.2
tt0002996,tt0008745,0.7
tt0002996,tt0008804,0.7
tt0002996,tt0008806,0.5
tt0002996,tt0008810,0.3
tt0002996,tt0008826,-1.1
tt0002996,tt0008983,0.7
tt0002996,tt0009247,0.7
tt0002996,tt0009322,0.6
tt0002996,tt0009419,-0.5
tt0002996,tt0009622,0.2
tt0002996,tt0009754,0.3
tt0002996,tt0009771,-0.1
tt0002996,tt0009853,-0.8
tt0002996,tt0010186,0.8
tt0002996,tt0010337,0.5
tt0002996,tt0010358,-1.2
tt0002996,tt0011011,-0.3
tt0002996,tt0011137,-0.1
tt0002996,tt0011487,0.7
tt0002996,tt0011731,0.7
tt0002996,tt0012192,-0.6
tt0002996,tt0012365,-0.6
tt0002996,tt0013619,-1.3
tt0002996,tt0014171,-0.1
tt0002996,tt0014191,-0.8
tt0002996,tt0015339,-1.2
tt0002996,tt0015356,0.7
tt0002996,tt0016384,-1.2
tt0002996,tt0016850,-1.2
tt0002996,tt0016930,-0.2
tt0002996,tt0017462,-0.4
tt0002996,tt0017805,0.6
tt0002996,tt0017946,-0.8
tt0002996,tt0018159,-1.0
tt0003006,tt0001498,-0.9
tt0003006,tt0003301,0.8
tt0003006,tt0003804,0.5
tt0003006,tt0004027,0.8
tt0003006,tt0004257,0.8
tt0003006,tt0004306,-1.1
tt0003006,tt0004681,0.8
tt0003006,tt0005353,-0.4
tt0003006,tt0007361,0.5
tt0003006,tt0009549,0.1
tt0003006,tt0009741,0.9
tt0003006,tt0010565,0.7
tt0003014,tt0003150,0.8
tt0003014,tt0006108,0.1
tt0003014,tt0008663,0.7
tt0003014,tt0008879,0.8
tt0003014,tt0010298,0.8
tt0003014,tt0011499,0.7
tt0003014,tt0012364,0.0
tt0003014,tt0013452,0.4
tt0003014,tt0014972,0.3
tt0003014,tt0016446,0.4
tt0003014,tt0017350,0.4
tt0003015,tt0003502,0.8
tt0003022,tt0005100,0.9
tt0003022,tt0005592,0.6
tt0003022,tt0006568,0.1
tt0003022,tt0007539,0.7
tt0003022,tt0007927,-0.6
tt0003022,tt0008201,-0.2
tt0003022,tt0009480,0.6
tt0003022,tt0011692,0.9
tt0003022,tt0011952,-1.6
tt0003022,tt0012555,-0.4
tt0003022,tt0012864,0.0
tt0003022,tt0014499,0.1
tt0003022,tt0015224,-0.4
tt0003022,tt0016030,-1.3
tt0003022,tt0016403,0.4
tt0003022,tt0016634,-0.4
tt0003022,tt0016762,0.0
tt0003022,tt0017033,-0.3
tt0003022,tt0018429,0.8
tt0003037,tt0006206,0.6
tt0003037,tt0006886,0.7
tt0003037,tt0008371,0.9
tt0003037,tt0009701,0.8
tt0003037,tt0009757,0.9
tt0003037,tt0009905,0.3
tt0003037,tt0010089,0.8
tt0003037,tt0011110,0.8
tt0003037,tt0013125,0.5
tt0003037,tt0014897,0.3
tt0003039,tt0002022,0.8
tt0003039,tt0005805,-0.4
tt0003039,tt0005903,-0.5
tt0003039,tt0006241,-2.0
tt0003039,tt0007183,0.2
tt0003039,tt0008536,0.1
tt0003039,tt0011454,0.7
tt0003039,tt0012342,0.4
tt0003039,tt0014646,0.5
tt0003039,tt0015958,0.2
tt0003039,tt0015998,0.2
tt0003039,tt0016559,-0.1
tt0003039,tt0017130,0.6
tt0003039,tt0017293,-0.3
tt0003039,tt0017418,-0.1
tt0003039,tt0017748,-0.3
tt0003039,tt0018269,0.1
tt0003039,tt0018686,0.5
tt0003039,tt0018844,0.0
tt0003131,tt0013905,0.3
tt0003150,tt0006108,0.3
tt0003150,tt0008663,0.9
tt0003150,tt0011499,0.9
tt0003150,tt0012364,0.2
tt0003150,tt0013452,0.6
tt0003150,tt0014972,0.5
tt0003150,tt0016446,0.6
tt0003150,tt0017350,0.6
tt0003159,tt0001790,0.7
tt0003159,tt0002898,-0.3
tt0003159,tt0004525,0.9
tt0003159,tt0005049,0.1
tt0003159,tt0005295,0.3
tt0003159,tt0005537,0.3
tt0003159,tt0006456,-0.3
tt0003159,tt0006670,-0.3
tt0003159,tt0007963,-0.8
tt0003159,tt0009205,-0.8
tt0003159,tt0010616,0.1
tt0003159,tt0011205,-0.5
tt0003159,tt0011612,0.9
tt0003165,tt0006206,0.6
tt0003165,tt0006886,0.7
tt0003165,tt0008371,0.9
tt0003165,tt0009701,0.8
tt0003165,tt0009757,0.9
tt0003165,tt0009905,0.3
tt0003165,tt0010089,0.8
tt0003165,tt0011110,0.8
tt0003165,tt0013125,0.5
tt0003165,tt0014897,0.3
tt0003167,tt0003643,0.3
tt0003167,tt0003665,0.4
tt0003167,tt0003890,0.9
tt0003167,tt0004181,0.5
tt0003167,tt0004972,0.6
tt0003167,tt0006864,-0.9
tt0003167,tt0009109,0.4
tt0003167,tt0009130,-0.1
tt0003167,tt0009133,-0.5
tt0003167,tt0009150,0.2
tt0003167,tt0009559,0.5
tt0003167,tt0009968,-0.5
tt0003167,tt0010108,0.0
tt0003167,tt0010193,0.7
tt0003167,tt0010484,-0.3
tt0003167,tt0010806,-0.2
tt0003167,tt0011415,0.7
tt0003167,tt0011841,-0.6
tt0003167,tt0012532,-0.6
tt0003167,tt0014604,0.6
tt0003167,tt0014672,0.4
tt0003167,tt0015018,-0.1
tt0003167,tt0016308,0.1
tt0003167,tt0016420,0.7
tt0003167,tt0017419,0.4
tt0003167,tt0018678,0.2
tt0003227,tt0002514,-0.3
tt0003227,tt0002917,-1.1
tt0003227,tt0003999,-0.9
tt0003227,tt0005683,-1.2
tt0003227,tt0006386,-1.7
tt0003227,tt0006397,-1.2
tt0003227,tt0007522,-1.1
tt0003227,tt0007620,-0.7
tt0003227,tt0008672,-1.3
tt0003227,tt0009694,-1.6
tt0003227,tt0010247,-2.5
tt0003227,tt0010755,-2.2
tt0003227,tt0011157,-1.8
tt0003227,tt0012334,-2.2
tt0003227,tt0014108,-2.4
tt0003227,tt0014109,-2.4
tt0003227,tt0018014,-2.1
tt0003301,tt0003804,-0.3
tt0003301,tt0008561,0.9
tt0003301,tt0010490,0.5
tt0003309,tt0002555,0.7
tt0003309,tt0003630,0.7
tt0003309,tt0003735,0.0
tt0003309,tt0004712,-0.9
tt0003309,tt0006666,-0.3
tt0003309,tt0006893,0.9
tt0003309,tt0007005,0.7
tt0003309,tt0007910,-1.2
tt0003309,tt0008725,-0.5
tt0003309,tt0008826,-0.4
tt0003309,tt0009419,0.2
tt0003309,tt0009622,0.9
tt0003309,tt0009771,0.6
tt0003309,tt0009853,-0.1
tt0003309,tt0010358,-0.5
tt0003309,tt0011011,0.4
tt0003309,tt0011137,0.6
tt0003309,tt0012192,0.1
tt0003309,tt0012365,0.1
tt0003309,tt0013619,-0.6
tt0003309,tt0014171,0.6
tt0003309,tt0014191,-0.1
tt0003309,tt0015339,-0.5
tt0003309,tt0016384,-0.5
tt0003309,tt0016850,-0.5
tt0003309,tt0016930,0.5
tt0003309,tt0017462,0.3
tt0003309,tt0017946,-0.1
tt0003309,tt0018159,-0.3
tt0003324,tt0005232,0.5
tt0003324,tt0008765,0.6
tt0003324,tt0010008,-0.7
tt0003324,tt0014858,0.1
tt0003324,tt0017077,0.7
tt0003330,tt0002591,0.6
tt0003330,tt0004708,0.0
tt0003330,tt0009220,0.3
tt0003330,tt0017516,0.7
tt0003351,tt0004555,-0.5
tt0003362,tt0004757,0.4
tt0003362,tt0005921,-0.2
tt0003365,tt0004275,0.3
tt0003365,tt0004833,0.0
tt0003365,tt0005790,-0.5
tt0003365,tt0007614,-0.4
tt0003365,tt0008123,0.8
tt0003365,tt0009128,-0.3
tt0003367,tt0002022,0.5
tt0003367,tt0003039,0.7
tt0003367,tt0005903,-0.8
tt0003367,tt0006241,-1.3
tt0003367,tt0007183,-0.1
tt0003367,tt0008536,-0.2
tt0003367,tt0011454,0.4
tt0003367,tt0012342,0.1
tt0003367,tt0014646,0.2
tt0003367,tt0015958,-0.1
tt0003367,tt0016559,-0.4
tt0003367,tt0017293,-0.6
tt0003367,tt0017418,-0.4
tt0003367,tt0017748,-0.6
tt0003367,tt0018686,0.2
tt0003367,tt0018844,-0.3
tt0003379,tt0002820,-1.9
tt0003379,tt0005562,-0.1
tt0003379,tt0006467,-2.1
tt0003419,tt0002648,0.7
tt0003431,tt0003565,0.4
tt0003441,tt0002880,0.2
tt0003441,tt0005994,-1.4
tt0003442,tt0001498,-1.4
tt0003442,tt0003006,0.5
tt0003442,tt0004257,0.3
tt0003442,tt0004306,-1.6
tt0003442,tt0005353,-0.9
tt0003442,tt0007060,0.8
tt0003442,tt0007361,0.0
tt0003442,tt0009549,-0.4
tt0003442,tt0009741,0.4
tt0003442,tt0010565,0.2
tt0003449,tt0004829,0.9
tt0003449,tt0005733,-1.2
tt0003471,tt0003589,0.8
tt0003471,tt0005739,0.3
tt0003471,tt0005931,0.6
tt0003471,tt0006040,-1.0
tt0003471,tt0006373,-0.2
tt0003471,tt0006709,-0.2
tt0003471,tt0007021,-1.7
tt0003471,tt0007034,-0.4
tt0003471,tt0007094,-1.4
tt0003471,tt0007278,0.8
tt0003471,tt0007795,0.0
tt0003471,tt0009017,-0.6
tt0003471,tt0010466,0.5
tt0003471,tt0012366,0.0
tt0003545,tt0003335,-1.0
tt0003545,tt0003596,-0.1
tt0003545,tt0006084,0.0
tt0003545,tt0006726,0.0
tt0003587,tt0003324,-0.1
tt0003587,tt0005400,0.5
tt0003587,tt0005579,0.4
tt0003587,tt0006052,0.7
tt0003587,tt0013538,0.1
tt0003587,tt0014858,-1.0
tt0003587,tt0017077,-0.4
tt0003589,tt0005739,0.5
tt0003589,tt0005931,0.8
tt0003589,tt0006040,-0.8
tt0003589,tt0006373,0.0
tt0003589,tt0006709,0.0
tt0003589,tt0007021,-1.5
tt0003589,tt0007034,-0.2
tt0003589,tt0007094,-1.2
tt0003589,tt0007795,0.2
tt0003589,tt0009017,-0.4
tt0003589,tt0010466,0.7
tt0003589,tt0012366,0.2
tt0003595,tt0006730,-0.6
tt0003595,tt0007362,0.3
tt0003595,tt0011339,0.5
tt0003595,tt0015353,0.1
tt0003595,tt0018318,0.5
tt0003596,tt0003335,0.1
tt0003600,tt0003965,0.6
tt0003608,tt0004345,0.7
tt0003608,tt0008840,-0.4
tt0003609,tt0002163,-0.6
tt0003609,tt0002348,0.0
tt0003617,tt0005522,-1.1
tt0003625,tt0003039,0.4
tt0003625,tt0005805,-1.0
tt0003625,tt0006241,-1.6
tt0003625,tt0015998,-0.4
tt0003625,tt0017130,0.0
tt0003625,tt0018269,-0.5
tt0003630,tt0003735,0.3
tt0003630,tt0004712,-0.6
tt0003630,tt0006666,0.0
tt0003630,tt0007910,-0.9
tt0003630,tt0008725,-0.2
tt0003630,tt0008826,-0.1
tt0003630,tt0009419,0.5
tt0003630,tt0009771,0.9
tt0003630,tt0009853,0.2
tt0003630,tt0010358,-0.2
tt0003630,tt0011011,0.7
tt0003630,tt0011137,0.9
tt0003630,tt0012192,0.4
tt0003630,tt0012365,0.4
tt0003630,tt0013619,-0.3
tt0003630,tt0014171,0.9
tt0003630,tt0014191,0.2
tt0003630,tt0015339,-0.2
tt0003630,tt0016384,-0.2
tt0003630,tt0016850,-0.2
tt0003630,tt0016930,0.8
tt0003630,tt0017462,0.6
tt0003630,tt0017946,0.2
tt0003630,tt0018159,0.0
tt0003632,tt0010323,-0.9
tt0003632,tt0014146,0.9
tt0003632,tt0014397,0.4
tt0003632,tt0015202,0.1
tt0003643,tt0006864,-0.2
tt0003643,tt0009130,0.6
tt0003643,tt0009133,0.2
tt0003643,tt0009150,0.9
tt0003643,tt0009968,0.2
tt0003643,tt0010108,0.7
tt0003643,tt0010484,0.4
tt0003643,tt0010806,0.5
tt0003643,tt0011841,0.1
tt0003643,tt0012532,0.1
tt0003643,tt0015018,0.6
tt0003643,tt0016308,0.8
tt0003643,tt0018678,0.9
tt0003657,tt0005193,-0.7
tt0003657,tt0008044,0.9
tt0003657,tt0009960,0.7
tt0003657,tt0010032,0.9
tt0003657,tt0016523,0.4
tt0003665,tt0003643,0.9
tt0003665,tt0006864,-0.3
tt0003665,tt0009130,0.5
tt0003665,tt0009133,0.1
tt0003665,tt0009150,0.8
tt0003665,tt0009968,0.1
tt0003665,tt0010108,0.6
tt0003665,tt0010484,0.3
tt0003665,tt0010806,0.4
tt0003665,tt0011841,0.0
tt0003665,tt0012532,0.0
tt0003665,tt0015018,0.5
tt0003665,tt0016308,0.7
tt0003665,tt0018678,0.8
tt0003670,tt0005180,0.4
tt0003670,tt0005756,0.7
tt0003670,tt0005945,0.8
tt0003670,tt0006942,-0.2
tt0003686,tt0005535,-0.1
tt0003686,tt0007462,0.8
tt0003686,tt0009666,0.8
tt0003686,tt0013404,0.8
tt0003686,tt0018137,-0.5
tt0003692,tt0004155,0.5
tt0003692,tt0004496,-0.5
tt0003692,tt0005974,-0.3
tt0003692,tt0006409,-0.8
tt0003698,tt0004294,0.5
tt0003698,tt0004792,0.5
tt0003698,tt0005059,0.6
tt0003698,tt0005060,0.8
tt0003698,tt0005402,0.5
tt0003698,tt0005589,0.8
tt0003698,tt0005984,0.3
tt0003698,tt0006605,0.5
tt0003698,tt0007038,0.3
tt0003698,tt0007857,0.0
tt0003698,tt0008150,0.7
tt0003698,tt0008519,0.9
tt0003698,tt0009440,0.9
tt0003698,tt0009704,0.5
tt0003698,tt0009781,-0.2
tt0003698,tt0009796,0.4
tt0003698,tt0010071,0.5
tt0003698,tt0010418,0.1
tt0003698,tt0010566,-0.2
tt0003698,tt0011865,0.4
tt0003698,tt0011909,0.5
tt0003698,tt0012181,0.4
tt0003698,tt0012187,0.5
tt0003698,tt0013372,0.8
tt0003698,tt0013574,0.4
tt0003698,tt0013902,0.1
tt0003698,tt0014532,0.3
tt0003698,tt0014881,0.5
tt0003698,tt0015433,0.9
tt0003698,tt0015867,0.1
tt0003698,tt0016294,0.8
tt0003698,tt0017259,0.9
tt0003698,tt0017519,0.4
tt0003698,tt0018054,-0.2
tt0003724,tt0004630,0.7
tt0003724,tt0005979,0.0
tt0003724,tt0006557,0.1
tt0003724,tt0009306,-0.2
tt0003724,tt0012405,0.7
tt0003724,tt0012836,0.3
tt0003724,tt0012920,0.2
tt0003731,tt0003362,-0.2
tt0003731,tt0004307,0.3
tt0003731,tt0004415,0.3
tt0003731,tt0004757,-0.8
tt0003731,tt0005921,-1.4
tt0003735,tt0004712,0.1
tt0003735,tt0006666,0.7
tt0003735,tt0007910,-0.2
tt0003735,tt0008725,0.5
tt0003735,tt0008826,0.6
tt0003735,tt0009853,0.9
tt0003735,tt0010358,0.5
tt0003735,tt0013619,0.4
tt0003735,tt0014191,0.9
tt0003735,tt0015339,0.5
tt0003735,tt0016384,0.5
tt0003735,tt0016850,0.5
tt0003735,tt0017946,0.9
tt0003735,tt0018159,0.7
tt0003743,tt0003698,-1.0
tt0003743,tt0003774,0.7
tt0003743,tt0004208,0.6
tt0003743,tt0004294,-0.5
tt0003743,tt0004314,0.8
tt0003743,tt0004434,-0.2
tt0003743,tt0004635,-0.6
tt0003743,tt0004766,0.5
tt0003743,tt0004792,-0.5
tt0003743,tt0004905,0.9
tt0003743,tt0005059,-0.4
tt0003743,tt0005060,-0.2
tt0003743,tt0005393,0.8
tt0003743,tt0005402,-0.5
tt0003743,tt0005589,-0.2
tt0003743,tt0005879,0.0
tt0003743,tt0005984,-0.7
tt0003743,tt0006140,0.4
tt0003743,tt0006243,0.5
tt0003743,tt0006605,-0.5
tt0003743,tt0006770,0.1
tt0003743,tt0007038,-0.7
tt0003743,tt0007473,0.0
tt0003743,tt0007857,-1.0
tt0003743,tt0008150,-0.3
tt0003743,tt0008266,0.3
tt0003743,tt0008519,-0.1
tt0003743,tt0008786,0.1
tt0003743,tt0009440,-0.1
tt0003743,tt0009702,0.7
tt0003743,tt0009704,-0.5
tt0003743,tt0009781,-1.2
tt0003743,tt0009796,-0.6
tt0003743,tt0009892,0.7
tt0003743,tt0010071,-0.5
tt0003743,tt0010137,0.1
tt0003743,tt0010418,-0.9
tt0003743,tt0010515,0.5
tt0003743,tt0010566,-1.2
tt0003743,tt0011716,0.3
tt0003743,tt0011865,-0.6
tt0003743,tt0011909,-0.5
tt0003743,tt0012181,-0.6
tt0003743,tt0012187,-0.5
tt0003743,tt0013372,-0.2
tt0003743,tt0013574,-0.6
tt0003743,tt0013817,0.3
tt0003743,tt0013902,-0.9
tt0003743,tt0014532,-0.7
tt0003743,tt0014881,-0.5
tt0003743,tt0015433,-0.1
tt0003743,tt0015867,-0.9
tt0003743,tt0016294,-0.2
tt0003743,tt0017141,0.8
tt0003743,tt0017259,-0.1
tt0003743,tt0017519,-0.6
tt0003743,tt0018054,-1.2
tt0003752,tt0005384,0.3
tt0003752,tt0005809,-0.3
tt0003752,tt0005905,-0.6
tt0003752,tt0007684,0.8
tt0003752,tt0009615,-0.8
tt0003768,tt0004337,-3.3
tt0003768,tt0004937,-2.1
tt0003768,tt0005423,-2.1
tt0003768,tt0006037,-2.9
tt0003768,tt0011652,-1.4
tt0003768,tt0011738,-2.2
tt0003768,tt0014570,-2.0
tt0003768,tt0015313,-1.3
tt0003768,tt0015662,-1.5
tt0003768,tt0015900,-1.2
tt0003771,tt0007118,0.1
tt0003772,tt0003670,0.5
tt0003772,tt0005180,-0.1
tt0003772,tt0005302,0.6
tt0003772,tt0005756,0.2
tt0003772,tt0005945,0.3
tt0003772,tt0006942,-0.7
tt0003772,tt0010292,0.9
tt0003774,tt0003698,0.3
tt0003774,tt0004208,0.9
tt0003774,tt0004635,0.7
tt0003774,tt0005879,0.3
tt0003774,tt0005984,-0.4
tt0003774,tt0008266,0.6
tt0003774,tt0009704,-0.2
tt0003774,tt0010515,0.8
tt0003774,tt0010566,-0.9
tt0003774,tt0013902,-0.6
tt0003774,tt0017259,0.2
tt0003804,tt0010490,0.8
tt0003816,tt0004633,-0.3
tt0003816,tt0007201,-0.7
tt0003817,tt0004182,-4.2
tt0003817,tt0005034,-2.9
tt0003817,tt0005298,-2.5
tt0003817,tt0008489,-2.7
tt0003817,tt0009278,-3.3
tt0003817,tt0009706,-3.5
tt0003817,tt0010178,-2.1
tt0003817,tt0013434,-0.3
tt0003817,tt0013793,-1.3
tt0003830,tt0004465,-0.3
tt0003830,tt0007339,-0.8
tt0003830,tt0009991,-0.1
tt0003830,tt0010114,0.7
tt0003838,tt0002305,-0.8
tt0003838,tt0004223,0.6
tt0003838,tt0004854,0.6
tt0003838,tt0006592,0.9
tt0003838,tt0006688,0.4
tt0003838,tt0007368,0.5
tt0003838,tt0012937,0.8
tt0003838,tt0014689,0.9
tt0003838,tt0018646,-0.5
tt0003870,tt0002685,0.9
tt0003870,tt0003014,-0.3
tt0003870,tt0003150,-0.5
tt0003870,tt0004003,0.1
tt0003870,tt0004047,-0.2
tt0003870,tt0006108,-1.2
tt0003870,tt0006617,0.6
tt0003870,tt0006761,0.8
tt0003870,tt0007355,0.1
tt0003870,tt0007446,0.3
tt0003870,tt0008663,-0.6
tt0003870,tt0008710,0.0
tt0003870,tt0008879,-0.5
tt0003870,tt0010206,0.1
tt0003870,tt0010298,-0.5
tt0003870,tt0011362,0.3
tt0003870,tt0011370,-0.2
tt0003870,tt0011499,-0.6
tt0003870,tt0012364,-1.3
tt0003870,tt0013452,-0.9
tt0003870,tt0013730,-0.1
tt0003870,tt0014014,-0.2
tt0003870,tt0014302,0.0
tt0003870,tt0014972,-1.0
tt0003870,tt0015702,0.0
tt0003870,tt0016446,-0.9
tt0003870,tt0017350,-0.9
tt0003870,tt0018836,-0.3
tt0003871,tt0003670,-0.1
tt0003871,tt0003772,0.4
tt0003871,tt0005180,-0.7
tt0003871,tt0005302,0.0
tt0003871,tt0005636,0.6
tt0003871,tt0005756,-0.4
tt0003871,tt0005945,-0.3
tt0003871,tt0006942,-1.3
tt0003871,tt0007415,0.4
tt0003871,tt0010292,0.3
tt0003883,tt0009289,0.5
tt0003884,tt0011845,0.3
tt0003884,tt0012048,0.8
tt0003890,tt0003643,0.4
tt0003890,tt0003665,0.5
tt0003890,tt0004181,0.6
tt0003890,tt0004972,0.7
tt0003890,tt0006864,-0.8
tt0003890,tt0009109,0.5
tt0003890,tt0009130,0.0
tt0003890,tt0009133,-0.4
tt0003890,tt0009150,0.3
tt0003890,tt0009559,0.6
tt0003890,tt0009968,-0.4
tt0003890,tt0010108,0.1
tt0003890,tt0010193,0.8
tt0003890,tt0010484,-0.2
tt0003890,tt0010806,-0.1
tt0003890,tt0011415,0.8
tt0003890,tt0011841,-0.5
tt0003890,tt0012532,-0.5
tt0003890,tt0014604,0.7
tt0003890,tt0014672,0.5
tt0003890,tt0015018,0.0
tt0003890,tt0016308,0.2
tt0003890,tt0016420,0.8
tt0003890,tt0017419,0.5
tt0003890,tt0018678,0.3
tt0003897,tt0003692,-0.4
tt0003897,tt0004155,0.1
tt0003897,tt0004465,0.8
tt0003897,tt0004496,-0.9
tt0003897,tt0005974,-1.7
tt0003897,tt0006409,-1.2
tt0003897,tt0007339,0.3
tt0003897,tt0007932,0.9
tt0003897,tt0008411,-0.1
tt0003897,tt0009204,0.4
tt0003897,tt0010357,0.9
tt0003897,tt0012298,0.6
tt0003897,tt0014264,0.7
tt0003897,tt0014365,-1.4
tt0003897,tt0014927,-0.5
tt0003897,tt0015491,0.4
tt0003897,tt0015499,0.5
tt0003897,tt0016480,0.3
tt0003897,tt0016534,0.6
tt0003897,tt0017457,-0.7
tt0003897,tt0017687,0.5
tt0003897,tt0018771,-0.6
tt0003897,tt0018797,0.7
tt0003930,tt0002844,0.9
tt0003930,tt0003037,0.9
tt0003930,tt0003165,0.9
tt0003930,tt0006206,0.5
tt0003930,tt0006886,0.6
tt0003930,tt0008371,0.8
tt0003930,tt0009701,0.7
tt0003930,tt0009757,0.8
tt0003930,tt0009905,0.2
tt0003930,tt0010089,0.7
tt0003930,tt0011110,0.7
tt0003930,tt0013125,0.4
tt0003930,tt0014897,0.2
tt0003952,tt0002844,0.8
tt0003952,tt0003037,0.8
tt0003952,tt0003165,0.8
tt0003952,tt0003930,0.9
tt0003952,tt0006206,0.4
tt0003952,tt0006886,0.5
tt0003952,tt0008371,0.7
tt0003952,tt0009701,0.6
tt0003952,tt0009757,0.7
tt0003952,tt0009905,0.1
tt0003952,tt0010089,0.6
tt0003952,tt0011110,0.6
tt0003952,tt0013125,0.3
tt0003952,tt0014897,0.1
tt0003952,tt0015232,0.9
tt0003960,tt0003131,0.5
tt0003960,tt0013905,-0.2
tt0003973,tt0009481,0.4
tt0003999,tt0002917,0.8
tt0003999,tt0005683,0.7
tt0003999,tt0006386,0.2
tt0003999,tt0006397,0.7
tt0003999,tt0007522,0.8
tt0003999,tt0008672,0.6
tt0003999,tt0009694,0.3
tt0003999,tt0010247,-0.6
tt0003999,tt0010755,-0.3
tt0003999,tt0011157,0.1
tt0003999,tt0012334,-0.3
tt0003999,tt0014108,-0.5
tt0003999,tt0014109,-0.5
tt0003999,tt0018014,-0.2
tt0004003,tt0003014,0.6
tt0004003,tt0003150,0.4
tt0004003,tt0004047,0.7
tt0004003,tt0006108,-0.3
tt0004003,tt0008663,0.3
tt0004003,tt0008710,0.9
tt0004003,tt0008879,0.4
tt0004003,tt0010298,0.4
tt0004003,tt0011370,0.7
tt0004003,tt0011499,0.3
tt0004003,tt0012364,-0.4
tt0004003,tt0013452,0.0
tt0004003,tt0013730,0.8
tt0004003,tt0014014,0.7
tt0004003,tt0014302,0.9
tt0004003,tt0014972,-0.1
tt0004003,tt0015702,0.9
tt0004003,tt0016446,0.0
tt0004003,tt0017350,0.0
tt0004003,tt0018836,0.6
tt0004013,tt0003698,-1.4
tt0004013,tt0003743,-0.4
tt0004013,tt0003774,0.3
tt0004013,tt0004208,0.2
tt0004013,tt0004294,-0.9
tt0004013,tt0004314,0.4
tt0004013,tt0004434,-0.6
tt0004013,tt0004635,-1.0
tt0004013,tt0004766,0.1
tt0004013,tt0004792,-0.9
tt0004013,tt0004866,-0.1
tt0004013,tt0004905,0.5
tt0004013,tt0005059,-0.8
tt0004013,tt0005060,-0.6
tt0004013,tt0005087,0.8
tt0004013,tt0005393,0.4
tt0004013,tt0005402,-0.9
tt0004013,tt0005589,-0.6
tt0004013,tt0005879,-0.4
tt0004013,tt0005984,-1.1
tt0004013,tt0006140,0.0
tt0004013,tt0006243,0.1
tt0004013,tt0006605,-0.9
tt0004013,tt0006770,-0.3
tt0004013,tt0007038,-1.1
tt0004013,tt0007473,-0.4
tt0004013,tt0007857,-1.4
tt0004013,tt0008150,-0.7
tt0004013,tt0008266,-0.1
tt0004013,tt0008519,-0.5
tt0004013,tt0008786,-0.3
tt0004013,tt0009440,-0.5
tt0004013,tt0009650,0.7
tt0004013,tt0009702,0.3
tt0004013,tt0009704,-0.9
tt0004013,tt0009781,-1.6
tt0004013,tt0009796,-1.0
tt0004013,tt0009892,0.3
tt0004013,tt0010071,-0.9
tt0004013,tt0010137,-0.3
tt0004013,tt0010418,-1.3
tt0004013,tt0010515,0.1
tt0004013,tt0010566,-1.6
tt0004013,tt0011716,-0.1
tt0004013,tt0011865,-1.0
tt0004013,tt0011909,-0.9
tt0004013,tt0012181,-1.0
tt0004013,tt0012187,-0.9
tt0004013,tt0013372,-0.6
tt0004013,tt0013574,-1.0
tt0004013,tt0013817,-0.1
tt0004013,tt0013902,-1.3
tt0004013,tt0014532,-1.1
tt0004013,tt0014881,-0.9
tt0004013,tt0015433,-0.5
tt0004013,tt0015867,-1.3
tt0004013,tt0016294,-0.6
tt0004013,tt0017141,0.4
tt0004013,tt0017259,-0.5
tt0004013,tt0017519,-1.0
tt0004013,tt0018054,-1.6
tt0004026,tt0011237,0.5
tt0004027,tt0003804,0.7
tt0004031,tt0005190,-2.7
tt0004038,tt0002305,-1.2
tt0004038,tt0003838,0.6
tt0004038,tt0004223,0.2
tt0004038,tt0004854,0.2
tt0004038,tt0005600,0.9
tt0004038,tt0005719,0.7
tt0004038,tt0006592,0.5
tt0004038,tt0006688,0.0
tt0004038,tt0007368,0.1
tt0004038,tt0008031,0.9
tt0004038,tt0012937,0.4
tt0004038,tt0014689,0.5
tt0004038,tt0016097,0.6
tt0004038,tt0018646,-0.9
tt0004047,tt0003014,0.9
tt0004047,tt0003150,0.7
tt0004047,tt0006108,0.0
tt0004047,tt0008663,0.6
tt0004047,tt0008879,0.7
tt0004047,tt0010298,0.7
tt0004047,tt0011499,0.6
tt0004047,tt0012364,-0.1
tt0004047,tt0013452,0.3
tt0004047,tt0014972,0.2
tt0004047,tt0016446,0.3
tt0004047,tt0017350,0.3
tt0004047,tt0018836,0.9
tt0004052,tt0007326,0.8
tt0004052,tt0010483,0.5
tt0004052,tt0012728,0.7
tt0004052,tt0012879,-0.3
tt0004052,tt0016213,-0.1
tt0004052,tt0017316,0.5
tt0004066,tt0013257,0.2
tt0004099,tt0004457,0.9
tt0004099,tt0004558,0.0
tt0004112,tt0018197,0.6
tt0004121,tt0018082,-0.7
tt0004125,tt0003449,-0.6
tt0004125,tt0004829,-0.7
tt0004125,tt0005733,-2.8
tt0004155,tt0006409,0.7
tt0004179,tt0007590,-0.2
tt0004181,tt0003643,0.8
tt0004181,tt0003665,0.9
tt0004181,tt0006864,-0.4
tt0004181,tt0009109,0.9
tt0004181,tt0009130,0.4
tt0004181,tt0009133,0.0
tt0004181,tt0009150,0.7
tt0004181,tt0009968,0.0
tt0004181,tt0010108,0.5
tt0004181,tt0010484,0.2
tt0004181,tt0010806,0.3
tt0004181,tt0011841,-0.1
tt0004181,tt0012532,-0.1
tt0004181,tt0014672,0.9
tt0004181,tt0015018,0.4
tt0004181,tt0016308,0.6
tt0004181,tt0017419,0.9
tt0004181,tt0018678,0.7
tt0004182,tt0002637,0.9
tt0004182,tt0009278,0.9
tt0004182,tt0009706,0.7
tt0004199,tt0002555,0.4
tt0004199,tt0003309,0.7
tt0004199,tt0003630,0.4
tt0004199,tt0003735,-0.3
tt0004199,tt0004712,-1.2
tt0004199,tt0004847,0.9
tt0004199,tt0004869,0.8
tt0004199,tt0006666,-0.6
tt0004199,tt0006893,0.6
tt0004199,tt0007005,0.4
tt0004199,tt0007012,0.7
tt0004199,tt0007910,-1.5
tt0004199,tt0008039,0.9
tt0004199,tt0008558,0.8
tt0004199,tt0008658,0.9
tt0004199,tt0008725,-0.8
tt0004199,tt0008806,0.9
tt0004199,tt0008810,0.7
tt0004199,tt0008826,-0.7
tt0004199,tt0009419,-0.1
tt0004199,tt0009622,0.6
tt0004199,tt0009754,0.7
tt0004199,tt0009771,0.3
tt0004199,tt0009853,-0.4
tt0004199,tt0010337,0.9
tt0004199,tt0010358,-0.8
tt0004199,tt0011011,0.1
tt0004199,tt0011137,0.3
tt0004199,tt0012192,-0.2
tt0004199,tt0012365,-0.2
tt0004199,tt0013619,-0.9
tt0004199,tt0014171,0.3
tt0004199,tt0014191,-0.4
tt0004199,tt0015339,-0.8
tt0004199,tt0016384,-0.8
tt0004199,tt0016850,-0.8
tt0004199,tt0016930,0.2
tt0004199,tt0017462,0.0
tt0004199,tt0017946,-0.4
tt0004199,tt0018159,-0.6
tt0004207,tt0004099,0.9
tt0004207,tt0004457,0.8
tt0004207,tt0004558,-0.1
tt0004208,tt0003698,0.4
tt0004208,tt0004635,0.8
tt0004208,tt0005879,0.4
tt0004208,tt0005984,-0.3
tt0004208,tt0008266,0.7
tt0004208,tt0009704,-0.1
tt0004208,tt0010515,0.9
tt0004208,tt0010566,-0.8
tt0004208,tt0013902,-0.5
tt0004208,tt0017259,0.3
tt0004223,tt0002305,-0.4
tt0004223,tt0006688,0.8
tt0004223,tt0007368,0.9
tt0004223,tt0018646,-0.1
tt0004238,tt0004837,0.0
tt0004238,tt0012583,-0.5
tt0004238,tt0013570,0.4
tt0004249,tt0002031,0.2
tt0004249,tt0004369,-0.9
tt0004249,tt0005452,-0.7
tt0004249,tt0005460,-0.5
tt0004249,tt0005716,-1.9
tt0004249,tt0007042,0.4
tt0004249,tt0007142,-2.1
tt0004249,tt0009369,-1.0
tt0004249,tt0012107,-1.0
tt0004249,tt0012856,-0.1
tt0004249,tt0013267,0.5
tt0004249,tt0013380,-0.5
tt0004249,tt0013451,-1.7
tt0004249,tt0016469,-0.9
tt0004249,tt0016640,-1.3
tt0004249,tt0017831,-1.2
tt0004257,tt0001498,-0.7
tt0004257,tt0004306,-0.9
tt0004257,tt0005353,-0.2
tt0004257,tt0007361,0.7
tt0004257,tt0009549,0.3
tt0004257,tt0010565,0.9
tt0004272,tt0008476,0.7
tt0004275,tt0004833,0.7
tt0004275,tt0005790,0.2
tt0004275,tt0007614,0.3
tt0004275,tt0009128,0.4
tt0004294,tt0007038,0.8
tt0004294,tt0007857,0.5
tt0004294,tt0009781,0.3
tt0004294,tt0009796,0.9
tt0004294,tt0010418,0.6
tt0004294,tt0011865,0.9
tt0004294,tt0012181,0.9
tt0004294,tt0013574,0.9
tt0004294,tt0014532,0.8
tt0004294,tt0015867,0.6
tt0004294,tt0017519,0.9
tt0004294,tt0018054,0.3
tt0004307,tt0003362,0.5
tt0004307,tt0004757,-0.1
tt0004307,tt0005921,-0.7
tt0004313,tt0009159,-0.6
tt0004313,tt0009929,-0.4
tt0004313,tt0010060,0.5
tt0004313,tt0010964,-1.0
tt0004313,tt0011623,0.8
tt0004313,tt0011738,-0.1
tt0004313,tt0014164,-0.4
tt0004313,tt0014774,0.6
tt0004313,tt0015104,0.7
tt0004313,tt0017526,0.4
tt0004313,tt0018749,0.1
tt0004313,tt0018893,-1.1
tt0004314,tt0003698,0.2
tt0004314,tt0003774,0.9
tt0004314,tt0004208,0.8
tt0004314,tt0004635,0.6
tt0004314,tt0005879,0.2
tt0004314,tt0005984,-0.5
tt0004314,tt0008266,0.5
tt0004314,tt0009704,-0.3
tt0004314,tt0009892,0.9
tt0004314,tt0010515,0.7
tt0004314,tt0010566,-1.0
tt0004314,tt0013902,-0.7
tt0004314,tt0017259,0.1
tt0004325,tt0005556,-1.1
tt0004325,tt0006614,-0.5
tt0004325,tt0007340,-0.1
tt0004325,tt0008041,-0.9
tt0004325,tt0011979,0.2
tt0004325,tt0012827,0.6
tt0004363,tt0004295,0.0
tt0004369,tt0005716,0.0
tt0004369,tt0007142,-0.2
tt0004369,tt0009369,0.9
tt0004369,tt0012107,0.9
tt0004369,tt0013451,0.2
tt0004369,tt0016640,0.6
tt0004369,tt0017831,0.7
tt0004384,tt0008252,-0.5
tt0004384,tt0018088,-1.0
tt0004387,tt0008100,0.6
tt0004387,tt0008416,0.5
tt0004390,tt0005916,-0.2
tt0004390,tt0008161,0.4
tt0004391,tt0003022,0.8
tt0004391,tt0005100,0.7
tt0004391,tt0005592,0.4
tt0004391,tt0006568,-0.1
tt0004391,tt0007539,0.5
tt0004391,tt0007927,-0.8
tt0004391,tt0008201,-0.4
tt0004391,tt0009480,0.4
tt0004391,tt0011692,0.7
tt0004391,tt0011952,-1.8
tt0004391,tt0012555,-0.6
tt0004391,tt0012864,-0.2
tt0004391,tt0014499,-0.1
tt0004391,tt0015224,-0.6
tt0004391,tt0016030,-1.5
tt0004391,tt0016403,0.2
tt0004391,tt0016634,-0.6
tt0004391,tt0016762,-0.2
tt0004391,tt0017033,-0.5
tt0004391,tt0018429,0.6
tt0004398,tt0001498,-5.3
tt0004398,tt0003006,-3.4
tt0004398,tt0003442,-2.9
tt0004398,tt0004257,-3.6
tt0004398,tt0004306,-5.5
tt0004398,tt0004885,-2.2
tt0004398,tt0005353,-4.8
tt0004398,tt0007060,-3.1
tt0004398,tt0007361,-3.9
tt0004398,tt0009549,-4.3
tt0004398,tt0009741,-3.5
tt0004398,tt0010565,-3.7
tt0004403,tt0002637,0.7
tt0004403,tt0004182,0.8
tt0004415,tt0003362,0.5
tt0004415,tt0004757,-0.1
tt0004415,tt0005921,-0.7
tt0004434,tt0003698,-0.8
tt0004434,tt0003774,0.9
tt0004434,tt0004208,0.8
tt0004434,tt0004294,-0.3
tt0004434,tt0004295,-1.8
tt0004434,tt0004363,-0.8
tt0004434,tt0004635,-0.4
tt0004434,tt0004766,0.7
tt0004434,tt0004792,-0.3
tt0004434,tt0004907,-0.7
tt0004434,tt0005059,-0.2
tt0004434,tt0005060,0.0
tt0004434,tt0005402,-0.3
tt0004434,tt0005589,0.0
tt0004434,tt0005879,0.2
tt0004434,tt0005984,-0.5
tt0004434,tt0006140,0.6
tt0004434,tt0006243,0.7
tt0004434,tt0006437,-1.2
tt0004434,tt0006605,-0.3
tt0004434,tt0006770,0.3
tt0004434,tt0006863,0.9
tt0004434,tt0007038,-0.5
tt0004434,tt0007473,0.2
tt0004434,tt0007857,-0.8
tt0004434,tt0007998,-0.5
tt0004434,tt0008150,-0.1
tt0004434,tt0008266,0.5
tt0004434,tt0008519,0.1
tt0004434,tt0008550,0.2
tt0004434,tt0008786,0.3
tt0004434,tt0009358,0.5
tt0004434,tt0009440,0.1
tt0004434,tt0009702,0.9
tt0004434,tt0009704,-0.3
tt0004434,tt0009781,-1.0
tt0004434,tt0009796,-0.4
tt0004434,tt0009892,0.9
tt0004434,tt0010071,-0.3
tt0004434,tt0010137,0.3
tt0004434,tt0010418,-0.7
tt0004434,tt0010515,0.7
tt0004434,tt0010566,-1.0
tt0004434,tt0011070,-0.8
tt0004434,tt0011462,-0.1
tt0004434,tt0011716,0.5
tt0004434,tt0011865,-0.4
tt0004434,tt0011909,-0.3
tt0004434,tt0011912,0.1
tt0004434,tt0012181,-0.4
tt0004434,tt0012187,-0.3
tt0004434,tt0012465,-0.5
tt0004434,tt0013372,0.0
tt0004434,tt0013574,-0.4
tt0004434,tt0013817,0.5
tt0004434,tt0013902,-0.7
tt0004434,tt0014532,-0.5
tt0004434,tt0014706,-0.3
tt0004434,tt0014881,-0.3
tt0004434,tt0015433,0.1
tt0004434,tt0015867,-0.7
tt0004434,tt0016294,0.0
tt0004434,tt0016894,-1.1
tt0004434,tt0017259,0.1
tt0004434,tt0017519,-0.4
tt0004434,tt0018054,-1.0
tt0004457,tt0004558,0.1
tt0004465,tt0007339,-0.5
tt0004465,tt0014264,0.9
tt0004465,tt0015491,0.6
tt0004465,tt0015499,0.7
tt0004465,tt0017457,-0.5
tt0004473,tt0002785,0.4
tt0004473,tt0004825,-0.4
tt0004473,tt0004872,-0.5
tt0004473,tt0005041,-0.6
tt0004473,tt0005163,0.0
tt0004473,tt0006182,0.4
tt0004473,tt0006755,-0.6
tt0004473,tt0007678,-0.6
tt0004473,tt0008011,-0.1
tt0004473,tt0008443,-0.7
tt0004473,tt0008458,-0.2
tt0004473,tt0008764,0.6
tt0004473,tt0008891,-0.9
tt0004473,tt0009020,-1.3
tt0004473,tt0009523,-0.3
tt0004473,tt0009567,-0.6
tt0004473,tt0009827,0.7
tt0004473,tt0009969,-0.4
tt0004473,tt0010352,0.7
tt0004473,tt0010844,-0.4
tt0004473,tt0010882,-0.3
tt0004473,tt0011076,0.4
tt0004473,tt0011387,-0.6
tt0004473,tt0011785,-1.1
tt0004473,tt0013332,-0.6
tt0004473,tt0014158,-1.5
tt0004473,tt0014602,-1.0
tt0004473,tt0015492,-0.6
tt0004473,tt0016150,-0.4
tt0004473,tt0016389,0.7
tt0004473,tt0016598,0.3
tt0004496,tt0006409,-0.3
tt0004509,tt0004328,-1.2
tt0004525,tt0001790,0.8
tt0004525,tt0002898,-0.2
tt0004525,tt0005049,0.2
tt0004525,tt0005295,0.4
tt0004525,tt0005537,0.4
tt0004525,tt0006456,-0.2
tt0004525,tt0006670,-0.2
tt0004525,tt0007963,-0.7
tt0004525,tt0009205,-0.7
tt0004525,tt0010616,0.2
tt0004525,tt0011205,-0.4
tt0004532,tt0004816,-0.6
tt0004532,tt0005352,-0.3
tt0004532,tt0005392,-1.6
tt0004532,tt0006426,0.6
tt0004532,tt0006679,0.8
tt0004532,tt0006736,-1.0
tt0004532,tt0006751,-0.1
tt0004532,tt0006753,-1.0
tt0004532,tt0006861,-0.6
tt0004532,tt0008309,-0.9
tt0004532,tt0008406,-1.8
tt0004532,tt0008915,-0.8
tt0004532,tt0009142,-0.6
tt0004532,tt0009143,-1.6
tt0004532,tt0009400,-1.1
tt0004532,tt0010049,-2.2
tt0004532,tt0010162,-0.6
tt0004532,tt0010715,-0.7
tt0004532,tt0012565,-1.0
tt0004532,tt0013556,-1.4
tt0004532,tt0014636,-1.0
tt0004532,tt0014981,-1.1
tt0004532,tt0015116,-1.1
tt0004532,tt0015349,-2.1
tt0004532,tt0015465,-1.7
tt0004532,tt0016394,-1.2
tt0004532,tt0017242,-1.7
tt0004532,tt0017356,0.7
tt0004532,tt0017472,0.3
tt0004532,tt0017841,-1.5
tt0004532,tt0018046,0.5
tt0004532,tt0018700,-0.8
tt0004545,tt0003698,-2.1
tt0004545,tt0003743,-1.1
tt0004545,tt0004013,-0.7
tt0004545,tt0004294,-2.6
tt0004545,tt0004434,-1.3
tt0004545,tt0004635,-1.7
tt0004545,tt0004766,-1.6
tt0004545,tt0004792,-2.6
tt0004545,tt0004866,-0.8
tt0004545,tt0004905,-1.2
tt0004545,tt0005059,-2.5
tt0004545,tt0005060,-2.3
tt0004545,tt0005087,-0.9
tt0004545,tt0005393,-1.3
tt0004545,tt0005402,-2.6
tt0004545,tt0005589,-2.3
tt0004545,tt0006140,-1.7
tt0004545,tt0006243,-1.6
tt0004545,tt0006605,-2.6
tt0004545,tt0006770,-2.0
tt0004545,tt0007038,-2.8
tt0004545,tt0007473,-2.1
tt0004545,tt0007857,-3.1
tt0004545,tt0008150,-2.4
tt0004545,tt0008519,-2.2
tt0004545,tt0008786,-2.0
tt0004545,tt0009440,-2.2
tt0004545,tt0009650,-1.0
tt0004545,tt0009702,-1.4
tt0004545,tt0009781,-3.3
tt0004545,tt0009796,-2.7
tt0004545,tt0010071,-2.6
tt0004545,tt0010137,-2.0
tt0004545,tt0010418,-3.0
tt0004545,tt0011716,-1.8
tt0004545,tt0011865,-2.7
tt0004545,tt0011909,-2.6
tt0004545,tt0012181,-2.7
tt0004545,tt0012187,-2.6
tt0004545,tt0013372,-2.3
tt0004545,tt0013574,-2.7
tt0004545,tt0013817,-1.8
tt0004545,tt0014532,-2.8
tt0004545,tt0014881,-2.6
tt0004545,tt0015433,-2.2
tt0004545,tt0015867,-3.0
tt0004545,tt0016294,-2.3
tt0004545,tt0017519,-2.7
tt0004545,tt0018054,-3.3
tt0004555,tt0016874,-0.8
tt0004555,tt0018179,0.5
tt0004555,tt0018618,0.6
tt0004573,tt0003431,0.8
tt0004573,tt0003565,0.2
tt0004593,tt0003771,-0.1
tt0004593,tt0006631,0.7
tt0004593,tt0007118,-1.0
tt0004630,tt0005979,0.3
tt0004630,tt0006557,0.4
tt0004630,tt0009306,0.1
tt0004630,tt0012836,0.6
tt0004633,tt0007201,0.6
tt0004635,tt0003698,-0.4
tt0004635,tt0004294,0.1
tt0004635,tt0004792,0.1
tt0004635,tt0005059,0.2
tt0004635,tt0005060,0.4
tt0004635,tt0005402,0.1
tt0004635,tt0005589,0.4
tt0004635,tt0005879,0.6
tt0004635,tt0005984,-0.1
tt0004635,tt0006605,0.1
tt0004635,tt0006770,0.7
tt0004635,tt0007038,-0.1
tt0004635,tt0007473,0.6
tt0004635,tt0007857,-0.4
tt0004635,tt0008150,0.3
tt0004635,tt0008266,0.9
tt0004635,tt0008519,0.5
tt0004635,tt0008786,0.7
tt0004635,tt0009440,0.5
tt0004635,tt0009704,0.1
tt0004635,tt0009781,-0.6
tt0004635,tt0009796,0.0
tt0004635,tt0010071,0.1
tt0004635,tt0010137,0.7
tt0004635,tt0010418,-0.3
tt0004635,tt0010566,-0.6
tt0004635,tt0011716,0.9
tt0004635,tt0011865,0.0
tt0004635,tt0011909,0.1
tt0004635,tt0012181,0.0
tt0004635,tt0012187,0.1
tt0004635,tt0013372,0.4
tt0004635,tt0013574,0.0
tt0004635,tt0013817,0.9
tt0004635,tt0013902,-0.3
tt0004635,tt0014532,-0.1
tt0004635,tt0014881,0.1
tt0004635,tt0015433,0.5
tt0004635,tt0015867,-0.3
tt0004635,tt0016294,0.4
tt0004635,tt0017259,0.5
tt0004635,tt0017519,0.0
tt0004635,tt0018054,-0.6
tt0004651,tt0014223,0.6
tt0004681,tt0003804,0.7
tt0004712,tt0007910,0.7
tt0004727,tt0006413,-2.3
tt0004727,tt0006917,-0.4
tt0004727,tt0008260,-1.9
tt0004727,tt0008353,-2.4
tt0004727,tt0009560,-3.2
tt0004727,tt0010168,-2.4
tt0004727,tt0011428,-2.9
tt0004727,tt0014284,-3.5
tt0004727,tt0014888,-2.0
tt0004727,tt0015248,-2.8
tt0004727,tt0015537,-2.5
tt0004727,tt0018575,-2.7
tt0004727,tt0018813,-3.2
tt0004731,tt0002594,0.6
tt0004731,tt0007100,-0.3
tt0004731,tt0010680,0.9
tt0004740,tt0003657,-0.3
tt0004740,tt0004838,0.4
tt0004740,tt0004874,0.6
tt0004740,tt0005149,0.2
tt0004740,tt0005193,-2.0
tt0004740,tt0005832,0.5
tt0004740,tt0006375,0.2
tt0004740,tt0006517,0.4
tt0004740,tt0008044,-0.4
tt0004740,tt0008951,0.9
tt0004740,tt0009960,-0.6
tt0004740,tt0010032,-0.4
tt0004740,tt0011091,0.2
tt0004740,tt0012227,0.4
tt0004740,tt0014024,0.3
tt0004740,tt0016523,-0.9
tt0004740,tt0016880,0.0
tt0004743,tt0003987,0.1
tt0004757,tt0005921,0.4
tt0004766,tt0003698,0.5
tt0004766,tt0004294,0.0
tt0004766,tt0004635,0.9
tt0004766,tt0004792,0.0
tt0004766,tt0005059,0.1
tt0004766,tt0005060,0.3
tt0004766,tt0005402,0.0
tt0004766,tt0005589,0.3
tt0004766,tt0006140,0.9
tt0004766,tt0006605,0.0
tt0004766,tt0006770,0.6
tt0004766,tt0007038,-0.2
tt0004766,tt0007473,0.5
tt0004766,tt0007857,-0.5
tt0004766,tt0008150,0.2
tt0004766,tt0008519,0.4
tt0004766,tt0008786,0.6
tt0004766,tt0009440,0.4
tt0004766,tt0009781,-0.7
tt0004766,tt0009796,-0.1
tt0004766,tt0010071,0.0
tt0004766,tt0010137,0.6
tt0004766,tt0010418,-0.4
tt0004766,tt0011716,0.8
tt0004766,tt0011865,-0.1
tt0004766,tt0011909,0.0
tt0004766,tt0012181,-0.1
tt0004766,tt0012187,0.0
tt0004766,tt0013372,0.3
tt0004766,tt0013574,-0.1
tt0004766,tt0013817,0.8
tt0004766,tt0014532,-0.2
tt0004766,tt0014881,0.0
tt0004766,tt0015433,0.4
tt0004766,tt0015867,-0.4
tt0004766,tt0016294,0.3
tt0004766,tt0017519,-0.1
tt0004766,tt0018054,-0.7
tt0004792,tt0007038,0.8
tt0004792,tt0007857,0.5
tt0004792,tt0009781,0.3
tt0004792,tt0009796,0.9
tt0004792,tt0010418,0.6
tt0004792,tt0011865,0.9
tt0004792,tt0012181,0.9
tt0004792,tt0013574,0.9
tt0004792,tt0014532,0.8
tt0004792,tt0015867,0.6
tt0004792,tt0017519,0.9
tt0004792,tt0018054,0.3
tt0004816,tt0005392,0.0
tt0004816,tt0006736,0.6
tt0004816,tt0006753,0.6
tt0004816,tt0008309,0.7
tt0004816,tt0008406,-0.2
tt0004816,tt0008915,0.8
tt0004816,tt0009143,0.0
tt0004816,tt0009400,0.5
tt0004816,tt0010049,-0.6
tt0004816,tt0010715,0.9
tt0004816,tt0012565,0.6
tt0004816,tt0013556,0.2
tt0004816,tt0014636,0.6
tt0004816,tt0014981,0.5
tt0004816,tt0015116,0.5
tt0004816,tt0015349,-0.5
tt0004816,tt0015465,-0.1
tt0004816,tt0016394,0.4
tt0004816,tt0017242,-0.1
tt0004816,tt0017841,0.1
tt0004816,tt0018700,0.8
tt0004825,tt0004872,0.9
tt0004825,tt0005041,0.8
tt0004825,tt0006755,0.8
tt0004825,tt0007678,0.8
tt0004825,tt0008443,0.7
tt0004825,tt0008891,0.5
tt0004825,tt0009020,0.1
tt0004825,tt0009567,0.8
tt0004825,tt0011387,0.8
tt0004825,tt0011785,0.3
tt0004825,tt0013332,0.8
tt0004825,tt0014158,-0.1
tt0004825,tt0014602,0.4
tt0004825,tt0015492,0.8
tt0004829,tt0005733,-1.1
tt0004832,tt0005927,0.0
tt0004833,tt0005790,0.5
tt0004833,tt0007614,0.6
tt0004833,tt0009128,0.7
tt0004837,tt0012583,0.5
tt0004838,tt0003657,0.3
tt0004838,tt0005149,0.8
tt0004838,tt0005193,-1.4
tt0004838,tt0006375,0.8
tt0004838,tt0008044,0.2
tt0004838,tt0009960,0.0
tt0004838,tt0010032,0.2
tt0004838,tt0011091,0.8
tt0004838,tt0014024,0.9
tt0004838,tt0016523,-0.3
tt0004838,tt0016880,0.6
tt0004846,tt0004336,0.2
tt0004846,tt0006160,0.4
tt0004846,tt0013950,-0.3
tt0004847,tt0002555,0.5
tt0004847,tt0003309,0.8
tt0004847,tt0003630,0.5
tt0004847,tt0003735,-0.2
tt0004847,tt0004712,-1.1
tt0004847,tt0004869,0.9
tt0004847,tt0006666,-0.5
tt0004847,tt0006893,0.7
tt0004847,tt0007005,0.5
tt0004847,tt0007012,0.8
tt0004847,tt0007910,-1.4
tt0004847,tt0008558,0.9
tt0004847,tt0008725,-0.7
tt0004847,tt0008810,0.8
tt0004847,tt0008826,-0.6
tt0004847,tt0009419,0.0
tt0004847,tt0009622,0.7
tt0004847,tt0009754,0.8
tt0004847,tt0009771,0.4
tt0004847,tt0009853,-0.3
tt0004847,tt0010358,-0.7
tt0004847,tt0011011,0.2
tt0004847,tt0011137,0.4
tt0004847,tt0012192,-0.1
tt0004847,tt0012365,-0.1
tt0004847,tt0013619,-0.8
tt0004847,tt0014171,0.4
tt0004847,tt0014191,-0.3
tt0004847,tt0015339,-0.7
tt0004847,tt0016384,-0.7
tt0004847,tt0016850,-0.7
tt0004847,tt0016930,0.3
tt0004847,tt0017462,0.1
tt0004847,tt0017946,-0.3
tt0004847,tt0018159,-0.5
tt0004854,tt0002305,-0.4
tt0004854,tt0006688,0.8
tt0004854,tt0007368,0.9
tt0004854,tt0018646,-0.1
tt0004866,tt0003698,-1.3
tt0004866,tt0003743,-0.3
tt0004866,tt0003774,0.4
tt0004866,tt0004208,0.3
tt0004866,tt0004294,-0.8
tt0004866,tt0004314,0.5
tt0004866,tt0004434,-0.5
tt0004866,tt0004635,-0.9
tt0004866,tt0004766,0.2
tt0004866,tt0004792,-0.8
tt0004866,tt0004905,0.6
tt0004866,tt0005059,-0.7
tt0004866,tt0005060,-0.5
tt0004866,tt0005087,0.9
tt0004866,tt0005393,0.5
tt0004866,tt0005402,-0.8
tt0004866,tt0005589,-0.5
tt0004866,tt0005879,-0.3
tt0004866,tt0005984,-1.0
tt0004866,tt0006140,0.1
tt0004866,tt0006243,0.2
tt0004866,tt0006605,-0.8
tt0004866,tt0006770,-0.2
tt0004866,tt0007038,-1.0
tt0004866,tt0007473,-0.3
tt0004866,tt0007857,-1.3
tt0004866,tt0008150,-0.6
tt0004866,tt0008266,0.0
tt0004866,tt0008519,-0.4
tt0004866,tt0008786,-0.2
tt0004866,tt0009440,-0.4
tt0004866,tt0009650,0.8
tt0004866,tt0009702,0.4
tt0004866,tt0009704,-0.8
tt0004866,tt0009781,-1.5
tt0004866,tt0009796,-0.9
tt0004866,tt0009892,0.4
tt0004866,tt0010071,-0.8
tt0004866,tt0010137,-0.2
tt0004866,tt0010418,-1.2
tt0004866,tt0010515,0.2
tt0004866,tt0010566,-1.5
tt0004866,tt0011716,0.0
tt0004866,tt0011865,-0.9
tt0004866,tt0011909,-0.8
tt0004866,tt0012181,-0.9
tt0004866,tt0012187,-0.8
tt0004866,tt0013372,-0.5
tt0004866,tt0013574,-0.9
tt0004866,tt0013817,0.0
tt0004866,tt0013902,-1.2
tt0004866,tt0014532,-1.0
tt0004866,tt0014881,-0.8
tt0004866,tt0015433,-0.4
tt0004866,tt0015867,-1.2
tt0004866,tt0016294,-0.5
tt0004866,tt0017141,0.5
tt0004866,tt0017259,-0.4
tt0004866,tt0017519,-0.9
tt0004866,tt0018054,-1.5
tt0004869,tt0002555,0.6
tt0004869,tt0003309,0.9
tt0004869,tt0003630,0.6
tt0004869,tt0003735,-0.1
tt0004869,tt0004712,-1.0
tt0004869,tt0006666,-0.4
tt0004869,tt0006893,0.8
tt0004869,tt0007005,0.6
tt0004869,tt0007012,0.9
tt0004869,tt0007910,-1.3
tt0004869,tt0008725,-0.6
tt0004869,tt0008810,0.9
tt0004869,tt0008826,-0.5
tt0004869,tt0009419,0.1
tt0004869,tt0009622,0.8
tt0004869,tt0009754,0.9
tt0004869,tt0009771,0.5
tt0004869,tt0009853,-0.2
tt0004869,tt0010358,-0.6
tt0004869,tt0011011,0.3
tt0004869,tt0011137,0.5
tt0004869,tt0012192,0.0
tt0004869,tt0012365,0.0
tt0004869,tt0013619,-0.7
tt0004869,tt0014171,0.5
tt0004869,tt0014191,-0.2
tt0004869,tt0015339,-0.6
tt0004869,tt0016384,-0.6
tt0004869,tt0016850,-0.6
tt0004869,tt0016930,0.4
tt0004869,tt0017462,0.2
tt0004869,tt0017946,-0.2
tt0004869,tt0018159,-0.4
tt0004872,tt0005041,0.9
tt0004872,tt0006755,0.9
tt0004872,tt0007678,0.9
tt0004872,tt0008443,0.8
tt0004872,tt0008891,0.6
tt0004872,tt0009020,0.2
tt0004872,tt0009567,0.9
tt0004872,tt0011387,0.9
tt0004872,tt0011785,0.4
tt0004872,tt0013332,0.9
tt0004872,tt0014158,0.0
tt0004872,tt0014602,0.5
tt0004872,tt0015492,0.9
tt0004874,tt0002669,-0.1
tt0004874,tt0003657,0.1
tt0004874,tt0004838,0.8
tt0004874,tt0005149,-0.4
tt0004874,tt0005193,-2.6
tt0004874,tt0005832,0.9
tt0004874,tt0006375,0.6
tt0004874,tt0006517,-0.2
tt0004874,tt0008044,0.0
tt0004874,tt0009960,-0.2
tt0004874,tt0010032,0.0
tt0004874,tt0011091,0.6
tt0004874,tt0012227,0.8
tt0004874,tt0014024,0.7
tt0004874,tt0016523,-0.5
tt0004874,tt0016880,0.4
tt0004883,tt0005408,-1.5
tt0004883,tt0006412,-0.6
tt0004883,tt0006489,-0.2
tt0004883,tt0006780,-1.5
tt0004883,tt0007454,-0.6
tt0004883,tt0008544,-1.8
tt0004883,tt0010002,-0.4
tt0004883,tt0010965,-0.3
tt0004883,tt0015570,-0.8
tt0004885,tt0001498,-2.1
tt0004885,tt0003006,-0.2
tt0004885,tt0003442,0.3
tt0004885,tt0004257,-0.4
tt0004885,tt0004306,-2.3
tt0004885,tt0005353,-1.6
tt0004885,tt0007060,0.1
tt0004885,tt0007361,-0.7
tt0004885,tt0009549,-1.1
tt0004885,tt0009741,-0.3
tt0004885,tt0010565,-0.5
tt0004897,tt0005367,-2.3
tt0004897,tt0007271,-2.1
tt0004897,tt0007498,-1.5
tt0004897,tt0007524,-1.8
tt0004897,tt0007769,-2.0
tt0004897,tt0007801,-1.6
tt0004897,tt0007839,-0.1
tt0004897,tt0008076,-0.6
tt0004897,tt0008241,-1.9
tt0004897,tt0008521,0.8
tt0004897,tt0008677,-0.8
tt0004897,tt0009573,-1.5
tt0004897,tt0009601,-2.5
tt0004897,tt0009637,-2.2
tt0004897,tt0010377,-0.8
tt0004897,tt0010700,-0.6
tt0004897,tt0010912,-1.0
tt0004897,tt0011133,-1.7
tt0004897,tt0011325,-2.3
tt0004897,tt0011353,-1.6
tt0004897,tt0012600,-1.7
tt0004897,tt0014469,-0.8
tt0004897,tt0015168,-1.9
tt0004905,tt0003698,0.1
tt0004905,tt0004294,-0.4
tt0004905,tt0004434,0.9
tt0004905,tt0004635,0.5
tt0004905,tt0004766,0.6
tt0004905,tt0004792,-0.4
tt0004905,tt0005059,-0.3
tt0004905,tt0005060,-0.1
tt0004905,tt0005393,0.9
tt0004905,tt0005402,-0.4
tt0004905,tt0005589,-0.1
tt0004905,tt0006140,0.5
tt0004905,tt0006243,0.6
tt0004905,tt0006605,-0.4
tt0004905,tt0006770,0.2
tt0004905,tt0007038,-0.6
tt0004905,tt0007473,0.1
tt0004905,tt0007857,-0.9
tt0004905,tt0008150,-0.2
tt0004905,tt0008519,0.0
tt0004905,tt0008786,0.2
tt0004905,tt0009440,0.0
tt0004905,tt0009702,0.8
tt0004905,tt0009781,-1.1
tt0004905,tt0009796,-0.5
tt0004905,tt0010071,-0.4
tt0004905,tt0010137,0.2
tt0004905,tt0010418,-0.8
tt0004905,tt0011716,0.4
tt0004905,tt0011865,-0.5
tt0004905,tt0011909,-0.4
tt0004905,tt0012181,-0.5
tt0004905,tt0012187,-0.4
tt0004905,tt0013372,-0.1
tt0004905,tt0013574,-0.5
tt0004905,tt0013817,0.4
tt0004905,tt0014532,-0.6
tt0004905,tt0014881,-0.4
tt0004905,tt0015433,0.0
tt0004905,tt0015867,-0.8
tt0004905,tt0016294,-0.1
tt0004905,tt0017519,-0.5
tt0004905,tt0018054,-1.1
tt0004907,tt0004295,-0.1
tt0004907,tt0004363,0.9
tt0004911,tt0005626,-0.3
tt0004911,tt0006703,0.0
tt0004911,tt0006773,-0.2
tt0004911,tt0010499,-1.1
tt0004911,tt0010548,-1.4
tt0004911,tt0012838,0.2
tt0004911,tt0013978,-0.1
tt0004937,tt0004337,-0.2
tt0004937,tt0006037,0.2
tt0004937,tt0011738,0.9
tt0004938,tt0002406,0.8
tt0004938,tt0009605,-1.8
tt0004938,tt0011277,-1.6
tt0004938,tt0011914,-2.0
tt0004938,tt0014285,-2.5
tt0004942,tt0001285,0.7
tt0004942,tt0007817,-1.1
tt0004942,tt0008787,-2.5
tt0004942,tt0009470,-0.2
tt0004942,tt0010276,0.7
tt0004942,tt0013182,-0.3
tt0004942,tt0014580,-1.3
tt0004962,tt0008362,0.9
tt0004972,tt0003643,0.7
tt0004972,tt0003665,0.8
tt0004972,tt0004181,0.9
tt0004972,tt0006864,-0.5
tt0004972,tt0009109,0.8
tt0004972,tt0009130,0.3
tt0004972,tt0009133,-0.1
tt0004972,tt0009150,0.6
tt0004972,tt0009559,0.9
tt0004972,tt0009968,-0.1
tt0004972,tt0010108,0.4
tt0004972,tt0010484,0.1
tt0004972,tt0010806,0.2
tt0004972,tt0011841,-0.2
tt0004972,tt0012532,-0.2
tt0004972,tt0014672,0.8
tt0004972,tt0015018,0.3
tt0004972,tt0016308,0.5
tt0004972,tt0017419,0.8
tt0004972,tt0018678,0.6
tt0004974,tt0000679,0.6
tt0004974,tt0003816,-0.8
tt0004974,tt0004633,-2.1
tt0004974,tt0005624,0.9
tt0004974,tt0007201,-2.5
tt0004979,tt0002423,-1.1
tt0004979,tt0006707,0.2
tt0004979,tt0006714,0.7
tt0004979,tt0007309,0.0
tt0004979,tt0008854,0.2
tt0004979,tt0008950,-0.4
tt0004979,tt0009062,-0.5
tt0004979,tt0009092,0.8
tt0004979,tt0009893,-1.6
tt0004979,tt0010281,-1.2
tt0004979,tt0010456,-0.4
tt0004979,tt0010497,0.5
tt0004979,tt0010600,-1.8
tt0004979,tt0010612,-0.2
tt0004979,tt0010962,-0.9
tt0004979,tt0011371,-0.9
tt0004979,tt0011641,-0.7
tt0004979,tt0011742,-0.4
tt0004979,tt0011960,-1.3
tt0004979,tt0013741,-0.9
tt0004979,tt0014416,-0.9
tt0004979,tt0014925,-0.4
tt0004979,tt0015119,-1.4
tt0004979,tt0015409,-0.8
tt0004979,tt0015979,-0.7
tt0004979,tt0016004,-1.6
tt0004979,tt0017409,-1.5
tt0004979,tt0018451,-1.9
tt0005005,tt0004272,0.6
tt0005005,tt0008476,0.3
tt0005034,tt0004182,0.7
tt0005034,tt0009278,0.6
tt0005034,tt0009706,0.4
tt0005041,tt0008443,0.9
tt0005041,tt0008891,0.7
tt0005041,tt0009020,0.3
tt0005041,tt0011785,0.5
tt0005041,tt0014158,0.1
tt0005041,tt0014602,0.6
tt0005049,tt0002898,0.6
tt0005049,tt0006456,0.6
tt0005049,tt0006670,0.6
tt0005049,tt0007963,0.1
tt0005049,tt0009205,0.1
tt0005049,tt0011205,0.4
tt0005056,tt0004325,-0.7
tt0005056,tt0005556,-1.8
tt0005056,tt0006008,-0.6
tt0005056,tt0006614,-1.2
tt0005056,tt0006846,-0.6
tt0005056,tt0007340,-0.8
tt0005056,tt0008041,-1.6
tt0005056,tt0011979,-0.5
tt0005056,tt0012769,0.3
tt0005056,tt0012827,-0.1
tt0005056,tt0013917,0.4
tt0005056,tt0017122,0.6
tt0005056,tt0018375,0.4
tt0005059,tt0004294,0.9
tt0005059,tt0004792,0.9
tt0005059,tt0005402,0.9
tt0005059,tt0006605,0.9
tt0005059,tt0007038,0.7
tt0005059,tt0007857,0.4
tt0005059,tt0009781,0.2
tt0005059,tt0009796,0.8
tt0005059,tt0010071,0.9
tt0005059,tt0010418,0.5
tt0005059,tt0011865,0.8
tt0005059,tt0011909,0.9
tt0005059,tt0012181,0.8
tt0005059,tt0012187,0.9
tt0005059,tt0013574,0.8
tt0005059,tt0014532,0.7
tt0005059,tt0014881,0.9
tt0005059,tt0015867,0.5
tt0005059,tt0017519,0.8
tt0005059,tt0018054,0.2
tt0005060,tt0004294,0.7
tt0005060,tt0004792,0.7
tt0005060,tt0005059,0.8
tt0005060,tt0005402,0.7
tt0005060,tt0006605,0.7
tt0005060,tt0007038,0.5
tt0005060,tt0007857,0.2
tt0005060,tt0008150,0.9
tt0005060,tt0009781,0.0
tt0005060,tt0009796,0.6
tt0005060,tt0010071,0.7
tt0005060,tt0010418,0.3
tt0005060,tt0011865,0.6
tt0005060,tt0011909,0.7
tt0005060,tt0012181,0.6
tt0005060,tt0012187,0.7
tt0005060,tt0013574,0.6
tt0005060,tt0014532,0.5
tt0005060,tt0014881,0.7
tt0005060,tt0015867,0.3
tt0005060,tt0017519,0.6
tt0005060,tt0018054,0.0
tt0005061,tt0005879,-0.7
tt0005061,tt0005960,-1.4
tt0005061,tt0007184,0.5
tt0005061,tt0007325,0.5
tt0005061,tt0007697,0.8
tt0005061,tt0008117,0.0
tt0005061,tt0008457,0.4
tt0005061,tt0008671,0.8
tt0005061,tt0009219,0.8
tt0005061,tt0009524,0.4
tt0005061,tt0009832,0.2
tt0005061,tt0010091,0.4
tt0005061,tt0013293,-0.1
tt0005061,tt0015400,-2.3
tt0005061,tt0015776,0.8
tt0005061,tt0016379,0.5
tt0005061,tt0016500,0.4
tt0005061,tt0017089,0.4
tt0005061,tt0017540,-1.4
tt0005061,tt0018118,-0.7
tt0005061,tt0018170,-0.8
tt0005062,tt0003724,0.3
tt0005062,tt0004630,0.0
tt0005062,tt0005979,-0.7
tt0005062,tt0006128,0.3
tt0005062,tt0006557,-0.6
tt0005062,tt0007117,0.5
tt0005062,tt0009306,-0.9
tt0005062,tt0011853,0.4
tt0005062,tt0012836,-0.4
tt0005076,tt0014996,0.2
tt0005076,tt0017201,0.8
tt0005084,tt0006547,-0.7
tt0005084,tt0006859,0.9
tt0005084,tt0007711,0.0
tt0005084,tt0008004,0.1
tt0005084,tt0009454,0.6
tt0005084,tt0009551,-0.2
tt0005087,tt0003698,-0.2
tt0005087,tt0003743,0.8
tt0005087,tt0004294,-0.7
tt0005087,tt0004434,0.6
tt0005087,tt0004635,0.2
tt0005087,tt0004766,0.3
tt0005087,tt0004792,-0.7
tt0005087,tt0004905,0.7
tt0005087,tt0005059,-0.6
tt0005087,tt0005060,-0.4
tt0005087,tt0005393,0.6
tt0005087,tt0005402,-0.7
tt0005087,tt0005589,-0.4
tt0005087,tt0006140,0.2
tt0005087,tt0006243,0.3
tt0005087,tt0006605,-0.7
tt0005087,tt0006770,-0.1
tt0005087,tt0007038,-0.9
tt0005087,tt0007473,-0.2
tt0005087,tt0007857,-1.2
tt0005087,tt0008150,-0.5
tt0005087,tt0008519,-0.3
tt0005087,tt0008786,-0.1
tt0005087,tt0009440,-0.3
tt0005087,tt0009650,0.9
tt0005087,tt0009702,0.5
tt0005087,tt0009781,-1.4
tt0005087,tt0009796,-0.8
tt0005087,tt0010071,-0.7
tt0005087,tt0010137,-0.1
tt0005087,tt0010418,-1.1
tt0005087,tt0011716,0.1
tt0005087,tt0011865,-0.8
tt0005087,tt0011909,-0.7
tt0005087,tt0012181,-0.8
tt0005087,tt0012187,-0.7
tt0005087,tt0013372,-0.4
tt0005087,tt0013574,-0.8
tt0005087,tt0013817,0.1
tt0005087,tt0014532,-0.9
tt0005087,tt0014881,-0.7
tt0005087,tt0015433,-0.3
tt0005087,tt0015867,-1.1
tt0005087,tt0016294,-0.4
tt0005087,tt0017519,-0.8
tt0005087,tt0018054,-1.4
tt0005095,tt0007453,0.3
tt0005099,tt0004112,-0.8
tt0005099,tt0015157,0.1
tt0005099,tt0017105,-0.6
tt0005099,tt0017772,-0.3
tt0005099,tt0018197,-1.2
tt0005099,tt0018794,-0.2
tt0005100,tt0005592,0.7
tt0005100,tt0006568,0.2
tt0005100,tt0007539,0.8
tt0005100,tt0007927,-0.5
tt0005100,tt0008201,-0.1
tt0005100,tt0009480,0.7
tt0005100,tt0011952,-1.5
tt0005100,tt0012555,-0.3
tt0005100,tt0012864,0.1
tt0005100,tt0014499,0.2
tt0005100,tt0015224,-0.3
tt0005100,tt0016030,-1.2
tt0005100,tt0016403,0.5
tt0005100,tt0016634,-0.3
tt0005100,tt0016762,0.1
tt0005100,tt0017033,-0.2
tt0005100,tt0018429,0.9
tt0005149,tt0002669,0.3
tt0005149,tt0003657,0.5
tt0005149,tt0005193,-2.2
tt0005149,tt0008044,0.4
tt0005149,tt0009960,0.2
tt0005149,tt0010032,0.4
tt0005149,tt0016523,-0.1
tt0005149,tt0016880,0.8
tt0005160,tt0002605,0.6
tt0005160,tt0003724,0.6
tt0005160,tt0012405,0.3
tt0005160,tt0012920,-0.2
tt0005163,tt0004825,0.6
tt0005163,tt0004872,0.5
tt0005163,tt0005041,0.4
tt0005163,tt0006755,0.4
tt0005163,tt0007678,0.4
tt0005163,tt0008011,0.9
tt0005163,tt0008443,0.3
tt0005163,tt0008458,0.8
tt0005163,tt0008891,0.1
tt0005163,tt0009020,-0.3
tt0005163,tt0009523,0.7
tt0005163,tt0009567,0.4
tt0005163,tt0009969,0.6
tt0005163,tt0010844,0.6
tt0005163,tt0010882,0.7
tt0005163,tt0011387,0.4
tt0005163,tt0011785,-0.1
tt0005163,tt0013332,0.4
tt0005163,tt0014158,-0.5
tt0005163,tt0014602,0.0
tt0005163,tt0015492,0.4
tt0005163,tt0016150,0.6
tt0005172,tt0004962,-0.2
tt0005172,tt0005200,0.5
tt0005172,tt0006588,0.2
tt0005172,tt0007160,0.1
tt0005172,tt0007260,0.7
tt0005172,tt0008362,-0.3
tt0005172,tt0008571,0.4
tt0005172,tt0008623,0.7
tt0005172,tt0008783,0.4
tt0005172,tt0008918,0.6
tt0005172,tt0009550,-0.1
tt0005172,tt0009826,0.0
tt0005180,tt0006942,0.4
tt0005192,tt0005363,0.6
tt0005195,tt0005604,0.9
tt0005195,tt0006358,-1.3
tt0005195,tt0006417,0.4
tt0005195,tt0006570,-0.1
tt0005195,tt0008411,-0.1
tt0005195,tt0008687,0.0
tt0005195,tt0009209,-0.9
tt0005195,tt0009241,0.0
tt0005195,tt0009879,-1.2
tt0005195,tt0009987,-0.5
tt0005195,tt0011313,-0.4
tt0005195,tt0011522,-0.4
tt0005195,tt0011721,-0.8
tt0005195,tt0012476,-0.5
tt0005195,tt0012855,-0.4
tt0005195,tt0017000,-0.5
tt0005200,tt0004962,0.3
tt0005200,tt0006588,0.7
tt0005200,tt0007160,0.6
tt0005200,tt0008362,0.2
tt0005200,tt0008571,0.9
tt0005200,tt0008783,0.9
tt0005200,tt0009550,0.4
tt0005200,tt0009826,0.5
tt0005209,tt0010404,-0.3
tt0005209,tt0010505,-0.3
tt0005214,tt0002305,-1.4
tt0005214,tt0003838,0.4
tt0005214,tt0004038,0.8
tt0005214,tt0004223,0.0
tt0005214,tt0004854,0.0
tt0005214,tt0005600,0.7
tt0005214,tt0005719,0.5
tt0005214,tt0006592,0.3
tt0005214,tt0006688,-0.2
tt0005214,tt0007257,0.9
tt0005214,tt0007368,-0.1
tt0005214,tt0008031,0.7
tt0005214,tt0012937,0.2
tt0005214,tt0014689,0.3
tt0005214,tt0016097,0.4
tt0005214,tt0018646,-1.1
tt0005214,tt0018853,0.8
tt0005231,tt0011318,0.1
tt0005232,tt0010008,-0.2
tt0005250,tt0003301,-0.2
tt0005250,tt0003804,-0.5
tt0005250,tt0004027,0.8
tt0005250,tt0004681,0.8
tt0005250,tt0008561,0.7
tt0005250,tt0010490,0.3
tt0005295,tt0002898,0.4
tt0005295,tt0005049,0.8
tt0005295,tt0006456,0.4
tt0005295,tt0006670,0.4
tt0005295,tt0007963,-0.1
tt0005295,tt0009205,-0.1
tt0005295,tt0010616,0.8
tt0005295,tt0011205,0.2
tt0005298,tt0004182,0.3
tt0005298,tt0005034,0.6
tt0005298,tt0008489,0.8
tt0005298,tt0009278,0.2
tt0005298,tt0009706,0.0
tt0005302,tt0003670,0.9
tt0005302,tt0005180,0.3
tt0005302,tt0005756,0.6
tt0005302,tt0005945,0.7
tt0005302,tt0006942,-0.3
tt0005332,tt0002262,0.9
tt0005332,tt0005530,-0.4
tt0005332,tt0006332,0.4
tt0005332,tt0006611,0.1
tt0005332,tt0006698,-0.6
tt0005332,tt0006713,0.1
tt0005332,tt0007232,0.0
tt0005332,tt0007679,0.7
tt0005332,tt0008279,0.0
tt0005332,tt0008803,0.1
tt0005332,tt0009014,0.2
tt0005332,tt0009031,0.6
tt0005332,tt0010307,-1.5
tt0005332,tt0014417,-1.3
tt0005332,tt0018192,-2.0
tt0005334,tt0007514,0.2
tt0005334,tt0009176,0.3
tt0005334,tt0009425,-0.1
tt0005334,tt0010020,-0.2
tt0005334,tt0011001,0.3
tt0005334,tt0012317,-1.3
tt0005334,tt0014468,0.2
tt0005334,tt0014588,-0.2
tt0005334,tt0015831,-0.1
tt0005334,tt0017891,0.9
tt0005334,tt0017998,-0.9
tt0005352,tt0004816,0.7
tt0005352,tt0005392,-0.3
tt0005352,tt0006428,0.9
tt0005352,tt0006637,-0.3
tt0005352,tt0006736,0.3
tt0005352,tt0006753,0.3
tt0005352,tt0006831,0.5
tt0005352,tt0006861,0.7
tt0005352,tt0008309,0.4
tt0005352,tt0008406,-0.5
tt0005352,tt0008608,0.2
tt0005352,tt0008915,0.5
tt0005352,tt0009142,0.7
tt0005352,tt0009143,-0.3
tt0005352,tt0009400,0.2
tt0005352,tt0010049,-0.9
tt0005352,tt0010162,0.7
tt0005352,tt0010715,0.6
tt0005352,tt0012565,0.3
tt0005352,tt0013556,-0.1
tt0005352,tt0014636,0.3
tt0005352,tt0014981,0.2
tt0005352,tt0015116,0.2
tt0005352,tt0015349,-0.8
tt0005352,tt0015465,-0.4
tt0005352,tt0016394,0.1
tt0005352,tt0017242,-0.4
tt0005352,tt0017841,-0.2
tt0005352,tt0018700,0.5
tt0005353,tt0001498,0.5
tt0005353,tt0004306,0.3
tt0005367,tt0009601,0.8
tt0005368,tt0004465,-0.3
tt0005368,tt0007339,-0.8
tt0005368,tt0009991,-0.1
tt0005368,tt0010114,0.7
tt0005377,tt0005561,-1.1
tt0005377,tt0006482,0.5
tt0005377,tt0006865,0.3
tt0005377,tt0007000,-1.4
tt0005377,tt0007590,0.3
tt0005377,tt0008305,-0.2
tt0005377,tt0008652,0.4
tt0005377,tt0010419,0.0
tt0005377,tt0010572,0.7
tt0005377,tt0010859,0.7
tt0005377,tt0010920,0.4
tt0005377,tt0011695,0.4
tt0005377,tt0013104,0.1
tt0005377,tt0013450,-0.1
tt0005377,tt0013841,0.0
tt0005377,tt0014619,0.0
tt0005377,tt0014721,0.6
tt0005377,tt0015310,-0.6
tt0005377,tt0016541,-0.6
tt0005377,tt0017751,0.0
tt0005377,tt0018622,0.1
tt0005381,tt0005823,0.5
tt0005381,tt0006359,0.5
tt0005381,tt0006809,0.5
tt0005381,tt0006914,0.6
tt0005381,tt0006995,0.0
tt0005381,tt0007367,0.6
tt0005381,tt0007873,0.2
tt0005381,tt0008134,-0.3
tt0005381,tt0008498,0.3
tt0005381,tt0008775,0.0
tt0005381,tt0013502,-0.6
tt0005384,tt0005809,0.4
tt0005384,tt0005905,0.1
tt0005384,tt0009615,-0.1
tt0005392,tt0008406,0.8
tt0005392,tt0010049,0.4
tt0005392,tt0015349,0.5
tt0005392,tt0015465,0.9
tt0005392,tt0017242,0.9
tt0005393,tt0003698,0.2
tt0005393,tt0004294,-0.3
tt0005393,tt0004635,0.6
tt0005393,tt0004766,0.7
tt0005393,tt0004792,-0.3
tt0005393,tt0005059,-0.2
tt0005393,tt0005060,0.0
tt0005393,tt0005402,-0.3
tt0005393,tt0005589,0.0
tt0005393,tt0006140,0.6
tt0005393,tt0006243,0.7
tt0005393,tt0006605,-0.3
tt0005393,tt0006770,0.3
tt0005393,tt0007038,-0.5
tt0005393,tt0007473,0.2
tt0005393,tt0007857,-0.8
tt0005393,tt0008150,-0.1
tt0005393,tt0008519,0.1
tt0005393,tt0008786,0.3
tt0005393,tt0009440,0.1
tt0005393,tt0009702,0.9
tt0005393,tt0009781,-1.0
tt0005393,tt0009796,-0.4
tt0005393,tt0010071,-0.3
tt0005393,tt0010137,0.3
tt0005393,tt0010418,-0.7
tt0005393,tt0011716,0.5
tt0005393,tt0011865,-0.4
tt0005393,tt0011909,-0.3
tt0005393,tt0012181,-0.4
tt0005393,tt0012187,-0.3
tt0005393,tt0013372,0.0
tt0005393,tt0013574,-0.4
tt0005393,tt0013817,0.5
tt0005393,tt0014532,-0.5
tt0005393,tt0014881,-0.3
tt0005393,tt0015433,0.1
tt0005393,tt0015867,-0.7
tt0005393,tt0016294,0.0
tt0005393,tt0017519,-0.4
tt0005393,tt0018054,-1.0
tt0005400,tt0003324,0.4
tt0005400,tt0005579,0.9
tt0005400,tt0013538,0.6
tt0005400,tt0014858,-0.5
tt0005400,tt0017077,0.1
tt0005402,tt0007038,0.8
tt0005402,tt0007857,0.5
tt0005402,tt0009781,0.3
tt0005402,tt0009796,0.9
tt0005402,tt0010418,0.6
tt0005402,tt0011865,0.9
tt0005402,tt0012181,0.9
tt0005402,tt0013574,0.9
tt0005402,tt0014532,0.8
tt0005402,tt0015867,0.6
tt0005402,tt0017519,0.9
tt0005402,tt0018054,0.3
tt0005405,tt0003771,-0.3
tt0005405,tt0004593,0.8
tt0005405,tt0006631,0.5
tt0005405,tt0007118,-1.2
tt0005408,tt0005054,-0.2
tt0005408,tt0007230,0.7
tt0005408,tt0008544,0.7
tt0005411,tt0007220,-2.9
tt0005415,tt0008622,-0.8
tt0005415,tt0010134,0.8
tt0005415,tt0016524,-0.7
tt0005416,tt0003752,0.7
tt0005416,tt0005384,0.0
tt0005416,tt0005809,-0.6
tt0005416,tt0005905,-0.9
tt0005416,tt0007684,0.5
tt0005416,tt0009615,-1.1
tt0005423,tt0004337,-0.2
tt0005423,tt0006037,0.2
tt0005423,tt0011738,0.9
tt0005452,tt0004369,0.8
tt0005452,tt0005716,-0.2
tt0005452,tt0007142,-0.4
tt0005452,tt0009369,0.7
tt0005452,tt0012107,0.7
tt0005452,tt0013451,0.0
tt0005452,tt0016469,0.8
tt0005452,tt0016640,0.4
tt0005452,tt0017831,0.5
tt0005460,tt0004369,0.6
tt0005460,tt0005452,0.8
tt0005460,tt0005716,-0.4
tt0005460,tt0007142,-0.6
tt0005460,tt0009369,0.5
tt0005460,tt0012107,0.5
tt0005460,tt0013451,-0.2
tt0005460,tt0016469,0.6
tt0005460,tt0016640,0.2
tt0005460,tt0017831,0.3
tt0005513,tt0006011,-1.4
tt0005513,tt0006819,-0.3
tt0005513,tt0007111,0.0
tt0005513,tt0007702,-1.1
tt0005513,tt0009011,-0.6
tt0005513,tt0009677,-1.7
tt0005513,tt0009878,-1.4
tt0005513,tt0010502,0.0
tt0005513,tt0010596,0.8
tt0005513,tt0010622,-1.4
tt0005513,tt0010821,-0.8
tt0005513,tt0011617,-0.3
tt0005513,tt0012368,-0.2
tt0005513,tt0012386,-1.6
tt0005513,tt0013342,-0.9
tt0005513,tt0014762,-1.1
tt0005513,tt0016814,-1.4
tt0005513,tt0018739,-0.8
tt0005514,tt0005513,0.4
tt0005514,tt0006011,-2.0
tt0005514,tt0006819,-0.9
tt0005514,tt0007111,-0.6
tt0005514,tt0007702,-1.7
tt0005514,tt0009011,-1.2
tt0005514,tt0009677,-2.3
tt0005514,tt0009878,-2.0
tt0005514,tt0010502,-0.6
tt0005514,tt0010596,0.2
tt0005514,tt0010622,-2.0
tt0005514,tt0010821,-1.4
tt0005514,tt0011617,-0.9
tt0005514,tt0012368,-0.8
tt0005514,tt0012386,-2.2
tt0005514,tt0013342,-1.5
tt0005514,tt0014762,-1.7
tt0005514,tt0016814,-2.0
tt0005514,tt0018739,-1.4
tt0005529,tt0004066,0.8
tt0005529,tt0013257,0.0
tt0005529,tt0016783,0.9
tt0005529,tt0018166,0.8
tt0005530,tt0006698,0.8
tt0005530,tt0010307,-0.1
tt0005530,tt0014417,0.1
tt0005530,tt0018192,-0.6
tt0005535,tt0018137,0.6
tt0005537,tt0002898,0.4
tt0005537,tt0005049,0.8
tt0005537,tt0006456,0.4
tt0005537,tt0006670,0.4
tt0005537,tt0007963,-0.1
tt0005537,tt0009205,-0.1
tt0005537,tt0010616,0.8
tt0005537,tt0011205,0.2
tt0005553,tt0003657,-1.3
tt0005553,tt0004740,0.0
tt0005553,tt0004838,-0.6
tt0005553,tt0004874,-0.4
tt0005553,tt0005149,-0.8
tt0005553,tt0005193,-3.0
tt0005553,tt0005832,-0.5
tt0005553,tt0006375,-0.8
tt0005553,tt0006517,-0.6
tt0005553,tt0008022,0.5
tt0005553,tt0008044,-1.4
tt0005553,tt0008951,-0.1
tt0005553,tt0009960,-1.6
tt0005553,tt0010032,-1.4
tt0005553,tt0011091,-0.8
tt0005553,tt0012227,-0.6
tt0005553,tt0012706,0.4
tt0005553,tt0014024,-0.7
tt0005553,tt0016523,-1.9
tt0005553,tt0016880,-1.0
tt0005554,tt0008294,0.9
tt0005561,tt0007000,0.7
tt0005562,tt0002820,-0.8
tt0005562,tt0004238,0.0
tt0005562,tt0004837,-1.0
tt0005562,tt0006467,-1.0
tt0005562,tt0012583,-1.5
tt0005562,tt0013570,-0.6
tt0005562,tt0014414,0.4
tt0005566,tt0009882,0.3
tt0005579,tt0003324,0.5
tt0005579,tt0013538,0.7
tt0005579,tt0014858,-0.4
tt0005579,tt0017077,0.2
tt0005581,tt0006385,-0.3
tt0005589,tt0004294,0.7
tt0005589,tt0004792,0.7
tt0005589,tt0005059,0.8
tt0005589,tt0005402,0.7
tt0005589,tt0006605,0.7
tt0005589,tt0007038,0.5
tt0005589,tt0007857,0.2
tt0005589,tt0008150,0.9
tt0005589,tt0009781,0.0
tt0005589,tt0009796,0.6
tt0005589,tt0010071,0.7
tt0005589,tt0010418,0.3
tt0005589,tt0011865,0.6
tt0005589,tt0011909,0.7
tt0005589,tt0012181,0.6
tt0005589,tt0012187,0.7
tt0005589,tt0013574,0.6
tt0005589,tt0014532,0.5
tt0005589,tt0014881,0.7
tt0005589,tt0015867,0.3
tt0005589,tt0017519,0.6
tt0005589,tt0018054,0.0
tt0005592,tt0006568,0.5
tt0005592,tt0007927,-0.2
tt0005592,tt0008201,0.2
tt0005592,tt0011952,-1.2
tt0005592,tt0012555,0.0
tt0005592,tt0012864,0.4
tt0005592,tt0014499,0.5
tt0005592,tt0015224,0.0
tt0005592,tt0016030,-0.9
tt0005592,tt0016403,0.8
tt0005592,tt0016634,0.0
tt0005592,tt0016762,0.4
tt0005592,tt0017033,0.1
tt0005600,tt0002305,-1.1
tt0005600,tt0003838,0.7
tt0005600,tt0004223,0.3
tt0005600,tt0004854,0.3
tt0005600,tt0005719,0.8
tt0005600,tt0006592,0.6
tt0005600,tt0006688,0.1
tt0005600,tt0007368,0.2
tt0005600,tt0012937,0.5
tt0005600,tt0014689,0.6
tt0005600,tt0016097,0.7
tt0005600,tt0018646,-0.8
tt0005604,tt0006358,-1.2
tt0005604,tt0006417,0.5
tt0005604,tt0006570,0.0
tt0005604,tt0008687,0.1
tt0005604,tt0009209,-0.8
tt0005604,tt0009241,0.1
tt0005604,tt0009879,-1.1
tt0005604,tt0009987,-0.4
tt0005604,tt0011313,-0.3
tt0005604,tt0011522,-0.3
tt0005604,tt0011721,-0.7
tt0005604,tt0012476,-0.4
tt0005604,tt0012855,-0.3
tt0005613,tt0006745,-0.2
tt0005613,tt0009721,-0.4
tt0005613,tt0010227,0.9
tt0005613,tt0010267,0.5
tt0005613,tt0013093,-0.6
tt0005613,tt0013512,0.8
tt0005613,tt0013611,0.2
tt0005613,tt0013624,0.9
tt0005613,tt0013688,0.6
tt0005613,tt0013886,0.9
tt0005613,tt0014600,0.4
tt0005613,tt0014982,0.3
tt0005613,tt0015909,0.4
tt0005613,tt0016646,0.5
tt0005613,tt0016812,0.0
tt0005613,tt0018297,0.6
tt0005613,tt0018825,-0.1
tt0005621,tt0006299,-0.5
tt0005621,tt0012087,0.7
tt0005621,tt0014051,0.6
tt0005624,tt0000679,0.7
tt0005624,tt0003816,-0.7
tt0005624,tt0004633,-2.0
tt0005624,tt0007201,-2.4
tt0005626,tt0010499,0.2
tt0005626,tt0010548,-0.1
tt0005636,tt0003670,0.3
tt0005636,tt0003772,0.8
tt0005636,tt0005180,-0.3
tt0005636,tt0005302,0.4
tt0005636,tt0005756,0.0
tt0005636,tt0005945,0.1
tt0005636,tt0006942,-0.9
tt0005636,tt0007415,0.8
tt0005636,tt0010292,0.7
tt0005642,tt0007057,0.5
tt0005642,tt0010712,0.9
tt0005642,tt0014149,0.9
tt0005667,tt0003815,-3.1
tt0005680,tt0006997,0.7
tt0005682,tt0002199,0.3
tt0005682,tt0006027,-0.8
tt0005682,tt0007202,0.1
tt0005682,tt0013682,-0.1
tt0005682,tt0014100,-0.3
tt0005682,tt0014205,-0.2
tt0005682,tt0015004,-1.0
tt0005682,tt0015145,0.2
tt0005682,tt0016601,0.2
tt0005682,tt0017757,-0.5
tt0005683,tt0006386,0.5
tt0005683,tt0008672,0.9
tt0005683,tt0009694,0.6
tt0005683,tt0010247,-0.3
tt0005683,tt0010755,0.0
tt0005683,tt0011157,0.4
tt0005683,tt0012334,0.0
tt0005683,tt0014108,-0.2
tt0005683,tt0014109,-0.2
tt0005683,tt0018014,0.1
tt0005689,tt0006482,0.8
tt0005700,tt0008307,0.9
tt0005700,tt0008939,-1.4
tt0005700,tt0008954,-1.1
tt0005700,tt0009527,0.0
tt0005700,tt0011880,0.3
tt0005700,tt0015623,0.5
tt0005700,tt0018018,0.1
tt0005716,tt0007142,0.8
tt0005719,tt0002305,-0.9
tt0005719,tt0003838,0.9
tt0005719,tt0004223,0.5
tt0005719,tt0004854,0.5
tt0005719,tt0006592,0.8
tt0005719,tt0006688,0.3
tt0005719,tt0007368,0.4
tt0005719,tt0012937,0.7
tt0005719,tt0014689,0.8
tt0005719,tt0016097,0.9
tt0005719,tt0018646,-0.6
tt0005739,tt0006040,-0.3
tt0005739,tt0006373,0.5
tt0005739,tt0006709,0.5
tt0005739,tt0007021,-1.0
tt0005739,tt0007034,0.3
tt0005739,tt0007094,-0.7
tt0005739,tt0007795,0.7
tt0005739,tt0009017,0.1
tt0005739,tt0012366,0.7
tt0005746,tt0004832,0.6
tt0005746,tt0005927,-0.4
tt0005754,tt0006505,-0.1
tt0005754,tt0006508,0.2
tt0005754,tt0009047,0.3
tt0005754,tt0012345,0.2
tt0005754,tt0016368,0.8
tt0005756,tt0005180,0.7
tt0005756,tt0006942,0.1
tt0005764,tt0010905,0.7
tt0005764,tt0015735,0.9
tt0005769,tt0006101,-1.4
tt0005769,tt0008666,0.0
tt0005772,tt0003337,0.2
tt0005772,tt0007313,0.8
tt0005793,tt0011042,-0.3
tt0005802,tt0008659,-3.4
tt0005802,tt0011291,-3.1
tt0005805,tt0006241,0.4
tt0005808,tt0003692,-1.1
tt0005808,tt0003897,-1.7
tt0005808,tt0004155,-0.6
tt0005808,tt0004465,0.1
tt0005808,tt0004496,-1.6
tt0005808,tt0005974,-1.4
tt0005808,tt0006409,-1.9
tt0005808,tt0006943,-0.4
tt0005808,tt0007107,-0.4
tt0005808,tt0007339,-0.4
tt0005808,tt0008411,-0.8
tt0005808,tt0011368,0.6
tt0005808,tt0014264,0.0
tt0005808,tt0015239,0.6
tt0005808,tt0015491,-0.3
tt0005808,tt0015499,-0.2
tt0005808,tt0016201,0.4
tt0005808,tt0017457,-1.4
tt0005809,tt0005905,0.7
tt0005809,tt0009615,0.5
tt0005811,tt0005232,0.5
tt0005811,tt0008765,0.6
tt0005811,tt0010008,-0.7
tt0005823,tt0006995,0.5
tt0005823,tt0007873,0.7
tt0005823,tt0008134,0.2
tt0005823,tt0008498,0.8
tt0005823,tt0008775,0.5
tt0005823,tt0013502,-0.1
tt0005824,tt0003670,-0.3
tt0005824,tt0003772,0.2
tt0005824,tt0003871,0.8
tt0005824,tt0005180,-0.9
tt0005824,tt0005302,-0.2
tt0005824,tt0005636,0.4
tt0005824,tt0005756,-0.6
tt0005824,tt0005945,-0.5
tt0005824,tt0006942,-1.5
tt0005824,tt0007415,0.2
tt0005824,tt0010292,0.1
tt0005832,tt0003657,0.2
tt0005832,tt0004838,0.9
tt0005832,tt0005149,0.7
tt0005832,tt0005193,-1.5
tt0005832,tt0006375,0.7
tt0005832,tt0006517,0.9
tt0005832,tt0008044,0.1
tt0005832,tt0009960,-0.1
tt0005832,tt0010032,0.1
tt0005832,tt0011091,0.7
tt0005832,tt0012227,0.9
tt0005832,tt0014024,0.8
tt0005832,tt0016523,-0.4
tt0005832,tt0016880,0.5
tt0005847,tt0003686,0.7
tt0005847,tt0005535,-0.4
tt0005847,tt0007462,0.5
tt0005847,tt0009666,0.5
tt0005847,tt0011647,0.8
tt0005847,tt0012675,0.7
tt0005847,tt0013404,0.5
tt0005847,tt0016927,0.9
tt0005847,tt0018137,-0.8
tt0005853,tt0002305,-2.2
tt0005853,tt0003838,-0.4
tt0005853,tt0004038,0.0
tt0005853,tt0004223,-0.8
tt0005853,tt0004854,-0.8
tt0005853,tt0005214,0.2
tt0005853,tt0005600,-0.1
tt0005853,tt0005719,-0.3
tt0005853,tt0006564,0.3
tt0005853,tt0006592,-0.5
tt0005853,tt0006688,-1.0
tt0005853,tt0006692,0.8
tt0005853,tt0007257,0.1
tt0005853,tt0007368,-0.9
tt0005853,tt0008031,-0.1
tt0005853,tt0012937,-0.6
tt0005853,tt0014689,-0.5
tt0005853,tt0016097,-0.4
tt0005853,tt0016109,0.6
tt0005853,tt0018646,-1.9
tt0005853,tt0018853,0.0
tt0005879,tt0005960,0.3
tt0005879,tt0005984,0.3
tt0005879,tt0009704,0.5
tt0005879,tt0010566,-0.2
tt0005879,tt0013902,0.1
tt0005879,tt0015400,-0.6
tt0005879,tt0017259,0.9
tt0005879,tt0017540,0.3
tt0005879,tt0018170,0.9
tt0005883,tt0014439,0.2
tt0005884,tt0006043,0.6
tt0005901,tt0009481,0.4
tt0005903,tt0006241,0.5
tt0005905,tt0009615,0.8
tt0005928,tt0002767,0.8
tt0005928,tt0003006,0.8
tt0005928,tt0003301,-0.4
tt0005928,tt0003804,-0.7
tt0005928,tt0004027,0.6
tt0005928,tt0004681,0.6
tt0005928,tt0005250,-0.2
tt0005928,tt0008561,0.5
tt0005928,tt0010490,0.1
tt0005930,tt0005192,0.1
tt0005930,tt0005363,-0.3
tt0005931,tt0005739,0.7
tt0005931,tt0006040,-0.6
tt0005931,tt0006373,0.2
tt0005931,tt0006709,0.2
tt0005931,tt0007021,-1.3
tt0005931,tt0007034,0.0
tt0005931,tt0007094,-1.0
tt0005931,tt0007795,0.4
tt0005931,tt0009017,-0.2
tt0005931,tt0010466,0.9
tt0005931,tt0012366,0.4
tt0005939,tt0008990,-0.4
tt0005939,tt0011336,0.3
tt0005939,tt0015030,0.4
tt0005939,tt0015263,0.1
tt0005939,tt0015663,-0.1
tt0005939,tt0015937,-1.7
tt0005939,tt0016172,0.1
tt0005939,tt0016732,0.1
tt0005939,tt0017272,-0.7
tt0005939,tt0018524,-0.7
tt0005945,tt0005180,0.6
tt0005945,tt0005756,0.9
tt0005945,tt0006942,0.0
tt0005955,tt0002574,0.6
tt0005955,tt0006210,0.5
tt0005955,tt0010325,0.5
tt0005955,tt0011855,-0.8
tt0005955,tt0013313,-0.7
tt0005955,tt0015347,-0.3
tt0005955,tt0016396,0.0
tt0005955,tt0017492,-0.3
tt0005955,tt0018531,-0.1
tt0005955,tt0018733,-0.3
tt0005960,tt0015400,0.1
tt0005974,tt0004155,0.8
tt0005974,tt0004496,-0.2
tt0005974,tt0006409,-0.5
tt0005974,tt0014365,-0.7
tt0005974,tt0014927,0.2
tt0005974,tt0018771,0.1
tt0005979,tt0009306,0.8
tt0005984,tt0010566,0.5
tt0005984,tt0013902,0.8
tt0005997,tt0005754,0.5
tt0005997,tt0006357,0.5
tt0005997,tt0006505,-0.6
tt0005997,tt0006508,-0.3
tt0005997,tt0006826,0.6
tt0005997,tt0008071,0.7
tt0005997,tt0009047,-0.2
tt0005997,tt0012345,-0.3
tt0005997,tt0016368,0.3
tt0005997,tt0017215,0.9
tt0005997,tt0018038,0.7
tt0006002,tt0003752,0.2
tt0006002,tt0005384,-0.5
tt0006002,tt0005416,0.5
tt0006002,tt0005809,-1.1
tt0006002,tt0005905,-1.4
tt0006002,tt0007684,0.0
tt0006002,tt0009615,-1.6
tt0006002,tt0018880,0.7
tt0006008,tt0004325,-0.1
tt0006008,tt0005556,-1.2
tt0006008,tt0006614,-0.6
tt0006008,tt0007340,-0.2
tt0006008,tt0008041,-1.0
tt0006008,tt0011979,0.1
tt0006008,tt0012769,0.9
tt0006008,tt0012827,0.5
tt0006011,tt0009677,0.7
tt0006011,tt0012386,0.8
tt0006027,tt0015004,0.8
tt0006037,tt0004337,0.6
tt0006040,tt0007021,0.3
tt0006040,tt0007094,0.6
tt0006052,tt0003324,0.2
tt0006052,tt0005400,0.8
tt0006052,tt0005579,0.7
tt0006052,tt0013538,0.4
tt0006052,tt0014858,-0.7
tt0006052,tt0017077,-0.1
tt0006059,tt0004431,0.1
tt0006063,tt0004939,-2.4
tt0006063,tt0011761,0.6
tt0006063,tt0014160,0.0
tt0006063,tt0014673,0.2
tt0006063,tt0015053,-0.7
tt0006063,tt0015364,-1.1
tt0006063,tt0016751,-2.1
tt0006063,tt0017765,-1.7
tt0006063,tt0018698,-0.4
tt0006084,tt0003335,0.0
tt0006084,tt0003596,0.9
tt0006102,tt0012374,0.1
tt0006102,tt0012990,-0.5
tt0006106,tt0002262,0.9
tt0006106,tt0005530,-0.4
tt0006106,tt0006332,0.4
tt0006106,tt0006611,0.1
tt0006106,tt0006698,-0.6
tt0006106,tt0006713,0.1
tt0006106,tt0007232,0.0
tt0006106,tt0007679,0.7
tt0006106,tt0008279,0.0
tt0006106,tt0008803,0.1
tt0006106,tt0009014,0.2
tt0006106,tt0009031,0.6
tt0006106,tt0010307,-1.5
tt0006106,tt0014417,-1.3
tt0006106,tt0018192,-2.0
tt0006108,tt0012364,0.9
tt0006128,tt0004630,0.7
tt0006128,tt0005979,0.0
tt0006128,tt0006557,0.1
tt0006128,tt0009306,-0.2
tt0006128,tt0012836,0.3
tt0006140,tt0003698,0.6
tt0006140,tt0004294,0.1
tt0006140,tt0004792,0.1
tt0006140,tt0005059,0.2
tt0006140,tt0005060,0.4
tt0006140,tt0005402,0.1
tt0006140,tt0005589,0.4
tt0006140,tt0006605,0.1
tt0006140,tt0006770,0.7
tt0006140,tt0007038,-0.1
tt0006140,tt0007473,0.6
tt0006140,tt0007857,-0.4
tt0006140,tt0008150,0.3
tt0006140,tt0008519,0.5
tt0006140,tt0008786,0.7
tt0006140,tt0009440,0.5
tt0006140,tt0009781,-0.6
tt0006140,tt0009796,0.0
tt0006140,tt0010071,0.1
tt0006140,tt0010137,0.7
tt0006140,tt0010418,-0.3
tt0006140,tt0011716,0.9
tt0006140,tt0011865,0.0
tt0006140,tt0011909,0.1
tt0006140,tt0012181,0.0
tt0006140,tt0012187,0.1
tt0006140,tt0013372,0.4
tt0006140,tt0013574,0.0
tt0006140,tt0013817,0.9
tt0006140,tt0014532,-0.1
tt0006140,tt0014881,0.1
tt0006140,tt0015433,0.5
tt0006140,tt0015867,-0.3
tt0006140,tt0016294,0.4
tt0006140,tt0017519,0.0
tt0006140,tt0018054,-0.6
tt0006144,tt0004842,-2.3
tt0006160,tt0004336,0.8
tt0006182,tt0004825,0.2
tt0006182,tt0004872,0.1
tt0006182,tt0005041,0.0
tt0006182,tt0005163,0.6
tt0006182,tt0006755,0.0
tt0006182,tt0007678,0.0
tt0006182,tt0008011,0.5
tt0006182,tt0008443,-0.1
tt0006182,tt0008458,0.4
tt0006182,tt0008891,-0.3
tt0006182,tt0009020,-0.7
tt0006182,tt0009523,0.3
tt0006182,tt0009567,0.0
tt0006182,tt0009969,0.2
tt0006182,tt0010844,0.2
tt0006182,tt0010882,0.3
tt0006182,tt0011387,0.0
tt0006182,tt0011785,-0.5
tt0006182,tt0013332,0.0
tt0006182,tt0014158,-0.9
tt0006182,tt0014602,-0.4
tt0006182,tt0015492,0.0
tt0006182,tt0016150,0.2
tt0006182,tt0016598,0.9
tt0006190,tt0003022,-0.4
tt0006190,tt0004391,-0.2
tt0006190,tt0005100,-0.5
tt0006190,tt0005592,-0.8
tt0006190,tt0006568,-1.3
tt0006190,tt0007539,-0.7
tt0006190,tt0007927,-2.0
tt0006190,tt0008201,-1.6
tt0006190,tt0009480,-0.8
tt0006190,tt0011692,-0.5
tt0006190,tt0011952,-3.0
tt0006190,tt0012555,-1.8
tt0006190,tt0012864,-1.4
tt0006190,tt0014499,-1.3
tt0006190,tt0015224,-1.8
tt0006190,tt0016030,-2.7
tt0006190,tt0016403,-1.0
tt0006190,tt0016634,-1.8
tt0006190,tt0016762,-1.4
tt0006190,tt0017033,-1.7
tt0006190,tt0018429,-0.6
tt0006190,tt0018469,-0.2
tt0006201,tt0003686,-2.8
tt0006201,tt0005535,-3.9
tt0006201,tt0005847,-2.5
tt0006201,tt0006327,-2.4
tt0006201,tt0007462,-3.0
tt0006201,tt0008361,-1.2
tt0006201,tt0009666,-3.0
tt0006201,tt0011647,-2.7
tt0006201,tt0012675,-2.8
tt0006201,tt0013095,-0.8
tt0006201,tt0013404,-3.0
tt0006201,tt0016878,-2.0
tt0006201,tt0016927,-2.6
tt0006201,tt0018137,-4.3
tt0006202,tt0004371,-0.7
tt0006206,tt0009905,0.7
tt0006206,tt0013125,0.9
tt0006206,tt0014897,0.7
tt0006210,tt0011855,-0.3
tt0006210,tt0013313,-0.2
tt0006210,tt0015347,0.2
tt0006210,tt0016396,0.5
tt0006210,tt0017492,0.2
tt0006210,tt0018531,0.4
tt0006210,tt0018733,0.2
tt0006217,tt0005764,0.3
tt0006217,tt0010905,0.0
tt0006217,tt0013867,0.7
tt0006217,tt0014023,0.8
tt0006217,tt0014816,0.8
tt0006217,tt0015735,0.2
tt0006217,tt0018203,0.6
tt0006217,tt0018674,0.7
tt0006243,tt0003698,0.5
tt0006243,tt0004294,0.0
tt0006243,tt0004635,0.9
tt0006243,tt0004792,0.0
tt0006243,tt0005059,0.1
tt0006243,tt0005060,0.3
tt0006243,tt0005402,0.0
tt0006243,tt0005589,0.3
tt0006243,tt0006140,0.9
tt0006243,tt0006605,0.0
tt0006243,tt0006770,0.6
tt0006243,tt0007038,-0.2
tt0006243,tt0007473,0.5
tt0006243,tt0007857,-0.5
tt0006243,tt0008150,0.2
tt0006243,tt0008519,0.4
tt0006243,tt0008786,0.6
tt0006243,tt0009440,0.4
tt0006243,tt0009781,-0.7
tt0006243,tt0009796,-0.1
tt0006243,tt0010071,0.0
tt0006243,tt0010137,0.6
tt0006243,tt0010418,-0.4
tt0006243,tt0011716,0.8
tt0006243,tt0011865,-0.1
tt0006243,tt0011909,0.0
tt0006243,tt0012181,-0.1
tt0006243,tt0012187,0.0
tt0006243,tt0013372,0.3
tt0006243,tt0013574,-0.1
tt0006243,tt0013817,0.8
tt0006243,tt0014532,-0.2
tt0006243,tt0014881,0.0
tt0006243,tt0015433,0.4
tt0006243,tt0015867,-0.4
tt0006243,tt0016294,0.3
tt0006243,tt0017519,-0.1
tt0006243,tt0018054,-0.7
tt0006279,tt0002767,-2.7
tt0006279,tt0003006,-2.7
tt0006279,tt0003301,-3.9
tt0006279,tt0003804,-4.2
tt0006279,tt0004027,-2.9
tt0006279,tt0004681,-2.9
tt0006279,tt0005250,-3.7
tt0006279,tt0005928,-3.5
tt0006279,tt0008535,-1.6
tt0006279,tt0008561,-3.0
tt0006279,tt0010490,-3.4
tt0006280,tt0003362,-3.3
tt0006280,tt0003731,-2.1
tt0006280,tt0004307,-2.8
tt0006280,tt0004415,-2.8
tt0006280,tt0004757,-3.9
tt0006280,tt0005921,-4.5
tt0006283,tt0010729,0.7
tt0006283,tt0012763,0.6
tt0006283,tt0014068,0.7
tt0006283,tt0014605,0.8
tt0006283,tt0016395,0.4
tt0006283,tt0017567,0.8
tt0006291,tt0005330,0.2
tt0006318,tt0001812,0.8
tt0006318,tt0002094,0.4
tt0006318,tt0006715,-0.3
tt0006318,tt0012885,0.7
tt0006318,tt0014776,-0.6
tt0006327,tt0003686,0.6
tt0006327,tt0005535,-0.5
tt0006327,tt0005847,0.9
tt0006327,tt0007462,0.4
tt0006327,tt0009666,0.4
tt0006327,tt0011647,0.7
tt0006327,tt0012675,0.6
tt0006327,tt0013404,0.4
tt0006327,tt0016927,0.8
tt0006327,tt0018137,-0.9
tt0006332,tt0005530,0.2
tt0006332,tt0006611,0.7
tt0006332,tt0006698,0.0
tt0006332,tt0006713,0.7
tt0006332,tt0007232,0.6
tt0006332,tt0008279,0.6
tt0006332,tt0008803,0.7
tt0006332,tt0009014,0.8
tt0006332,tt0010307,-0.9
tt0006332,tt0014417,-0.7
tt0006332,tt0018192,-1.4
tt0006333,tt0008028,0.3
tt0006333,tt0008742,-0.6
tt0006333,tt0012293,0.9
tt0006333,tt0013376,0.4
tt0006339,tt0004272,-0.9
tt0006339,tt0005005,-0.5
tt0006339,tt0005195,0.8
tt0006339,tt0008353,0.4
tt0006339,tt0008411,-0.3
tt0006339,tt0008476,-1.2
tt0006339,tt0008978,0.6
tt0006339,tt0009304,0.8
tt0006339,tt0013225,0.7
tt0006339,tt0016214,0.5
tt0006339,tt0016237,-0.1
tt0006339,tt0017000,-0.7
tt0006339,tt0017218,0.2
tt0006339,tt0018740,0.6
tt0006343,tt0006436,0.3
tt0006343,tt0006696,-0.3
tt0006343,tt0007778,-0.3
tt0006343,tt0008217,-0.8
tt0006343,tt0009722,-2.2
tt0006343,tt0012305,-0.5
tt0006345,tt0001756,0.9
tt0006345,tt0007259,0.9
tt0006350,tt0001175,0.3
tt0006350,tt0010799,-1.2
tt0006357,tt0006505,-0.1
tt0006357,tt0006508,0.2
tt0006357,tt0009047,0.3
tt0006357,tt0012345,0.2
tt0006357,tt0016368,0.8
tt0006359,tt0006995,0.5
tt0006359,tt0007873,0.7
tt0006359,tt0008134,0.2
tt0006359,tt0008498,0.8
tt0006359,tt0008775,0.5
tt0006359,tt0013502,-0.1
tt0006371,tt0005764,-0.4
tt0006371,tt0006217,0.3
tt0006371,tt0009423,0.7
tt0006371,tt0010905,-0.7
tt0006371,tt0013369,0.4
tt0006371,tt0013672,0.5
tt0006371,tt0013867,0.0
tt0006371,tt0014023,0.1
tt0006371,tt0014816,0.1
tt0006371,tt0015399,0.5
tt0006371,tt0015735,-0.5
tt0006371,tt0017416,0.3
tt0006371,tt0018203,-0.1
tt0006371,tt0018674,0.0
tt0006373,tt0006040,0.2
tt0006373,tt0007021,-0.5
tt0006373,tt0007034,0.8
tt0006373,tt0007094,-0.2
tt0006373,tt0009017,0.6
tt0006375,tt0003657,0.5
tt0006375,tt0004962,-0.2
tt0006375,tt0005193,-1.2
tt0006375,tt0005200,0.5
tt0006375,tt0006588,0.2
tt0006375,tt0007160,0.1
tt0006375,tt0007260,0.7
tt0006375,tt0008044,0.4
tt0006375,tt0008362,-0.3
tt0006375,tt0008571,0.4
tt0006375,tt0008623,0.7
tt0006375,tt0008783,0.4
tt0006375,tt0008918,0.6
tt0006375,tt0009550,-0.1
tt0006375,tt0009826,0.0
tt0006375,tt0009960,0.2
tt0006375,tt0010032,0.4
tt0006375,tt0014443,0.8
tt0006375,tt0014615,-0.1
tt0006375,tt0014893,0.9
tt0006375,tt0016523,-0.1
tt0006375,tt0016526,0.0
tt0006375,tt0016880,0.8
tt0006375,tt0017112,0.6
tt0006375,tt0017367,0.2
tt0006375,tt0018233,-0.2
tt0006386,tt0010247,0.2
tt0006386,tt0010755,0.5
tt0006386,tt0011157,0.9
tt0006386,tt0012334,0.5
tt0006386,tt0014108,0.3
tt0006386,tt0014109,0.3
tt0006386,tt0018014,0.6
tt0006397,tt0006386,0.5
tt0006397,tt0008672,0.9
tt0006397,tt0009694,0.6
tt0006397,tt0010247,-0.3
tt0006397,tt0010755,0.0
tt0006397,tt0011157,0.4
tt0006397,tt0012334,0.0
tt0006397,tt0014108,-0.2
tt0006397,tt0014109,-0.2
tt0006397,tt0018014,0.1
tt0006412,tt0006780,0.1
tt0006413,tt0008353,0.9
tt0006413,tt0014284,-0.2
tt0006413,tt0015248,0.5
tt0006413,tt0015537,0.8
tt0006413,tt0018575,0.6
tt0006413,tt0018813,0.1
tt0006417,tt0006358,-0.7
tt0006417,tt0006570,0.5
tt0006417,tt0008687,0.6
tt0006417,tt0009209,-0.3
tt0006417,tt0009241,0.6
tt0006417,tt0009879,-0.6
tt0006417,tt0009987,0.1
tt0006417,tt0011313,0.2
tt0006417,tt0011522,0.2
tt0006417,tt0011721,-0.2
tt0006417,tt0012476,0.1
tt0006417,tt0012855,0.2
tt0006419,tt0000941,0.8
tt0006419,tt0001203,0.5
tt0006419,tt0001756,0.3
tt0006419,tt0002165,0.5
tt0006419,tt0004571,-0.7
tt0006419,tt0006345,-0.6
tt0006419,tt0007259,0.3
tt0006426,tt0004816,-0.2
tt0006426,tt0005352,0.1
tt0006426,tt0005392,-1.2
tt0006426,tt0006736,-0.6
tt0006426,tt0006751,0.3
tt0006426,tt0006753,-0.6
tt0006426,tt0006861,-0.2
tt0006426,tt0008309,-0.5
tt0006426,tt0008406,-1.4
tt0006426,tt0008915,-0.4
tt0006426,tt0009142,-0.2
tt0006426,tt0009143,-1.2
tt0006426,tt0009400,-0.7
tt0006426,tt0010049,-1.8
tt0006426,tt0010162,-0.2
tt0006426,tt0010715,-0.3
tt0006426,tt0012565,-0.6
tt0006426,tt0013556,-1.0
tt0006426,tt0014636,-0.6
tt0006426,tt0014981,-0.7
tt0006426,tt0015116,-0.7
tt0006426,tt0015349,-1.7
tt0006426,tt0015465,-1.3
tt0006426,tt0016394,-0.8
tt0006426,tt0017242,-1.3
tt0006426,tt0017472,0.7
tt0006426,tt0017841,-1.1
tt0006426,tt0018046,0.9
tt0006426,tt0018700,-0.4
tt0006428,tt0006637,-0.2
tt0006428,tt0006831,0.6
tt0006428,tt0008608,0.3
tt0006434,tt0006495,0.9
tt0006434,tt0007959,0.2
tt0006434,tt0012068,-0.3
tt0006434,tt0012190,-0.6
tt0006434,tt0013515,-0.3
tt0006434,tt0013710,-1.1
tt0006434,tt0013716,0.0
tt0006434,tt0014440,-0.6
tt0006434,tt0014679,0.4
tt0006434,tt0017103,-0.3
tt0006434,tt0017120,-0.3
tt0006434,tt0017917,-0.2
tt0006436,tt0006696,0.4
tt0006436,tt0007778,0.4
tt0006436,tt0008217,-0.1
tt0006436,tt0009722,-1.5
tt0006436,tt0012305,0.2
tt0006441,tt0005061,0.8
tt0006441,tt0005879,-0.9
tt0006441,tt0005960,-1.6
tt0006441,tt0007184,0.3
tt0006441,tt0007325,0.3
tt0006441,tt0007697,0.6
tt0006441,tt0007820,0.8
tt0006441,tt0008117,-0.2
tt0006441,tt0008457,0.2
tt0006441,tt0008671,0.6
tt0006441,tt0009219,0.6
tt0006441,tt0009524,0.2
tt0006441,tt0009832,0.0
tt0006441,tt0010091,0.2
tt0006441,tt0013293,-0.3
tt0006441,tt0015400,-2.5
tt0006441,tt0015776,0.6
tt0006441,tt0016379,0.3
tt0006441,tt0016500,0.2
tt0006441,tt0017089,0.2
tt0006441,tt0017540,-1.6
tt0006441,tt0018118,-0.9
tt0006441,tt0018170,-1.0
tt0006456,tt0007963,0.5
tt0006456,tt0009205,0.5
tt0006456,tt0011205,0.8
tt0006476,tt0006641,0.7
tt0006476,tt0007263,0.7
tt0006476,tt0009252,-1.2
tt0006476,tt0010031,-0.2
tt0006476,tt0013386,-1.1
tt0006476,tt0016220,-2.0
tt0006476,tt0017385,-0.9
tt0006476,tt0017776,-1.2
tt0006476,tt0018601,-1.0
tt0006482,tt0005561,-0.6
tt0006482,tt0006865,0.8
tt0006482,tt0007000,-0.9
tt0006482,tt0007590,0.8
tt0006482,tt0008305,0.3
tt0006482,tt0008652,0.9
tt0006482,tt0010419,0.5
tt0006482,tt0010920,0.9
tt0006482,tt0011695,0.9
tt0006482,tt0013104,0.6
tt0006482,tt0013450,0.4
tt0006482,tt0013841,0.5
tt0006482,tt0014619,0.5
tt0006482,tt0015310,-0.1
tt0006482,tt0016541,-0.1
tt0006482,tt0017751,0.5
tt0006482,tt0018622,0.6
tt0006489,tt0006412,0.6
tt0006489,tt0006780,-0.3
tt0006489,tt0007454,0.6
tt0006489,tt0010965,0.9
tt0006493,tt0002262,0.5
tt0006493,tt0002395,0.9
tt0006493,tt0002431,0.6
tt0006493,tt0005332,0.6
tt0006493,tt0005530,-0.8
tt0006493,tt0006106,0.6
tt0006493,tt0006332,0.0
tt0006493,tt0006611,-0.3
tt0006493,tt0006698,-1.0
tt0006493,tt0006713,-0.3
tt0006493,tt0007232,-0.4
tt0006493,tt0007679,0.3
tt0006493,tt0008279,-0.4
tt0006493,tt0008803,-0.3
tt0006493,tt0009014,-0.2
tt0006493,tt0009031,0.2
tt0006493,tt0010307,-1.9
tt0006493,tt0014417,-1.7
tt0006493,tt0018192,-2.4
tt0006495,tt0007959,0.3
tt0006495,tt0012068,-0.2
tt0006495,tt0012190,-0.5
tt0006495,tt0013515,-0.2
tt0006495,tt0013710,-1.0
tt0006495,tt0013716,0.1
tt0006495,tt0014440,-0.5
tt0006495,tt0014679,0.5
tt0006495,tt0017103,-0.2
tt0006495,tt0017120,-0.2
tt0006495,tt0017917,-0.1
tt0006508,tt0006505,0.7
tt0006509,tt0005613,-1.0
tt0006509,tt0006731,-0.7
tt0006509,tt0006745,-1.2
tt0006509,tt0007353,-0.2
tt0006509,tt0009086,0.8
tt0006509,tt0009721,-1.4
tt0006509,tt0010227,-0.1
tt0006509,tt0010229,0.8
tt0006509,tt0010267,-0.5
tt0006509,tt0013093,-1.6
tt0006509,tt0013512,-0.2
tt0006509,tt0013611,-0.8
tt0006509,tt0013624,-0.1
tt0006509,tt0013688,-0.4
tt0006509,tt0013886,-0.1
tt0006509,tt0014547,0.0
tt0006509,tt0014600,-0.6
tt0006509,tt0014982,-0.7
tt0006509,tt0015909,-0.6
tt0006509,tt0016646,-0.5
tt0006509,tt0016812,-1.0
tt0006509,tt0018297,-0.4
tt0006509,tt0018619,0.5
tt0006509,tt0018825,-1.1
tt0006517,tt0002669,0.1
tt0006517,tt0003657,0.3
tt0006517,tt0005149,-0.2
tt0006517,tt0005193,-2.4
tt0006517,tt0006375,0.8
tt0006517,tt0008044,0.2
tt0006517,tt0009960,0.0
tt0006517,tt0010032,0.2
tt0006517,tt0011091,0.8
tt0006517,tt0014024,0.9
tt0006517,tt0016523,-0.3
tt0006517,tt0016880,0.6
tt0006554,tt0003965,0.6
tt0006557,tt0005979,0.9
tt0006557,tt0009306,0.7
tt0006564,tt0002305,-1.5
tt0006564,tt0003838,0.3
tt0006564,tt0004038,0.7
tt0006564,tt0004223,-0.1
tt0006564,tt0004854,-0.1
tt0006564,tt0005214,0.9
tt0006564,tt0005600,0.6
tt0006564,tt0005719,0.4
tt0006564,tt0006592,0.2
tt0006564,tt0006688,-0.3
tt0006564,tt0007257,0.8
tt0006564,tt0007368,-0.2
tt0006564,tt0008031,0.6
tt0006564,tt0012937,0.1
tt0006564,tt0014689,0.2
tt0006564,tt0016097,0.3
tt0006564,tt0018646,-1.2
tt0006564,tt0018853,0.7
tt0006566,tt0007417,-2.0
tt0006568,tt0007927,0.3
tt0006568,tt0008201,0.7
tt0006568,tt0011952,-0.7
tt0006568,tt0012555,0.5
tt0006568,tt0012864,0.9
tt0006568,tt0015224,0.5
tt0006568,tt0016030,-0.4
tt0006568,tt0016634,0.5
tt0006568,tt0016762,0.9
tt0006568,tt0017033,0.6
tt0006570,tt0006358,-0.2
tt0006570,tt0009209,0.2
tt0006570,tt0009879,-0.1
tt0006570,tt0009987,0.6
tt0006570,tt0011313,0.7
tt0006570,tt0011522,0.7
tt0006570,tt0011721,0.3
tt0006570,tt0012476,0.6
tt0006570,tt0012855,0.7
tt0006571,tt0004962,-0.6
tt0006571,tt0005172,0.6
tt0006571,tt0005200,0.1
tt0006571,tt0006375,0.6
tt0006571,tt0006588,-0.2
tt0006571,tt0007160,-0.3
tt0006571,tt0007260,0.3
tt0006571,tt0007811,0.9
tt0006571,tt0008362,-0.7
tt0006571,tt0008571,0.0
tt0006571,tt0008623,0.3
tt0006571,tt0008783,0.0
tt0006571,tt0008892,0.7
tt0006571,tt0008918,0.2
tt0006571,tt0009550,-0.5
tt0006571,tt0009596,0.6
tt0006571,tt0009600,0.6
tt0006571,tt0009826,-0.4
tt0006571,tt0010476,0.8
tt0006571,tt0010733,0.8
tt0006571,tt0011078,0.6
tt0006580,tt0009475,0.7
tt0006588,tt0004962,0.6
tt0006588,tt0007160,0.9
tt0006588,tt0008362,0.5
tt0006588,tt0009550,0.7
tt0006588,tt0009826,0.8
tt0006589,tt0009224,-0.2
tt0006589,tt0009445,-1.1
tt0006589,tt0010507,-0.1
tt0006589,tt0014408,0.6
tt0006592,tt0002305,-0.7
tt0006592,tt0004223,0.7
tt0006592,tt0004854,0.7
tt0006592,tt0006688,0.5
tt0006592,tt0007368,0.6
tt0006592,tt0012937,0.9
tt0006592,tt0018646,-0.4
tt0006600,tt0002555,0.2
tt0006600,tt0003309,0.5
tt0006600,tt0003630,0.2
tt0006600,tt0003735,-0.5
tt0006600,tt0004199,0.8
tt0006600,tt0004712,-1.4
tt0006600,tt0004847,0.7
tt0006600,tt0004869,0.6
tt0006600,tt0006666,-0.8
tt0006600,tt0006893,0.4
tt0006600,tt0007005,0.2
tt0006600,tt0007012,0.5
tt0006600,tt0007765,0.8
tt0006600,tt0007910,-1.7
tt0006600,tt0007984,0.8
tt0006600,tt0008039,0.7
tt0006600,tt0008558,0.6
tt0006600,tt0008658,0.7
tt0006600,tt0008725,-1.0
tt0006600,tt0008745,0.9
tt0006600,tt0008804,0.9
tt0006600,tt0008806,0.7
tt0006600,tt0008810,0.5
tt0006600,tt0008826,-0.9
tt0006600,tt0008983,0.9
tt0006600,tt0009247,0.9
tt0006600,tt0009322,0.8
tt0006600,tt0009419,-0.3
tt0006600,tt0009622,0.4
tt0006600,tt0009754,0.5
tt0006600,tt0009771,0.1
tt0006600,tt0009853,-0.6
tt0006600,tt0010337,0.7
tt0006600,tt0010358,-1.0
tt0006600,tt0011011,-0.1
tt0006600,tt0011137,0.1
tt0006600,tt0011487,0.9
tt0006600,tt0011731,0.9
tt0006600,tt0012192,-0.4
tt0006600,tt0012365,-0.4
tt0006600,tt0013619,-1.1
tt0006600,tt0014171,0.1
tt0006600,tt0014191,-0.6
tt0006600,tt0015339,-1.0
tt0006600,tt0015356,0.9
tt0006600,tt0016384,-1.0
tt0006600,tt0016850,-1.0
tt0006600,tt0016930,0.0
tt0006600,tt0017462,-0.2
tt0006600,tt0017805,0.8
tt0006600,tt0017946,-0.6
tt0006600,tt0018159,-0.8
tt0006605,tt0007038,0.8
tt0006605,tt0007857,0.5
tt0006605,tt0009781,0.3
tt0006605,tt0009796,0.9
tt0006605,tt0010418,0.6
tt0006605,tt0011865,0.9
tt0006605,tt0012181,0.9
tt0006605,tt0013574,0.9
tt0006605,tt0014532,0.8
tt0006605,tt0015867,0.6
tt0006605,tt0017519,0.9
tt0006605,tt0018054,0.3
tt0006611,tt0005530,0.5
tt0006611,tt0006698,0.3
tt0006611,tt0007232,0.9
tt0006611,tt0008279,0.9
tt0006611,tt0010307,-0.6
tt0006611,tt0014417,-0.4
tt0006611,tt0018192,-1.1
tt0006614,tt0005556,-0.6
tt0006614,tt0007340,0.4
tt0006614,tt0008041,-0.4
tt0006614,tt0011979,0.7
tt0006617,tt0003014,0.1
tt0006617,tt0003150,-0.1
tt0006617,tt0004003,0.5
tt0006617,tt0004047,0.2
tt0006617,tt0006108,-0.8
tt0006617,tt0007355,0.5
tt0006617,tt0007446,0.7
tt0006617,tt0008663,-0.2
tt0006617,tt0008710,0.4
tt0006617,tt0008879,-0.1
tt0006617,tt0010206,0.5
tt0006617,tt0010298,-0.1
tt0006617,tt0011362,0.7
tt0006617,tt0011370,0.2
tt0006617,tt0011499,-0.2
tt0006617,tt0012364,-0.9
tt0006617,tt0013452,-0.5
tt0006617,tt0013730,0.3
tt0006617,tt0014014,0.2
tt0006617,tt0014302,0.4
tt0006617,tt0014972,-0.6
tt0006617,tt0015702,0.4
tt0006617,tt0016446,-0.5
tt0006617,tt0017350,-0.5
tt0006617,tt0018836,0.1
tt0006621,tt0006638,0.0
tt0006623,tt0007110,-0.5
tt0006623,tt0007933,0.4
tt0006623,tt0008843,0.4
tt0006623,tt0011604,-0.6
tt0006623,tt0013572,0.4
tt0006623,tt0013700,-0.2
tt0006623,tt0016467,0.5
tt0006623,tt0017099,-0.1
tt0006623,tt0017979,0.5
tt0006631,tt0003771,0.2
tt0006631,tt0007118,-0.7
tt0006641,tt0009252,-0.9
tt0006641,tt0010031,0.1
tt0006641,tt0013386,-0.8
tt0006641,tt0016220,-1.7
tt0006641,tt0017385,-0.6
tt0006641,tt0017776,-0.9
tt0006641,tt0018601,-0.7
tt0006666,tt0004712,0.4
tt0006666,tt0007910,0.1
tt0006666,tt0008725,0.8
tt0006666,tt0008826,0.9
tt0006666,tt0010358,0.8
tt0006666,tt0013619,0.7
tt0006666,tt0015339,0.8
tt0006666,tt0016384,0.8
tt0006666,tt0016850,0.8
tt0006670,tt0007963,0.5
tt0006670,tt0009205,0.5
tt0006670,tt0011205,0.8
tt0006673,tt0002555,-0.1
tt0006673,tt0002996,0.9
tt0006673,tt0003309,0.2
tt0006673,tt0003630,-0.1
tt0006673,tt0003735,-0.8
tt0006673,tt0004199,0.5
tt0006673,tt0004712,-1.7
tt0006673,tt0004847,0.4
tt0006673,tt0004869,0.3
tt0006673,tt0006600,0.7
tt0006673,tt0006666,-1.1
tt0006673,tt0006893,0.1
tt0006673,tt0007005,-0.1
tt0006673,tt0007012,0.2
tt0006673,tt0007765,0.5
tt0006673,tt0007910,-2.0
tt0006673,tt0007984,0.5
tt0006673,tt0008039,0.4
tt0006673,tt0008558,0.3
tt0006673,tt0008651,0.9
tt0006673,tt0008658,0.4
tt0006673,tt0008725,-1.3
tt0006673,tt0008745,0.6
tt0006673,tt0008804,0.6
tt0006673,tt0008806,0.4
tt0006673,tt0008810,0.2
tt0006673,tt0008826,-1.2
tt0006673,tt0008983,0.6
tt0006673,tt0009247,0.6
tt0006673,tt0009322,0.5
tt0006673,tt0009419,-0.6
tt0006673,tt0009622,0.1
tt0006673,tt0009754,0.2
tt0006673,tt0009771,-0.2
tt0006673,tt0009853,-0.9
tt0006673,tt0010186,0.7
tt0006673,tt0010337,0.4
tt0006673,tt0010358,-1.3
tt0006673,tt0011011,-0.4
tt0006673,tt0011137,-0.2
tt0006673,tt0011487,0.6
tt0006673,tt0011731,0.6
tt0006673,tt0012192,-0.7
tt0006673,tt0012365,-0.7
tt0006673,tt0013619,-1.4
tt0006673,tt0014171,-0.2
tt0006673,tt0014191,-0.9
tt0006673,tt0014970,0.9
tt0006673,tt0015339,-1.3
tt0006673,tt0015356,0.6
tt0006673,tt0016384,-1.3
tt0006673,tt0016850,-1.3
tt0006673,tt0016930,-0.3
tt0006673,tt0017462,-0.5
tt0006673,tt0017805,0.5
tt0006673,tt0017946,-0.9
tt0006673,tt0018159,-1.1
tt0006679,tt0004816,-0.4
tt0006679,tt0005352,-0.1
tt0006679,tt0005392,-1.4
tt0006679,tt0006426,0.8
tt0006679,tt0006736,-0.8
tt0006679,tt0006751,0.1
tt0006679,tt0006753,-0.8
tt0006679,tt0006861,-0.4
tt0006679,tt0008309,-0.7
tt0006679,tt0008406,-1.6
tt0006679,tt0008915,-0.6
tt0006679,tt0009142,-0.4
tt0006679,tt0009143,-1.4
tt0006679,tt0009400,-0.9
tt0006679,tt0010049,-2.0
tt0006679,tt0010162,-0.4
tt0006679,tt0010715,-0.5
tt0006679,tt0012565,-0.8
tt0006679,tt0013556,-1.2
tt0006679,tt0014636,-0.8
tt0006679,tt0014981,-0.9
tt0006679,tt0015116,-0.9
tt0006679,tt0015349,-1.9
tt0006679,tt0015465,-1.5
tt0006679,tt0016394,-1.0
tt0006679,tt0017242,-1.5
tt0006679,tt0017356,0.9
tt0006679,tt0017472,0.5
tt0006679,tt0017841,-1.3
tt0006679,tt0018046,0.7
tt0006679,tt0018700,-0.6
tt0006688,tt0002305,-0.2
tt0006688,tt0018646,0.1
tt0006692,tt0002305,-2.0
tt0006692,tt0003838,-0.2
tt0006692,tt0004038,0.2
tt0006692,tt0004223,-0.6
tt0006692,tt0004854,-0.6
tt0006692,tt0005214,0.4
tt0006692,tt0005352,-0.3
tt0006692,tt0005600,0.1
tt0006692,tt0005719,-0.1
tt0006692,tt0006428,-0.4
tt0006692,tt0006564,0.5
tt0006692,tt0006592,-0.3
tt0006692,tt0006637,-1.6
tt0006692,tt0006688,-0.8
tt0006692,tt0006699,0.2
tt0006692,tt0006831,-0.8
tt0006692,tt0007257,0.3
tt0006692,tt0007368,-0.7
tt0006692,tt0008031,0.1
tt0006692,tt0008608,-1.1
tt0006692,tt0012937,-0.4
tt0006692,tt0014689,-0.3
tt0006692,tt0016097,-0.2
tt0006692,tt0016109,0.8
tt0006692,tt0018646,-1.7
tt0006692,tt0018853,0.2
tt0006696,tt0008217,0.5
tt0006696,tt0009722,-0.9
tt0006696,tt0012305,0.8
tt0006698,tt0010307,0.1
tt0006698,tt0014417,0.3
tt0006698,tt0018192,-0.4
tt0006699,tt0005352,0.5
tt0006699,tt0006428,0.4
tt0006699,tt0006637,-0.8
tt0006699,tt0006831,0.0
tt0006699,tt0008608,-0.3
tt0006700,tt0005192,-0.1
tt0006700,tt0005363,-0.5
tt0006700,tt0005930,0.8
tt0006703,tt0005626,0.7
tt0006703,tt0006773,0.8
tt0006703,tt0010499,-0.1
tt0006703,tt0010548,-0.4
tt0006703,tt0013978,0.9
tt0006706,tt0007116,0.7
tt0006706,tt0008510,0.9
tt0006706,tt0009096,0.9
tt0006706,tt0009420,0.6
tt0006706,tt0009431,0.6
tt0006707,tt0002423,-0.3
tt0006707,tt0007309,0.8
tt0006707,tt0008950,0.4
tt0006707,tt0009062,0.3
tt0006707,tt0009893,-0.8
tt0006707,tt0010281,-0.4
tt0006707,tt0010456,0.4
tt0006707,tt0010600,-1.0
tt0006707,tt0010612,0.6
tt0006707,tt0010962,-0.1
tt0006707,tt0011371,-0.1
tt0006707,tt0011641,0.1
tt0006707,tt0011742,0.4
tt0006707,tt0011960,-0.5
tt0006707,tt0013741,-0.1
tt0006707,tt0014416,-0.1
tt0006707,tt0014925,0.4
tt0006707,tt0015119,-0.6
tt0006707,tt0015409,0.0
tt0006707,tt0015979,0.1
tt0006707,tt0016004,-0.8
tt0006707,tt0017409,-0.7
tt0006707,tt0018451,-1.1
tt0006709,tt0006040,0.2
tt0006709,tt0007021,-0.5
tt0006709,tt0007034,0.8
tt0006709,tt0007094,-0.2
tt0006709,tt0009017,0.6
tt0006713,tt0005530,0.5
tt0006713,tt0006698,0.3
tt0006713,tt0007232,0.9
tt0006713,tt0008279,0.9
tt0006713,tt0010307,-0.6
tt0006713,tt0014417,-0.4
tt0006713,tt0018192,-1.1
tt0006714,tt0002423,-0.8
tt0006714,tt0006707,0.5
tt0006714,tt0007309,0.3
tt0006714,tt0008854,0.5
tt0006714,tt0008950,-0.1
tt0006714,tt0009062,-0.2
tt0006714,tt0009893,-1.3
tt0006714,tt0010281,-0.9
tt0006714,tt0010456,-0.1
tt0006714,tt0010497,0.8
tt0006714,tt0010600,-1.5
tt0006714,tt0010612,0.1
tt0006714,tt0010962,-0.6
tt0006714,tt0011371,-0.6
tt0006714,tt0011641,-0.4
tt0006714,tt0011742,-0.1
tt0006714,tt0011960,-1.0
tt0006714,tt0013741,-0.6
tt0006714,tt0014416,-0.6
tt0006714,tt0014925,-0.1
tt0006714,tt0015119,-1.1
tt0006714,tt0015409,-0.5
tt0006714,tt0015979,-0.4
tt0006714,tt0016004,-1.3
tt0006714,tt0017409,-1.2
tt0006714,tt0018451,-1.6
tt0006715,tt0014776,0.7
tt0006716,tt0009309,-1.6
tt0006716,tt0009655,0.0
tt0006716,tt0009950,-0.7
tt0006716,tt0012958,-1.7
tt0006726,tt0003335,0.0
tt0006726,tt0003596,0.9
tt0006731,tt0005613,-0.3
tt0006731,tt0006745,-0.5
tt0006731,tt0009721,-0.7
tt0006731,tt0010227,0.6
tt0006731,tt0010267,0.2
tt0006731,tt0013093,-0.9
tt0006731,tt0013512,0.5
tt0006731,tt0013611,-0.1
tt0006731,tt0013624,0.6
tt0006731,tt0013688,0.3
tt0006731,tt0013886,0.6
tt0006731,tt0014547,0.7
tt0006731,tt0014600,0.1
tt0006731,tt0014982,0.0
tt0006731,tt0015909,0.1
tt0006731,tt0016646,0.2
tt0006731,tt0016812,-0.3
tt0006731,tt0018297,0.3
tt0006731,tt0018825,-0.4
tt0006736,tt0005392,0.4
tt0006736,tt0008406,0.2
tt0006736,tt0009143,0.4
tt0006736,tt0009400,0.9
tt0006736,tt0010049,-0.2
tt0006736,tt0013556,0.6
tt0006736,tt0014981,0.9
tt0006736,tt0015116,0.9
tt0006736,tt0015349,-0.1
tt0006736,tt0015465,0.3
tt0006736,tt0016394,0.8
tt0006736,tt0017242,0.3
tt0006736,tt0017841,0.5
tt0006745,tt0009721,-0.2
tt0006745,tt0010267,0.7
tt0006745,tt0013093,-0.4
tt0006745,tt0013611,0.4
tt0006745,tt0013688,0.8
tt0006745,tt0014600,0.6
tt0006745,tt0014982,0.5
tt0006745,tt0015909,0.6
tt0006745,tt0016646,0.7
tt0006745,tt0016812,0.2
tt0006745,tt0018297,0.8
tt0006745,tt0018825,0.1
tt0006751,tt0004816,0.5
tt0006751,tt0005352,0.8
tt0006751,tt0005392,-0.5
tt0006751,tt0006736,0.1
tt0006751,tt0006753,0.1
tt0006751,tt0006861,0.5
tt0006751,tt0008309,0.2
tt0006751,tt0008406,-0.7
tt0006751,tt0008915,0.3
tt0006751,tt0009142,0.5
tt0006751,tt0009143,-0.5
tt0006751,tt0009400,0.0
tt0006751,tt0010049,-1.1
tt0006751,tt0010162,0.5
tt0006751,tt0010715,0.4
tt0006751,tt0012565,0.1
tt0006751,tt0013556,-0.3
tt0006751,tt0014636,0.1
tt0006751,tt0014981,0.0
tt0006751,tt0015116,0.0
tt0006751,tt0015349,-1.0
tt0006751,tt0015465,-0.6
tt0006751,tt0016394,-0.1
tt0006751,tt0017242,-0.6
tt0006751,tt0017841,-0.4
tt0006751,tt0018700,0.3
tt0006753,tt0005392,0.4
tt0006753,tt0008406,0.2
tt0006753,tt0009143,0.4
tt0006753,tt0009400,0.9
tt0006753,tt0010049,-0.2
tt0006753,tt0013556,0.6
tt0006753,tt0014981,0.9
tt0006753,tt0015116,0.9
tt0006753,tt0015349,-0.1
tt0006753,tt0015465,0.3
tt0006753,tt0016394,0.8
tt0006753,tt0017242,0.3
tt0006753,tt0017841,0.5
tt0006755,tt0008443,0.9
tt0006755,tt0008891,0.7
tt0006755,tt0009020,0.3
tt0006755,tt0011785,0.5
tt0006755,tt0014158,0.1
tt0006755,tt0014602,0.6
tt0006761,tt0003014,-0.1
tt0006761,tt0003150,-0.3
tt0006761,tt0004003,0.3
tt0006761,tt0004047,0.0
tt0006761,tt0006108,-1.0
tt0006761,tt0006617,0.8
tt0006761,tt0007355,0.3
tt0006761,tt0007446,0.5
tt0006761,tt0008663,-0.4
tt0006761,tt0008710,0.2
tt0006761,tt0008879,-0.3
tt0006761,tt0010206,0.3
tt0006761,tt0010298,-0.3
tt0006761,tt0011362,0.5
tt0006761,tt0011370,0.0
tt0006761,tt0011499,-0.4
tt0006761,tt0012364,-1.1
tt0006761,tt0013452,-0.7
tt0006761,tt0013730,0.1
tt0006761,tt0014014,0.0
tt0006761,tt0014302,0.2
tt0006761,tt0014972,-0.8
tt0006761,tt0015702,0.2
tt0006761,tt0016446,-0.7
tt0006761,tt0017350,-0.7
tt0006761,tt0018836,-0.1
tt0006770,tt0003698,0.9
tt0006770,tt0004294,0.4
tt0006770,tt0004792,0.4
tt0006770,tt0005059,0.5
tt0006770,tt0005060,0.7
tt0006770,tt0005402,0.4
tt0006770,tt0005589,0.7
tt0006770,tt0006605,0.4
tt0006770,tt0007038,0.2
tt0006770,tt0007473,0.9
tt0006770,tt0007857,-0.1
tt0006770,tt0008150,0.6
tt0006770,tt0008519,0.8
tt0006770,tt0009440,0.8
tt0006770,tt0009781,-0.3
tt0006770,tt0009796,0.3
tt0006770,tt0010071,0.4
tt0006770,tt0010418,0.0
tt0006770,tt0011865,0.3
tt0006770,tt0011909,0.4
tt0006770,tt0012181,0.3
tt0006770,tt0012187,0.4
tt0006770,tt0013372,0.7
tt0006770,tt0013574,0.3
tt0006770,tt0014532,0.2
tt0006770,tt0014881,0.4
tt0006770,tt0015433,0.8
tt0006770,tt0015867,0.0
tt0006770,tt0016294,0.7
tt0006770,tt0017519,0.3
tt0006770,tt0018054,-0.3
tt0006773,tt0005626,0.9
tt0006773,tt0010499,0.1
tt0006773,tt0010548,-0.2
tt0006809,tt0006995,0.5
tt0006809,tt0007873,0.7
tt0006809,tt0008134,0.2
tt0006809,tt0008498,0.8
tt0006809,tt0008775,0.5
tt0006809,tt0013502,-0.1
tt0006819,tt0006011,-0.1
tt0006819,tt0007702,0.2
tt0006819,tt0009011,0.7
tt0006819,tt0009677,-0.4
tt0006819,tt0009878,-0.1
tt0006819,tt0010622,-0.1
tt0006819,tt0010821,0.5
tt0006819,tt0012386,-0.3
tt0006819,tt0013342,0.4
tt0006819,tt0014762,0.2
tt0006819,tt0016814,-0.1
tt0006819,tt0018739,0.5
tt0006820,tt0007240,0.5
tt0006820,tt0010559,0.5
tt0006820,tt0010793,0.5
tt0006826,tt0005754,0.9
tt0006826,tt0006357,0.9
tt0006826,tt0006505,-0.2
tt0006826,tt0006508,0.1
tt0006826,tt0009047,0.2
tt0006826,tt0012345,0.1
tt0006826,tt0016368,0.7
tt0006831,tt0006637,0.2
tt0006831,tt0008608,0.7
tt0006836,tt0006566,-0.5
tt0006836,tt0007417,-3.5
tt0006846,tt0004325,-0.1
tt0006846,tt0005556,-1.2
tt0006846,tt0006614,-0.6
tt0006846,tt0007340,-0.2
tt0006846,tt0008041,-1.0
tt0006846,tt0011979,0.1
tt0006846,tt0012769,0.9
tt0006846,tt0012827,0.5
tt0006847,tt0007867,-0.3
tt0006847,tt0010227,0.8
tt0006847,tt0014915,0.0
tt0006859,tt0006547,-0.6
tt0006859,tt0007711,0.1
tt0006859,tt0008004,0.2
tt0006859,tt0009454,0.7
tt0006859,tt0009551,-0.1
tt0006861,tt0005392,0.0
tt0006861,tt0006736,0.6
tt0006861,tt0006753,0.6
tt0006861,tt0008309,0.7
tt0006861,tt0008406,-0.2
tt0006861,tt0008915,0.8
tt0006861,tt0009143,0.0
tt0006861,tt0009400,0.5
tt0006861,tt0010049,-0.6
tt0006861,tt0010715,0.9
tt0006861,tt0012565,0.6
tt0006861,tt0013556,0.2
tt0006861,tt0014636,0.6
tt0006861,tt0014981,0.5
tt0006861,tt0015116,0.5
tt0006861,tt0015349,-0.5
tt0006861,tt0015465,-0.1
tt0006861,tt0016394,0.4
tt0006861,tt0017242,-0.1
tt0006861,tt0017841,0.1
tt0006861,tt0018700,0.8
tt0006863,tt0004295,-1.7
tt0006863,tt0004363,-0.7
tt0006863,tt0004907,-0.6
tt0006863,tt0009358,0.6
tt0006865,tt0005561,-0.4
tt0006865,tt0007000,-0.7
tt0006865,tt0008305,0.5
tt0006865,tt0010419,0.7
tt0006865,tt0013104,0.8
tt0006865,tt0013450,0.6
tt0006865,tt0013841,0.7
tt0006865,tt0014619,0.7
tt0006865,tt0015310,0.1
tt0006865,tt0016541,0.1
tt0006865,tt0017751,0.7
tt0006865,tt0018622,0.8
tt0006867,tt0005974,0.3
tt0006867,tt0007932,0.9
tt0006867,tt0008321,-1.1
tt0006867,tt0009204,0.4
tt0006867,tt0009405,0.7
tt0006867,tt0010357,0.9
tt0006867,tt0012298,0.6
tt0006867,tt0013368,0.9
tt0006867,tt0014365,-1.4
tt0006867,tt0014927,-0.5
tt0006867,tt0015393,-0.9
tt0006867,tt0016480,0.3
tt0006867,tt0016534,0.6
tt0006867,tt0017687,0.5
tt0006867,tt0018771,-0.6
tt0006867,tt0018797,0.7
tt0006870,tt0008543,-1.4
tt0006870,tt0011969,-0.4
tt0006886,tt0006206,0.9
tt0006886,tt0009905,0.6
tt0006886,tt0013125,0.8
tt0006886,tt0014897,0.6
tt0006893,tt0002555,0.8
tt0006893,tt0003630,0.8
tt0006893,tt0003735,0.1
tt0006893,tt0004712,-0.8
tt0006893,tt0006666,-0.2
tt0006893,tt0007005,0.8
tt0006893,tt0007910,-1.1
tt0006893,tt0008725,-0.4
tt0006893,tt0008826,-0.3
tt0006893,tt0009419,0.3
tt0006893,tt0009771,0.7
tt0006893,tt0009853,0.0
tt0006893,tt0010358,-0.4
tt0006893,tt0011011,0.5
tt0006893,tt0011137,0.7
tt0006893,tt0012192,0.2
tt0006893,tt0012365,0.2
tt0006893,tt0013619,-0.5
tt0006893,tt0014171,0.7
tt0006893,tt0014191,0.0
tt0006893,tt0015339,-0.4
tt0006893,tt0016384,-0.4
tt0006893,tt0016850,-0.4
tt0006893,tt0016930,0.6
tt0006893,tt0017462,0.4
tt0006893,tt0017946,0.0
tt0006893,tt0018159,-0.2
tt0006895,tt0008259,0.2
tt0006895,tt0008735,0.6
tt0006895,tt0008875,0.7
tt0006907,tt0016013,0.8
tt0006907,tt0016875,0.6
tt0006907,tt0018379,0.5
tt0006914,tt0005823,0.9
tt0006914,tt0006359,0.9
tt0006914,tt0006809,0.9
tt0006914,tt0006995,0.4
tt0006914,tt0007873,0.6
tt0006914,tt0008134,0.1
tt0006914,tt0008498,0.7
tt0006914,tt0008775,0.4
tt0006914,tt0013502,-0.2
tt0006917,tt0005195,-0.6
tt0006917,tt0006339,-0.4
tt0006917,tt0006413,-0.9
tt0006917,tt0008260,-0.5
tt0006917,tt0008353,-1.0
tt0006917,tt0008411,-1.7
tt0006917,tt0009304,-0.6
tt0006917,tt0011241,0.9
tt0006917,tt0014284,-2.1
tt0006917,tt0014756,0.3
tt0006917,tt0014837,0.5
tt0006917,tt0014888,-0.6
tt0006917,tt0015248,-1.4
tt0006917,tt0015537,-1.1
tt0006917,tt0017000,-2.1
tt0006917,tt0018575,-1.3
tt0006917,tt0018813,-1.8
tt0006932,tt0006283,0.7
tt0006932,tt0010729,0.4
tt0006932,tt0012763,0.3
tt0006932,tt0013590,0.9
tt0006932,tt0014068,0.4
tt0006932,tt0014605,0.5
tt0006932,tt0016395,0.1
tt0006932,tt0017567,0.5
tt0006933,tt0005621,0.2
tt0006933,tt0006299,-1.3
tt0006933,tt0007047,0.7
tt0006933,tt0008010,0.8
tt0006933,tt0008822,0.9
tt0006933,tt0011079,0.2
tt0006933,tt0011588,0.6
tt0006933,tt0012087,-0.1
tt0006933,tt0012492,0.4
tt0006933,tt0014051,-0.2
tt0006933,tt0017212,0.9
tt0006933,tt0017796,0.9
tt0006943,tt0003692,-0.7
tt0006943,tt0003897,-0.3
tt0006943,tt0004155,-0.2
tt0006943,tt0004496,-1.2
tt0006943,tt0005974,-1.0
tt0006943,tt0006409,-1.5
tt0006943,tt0008411,-0.4
tt0006995,tt0008134,0.7
tt0006995,tt0013502,0.4
tt0006997,tt0003740,0.1
tt0006997,tt0007459,0.6
tt0007005,tt0003735,0.3
tt0007005,tt0004712,-0.6
tt0007005,tt0006666,0.0
tt0007005,tt0007910,-0.9
tt0007005,tt0008725,-0.2
tt0007005,tt0008826,-0.1
tt0007005,tt0009419,0.5
tt0007005,tt0009771,0.9
tt0007005,tt0009853,0.2
tt0007005,tt0010358,-0.2
tt0007005,tt0011011,0.7
tt0007005,tt0011137,0.9
tt0007005,tt0012192,0.4
tt0007005,tt0012365,0.4
tt0007005,tt0013619,-0.3
tt0007005,tt0014171,0.9
tt0007005,tt0014191,0.2
tt0007005,tt0015339,-0.2
tt0007005,tt0016384,-0.2
tt0007005,tt0016850,-0.2
tt0007005,tt0016930,0.8
tt0007005,tt0017462,0.6
tt0007005,tt0017946,0.2
tt0007005,tt0018159,0.0
tt0007009,tt0007992,-0.5
tt0007009,tt0008026,0.8
tt0007009,tt0009989,-0.4
tt0007009,tt0011898,0.9
tt0007012,tt0002555,0.7
tt0007012,tt0003630,0.7
tt0007012,tt0003735,0.0
tt0007012,tt0004712,-0.9
tt0007012,tt0006666,-0.3
tt0007012,tt0006893,0.9
tt0007012,tt0007005,0.7
tt0007012,tt0007910,-1.2
tt0007012,tt0008725,-0.5
tt0007012,tt0008826,-0.4
tt0007012,tt0009419,0.2
tt0007012,tt0009622,0.9
tt0007012,tt0009771,0.6
tt0007012,tt0009853,-0.1
tt0007012,tt0010358,-0.5
tt0007012,tt0011011,0.4
tt0007012,tt0011137,0.6
tt0007012,tt0012192,0.1
tt0007012,tt0012365,0.1
tt0007012,tt0013619,-0.6
tt0007012,tt0014171,0.6
tt0007012,tt0014191,-0.1
tt0007012,tt0015339,-0.5
tt0007012,tt0016384,-0.5
tt0007012,tt0016850,-0.5
tt0007012,tt0016930,0.5
tt0007012,tt0017462,0.3
tt0007012,tt0017946,-0.1
tt0007012,tt0018159,-0.3
tt0007034,tt0006040,0.4
tt0007034,tt0007021,-0.3
tt0007034,tt0007094,0.0
tt0007034,tt0009017,0.8
tt0007038,tt0007857,0.7
tt0007038,tt0009781,0.5
tt0007038,tt0010418,0.8
tt0007038,tt0015867,0.8
tt0007038,tt0018054,0.5
tt0007042,tt0002031,0.8
tt0007042,tt0004369,-0.3
tt0007042,tt0005452,-0.1
tt0007042,tt0005460,0.1
tt0007042,tt0005716,-1.3
tt0007042,tt0007142,-1.5
tt0007042,tt0009369,-0.4
tt0007042,tt0012107,-0.4
tt0007042,tt0012856,0.5
tt0007042,tt0013380,0.1
tt0007042,tt0013451,-1.1
tt0007042,tt0016469,-0.3
tt0007042,tt0016640,-0.7
tt0007042,tt0017831,-0.6
tt0007047,tt0005621,0.5
tt0007047,tt0006299,-1.0
tt0007047,tt0011079,0.5
tt0007047,tt0011588,0.9
tt0007047,tt0012087,0.2
tt0007047,tt0012492,0.7
tt0007047,tt0014051,0.1
tt0007060,tt0001498,-1.2
tt0007060,tt0003006,0.7
tt0007060,tt0004257,0.5
tt0007060,tt0004306,-1.4
tt0007060,tt0005353,-0.7
tt0007060,tt0007361,0.2
tt0007060,tt0009549,-0.2
tt0007060,tt0009741,0.6
tt0007060,tt0010565,0.4
tt0007061,tt0005621,-1.2
tt0007061,tt0006299,-2.7
tt0007061,tt0006933,-0.4
tt0007061,tt0007047,-0.7
tt0007061,tt0007699,0.4
tt0007061,tt0008010,-0.6
tt0007061,tt0008539,0.5
tt0007061,tt0008822,-0.5
tt0007061,tt0009257,-0.4
tt0007061,tt0010425,0.4
tt0007061,tt0011079,-1.2
tt0007061,tt0011588,-0.8
tt0007061,tt0012087,-1.5
tt0007061,tt0012492,-1.0
tt0007061,tt0014051,-1.6
tt0007061,tt0015589,0.1
tt0007061,tt0017212,-0.5
tt0007061,tt0017796,-0.5
tt0007070,tt0006706,0.3
tt0007070,tt0007116,0.0
tt0007070,tt0007986,0.3
tt0007070,tt0008285,0.5
tt0007070,tt0008510,0.2
tt0007070,tt0009096,0.2
tt0007070,tt0009420,-0.1
tt0007070,tt0009431,-0.1
tt0007094,tt0007021,0.7
tt0007107,tt0003692,-0.7
tt0007107,tt0003897,-0.3
tt0007107,tt0004155,-0.2
tt0007107,tt0004496,-1.2
tt0007107,tt0005974,-1.0
tt0007107,tt0006409,-1.5
tt0007107,tt0008411,-0.4
tt0007110,tt0011604,0.9
tt0007111,tt0006011,-0.4
tt0007111,tt0006819,0.7
tt0007111,tt0007702,-0.1
tt0007111,tt0009011,0.4
tt0007111,tt0009677,-0.7
tt0007111,tt0009878,-0.4
tt0007111,tt0010622,-0.4
tt0007111,tt0010821,0.2
tt0007111,tt0011617,0.7
tt0007111,tt0012368,0.8
tt0007111,tt0012386,-0.6
tt0007111,tt0013342,0.1
tt0007111,tt0013579,0.0
tt0007111,tt0014762,-0.1
tt0007111,tt0016814,-0.4
tt0007111,tt0017118,0.6
tt0007111,tt0018739,0.2
tt0007116,tt0009420,0.9
tt0007116,tt0009431,0.9
tt0007117,tt0003724,0.8
tt0007117,tt0004630,0.5
tt0007117,tt0005979,-0.2
tt0007117,tt0006128,0.8
tt0007117,tt0006557,-0.1
tt0007117,tt0009306,-0.4
tt0007117,tt0011853,0.9
tt0007117,tt0012836,0.1
tt0007160,tt0004962,0.7
tt0007160,tt0008362,0.6
tt0007160,tt0009550,0.8
tt0007160,tt0009826,0.9
tt0007165,tt0006867,0.9
tt0007165,tt0008321,-1.2
tt0007165,tt0009405,0.6
tt0007165,tt0013368,0.8
tt0007165,tt0015393,-1.0
tt0007167,tt0002669,-1.6
tt0007167,tt0004874,0.5
tt0007167,tt0005149,0.1
tt0007167,tt0005193,-2.1
tt0007167,tt0006517,0.3
tt0007167,tt0007506,0.2
tt0007167,tt0009290,-2.3
tt0007167,tt0009482,0.7
tt0007167,tt0011094,0.4
tt0007167,tt0015543,0.2
tt0007183,tt0005903,0.3
tt0007183,tt0006241,-0.2
tt0007183,tt0008536,0.9
tt0007183,tt0016559,0.7
tt0007183,tt0017293,0.5
tt0007183,tt0017418,0.7
tt0007183,tt0017748,0.5
tt0007183,tt0018844,0.8
tt0007184,tt0005879,-0.2
tt0007184,tt0005960,-0.9
tt0007184,tt0008117,0.5
tt0007184,tt0008457,0.9
tt0007184,tt0009524,0.9
tt0007184,tt0009832,0.7
tt0007184,tt0010091,0.9
tt0007184,tt0013293,0.4
tt0007184,tt0015400,-1.8
tt0007184,tt0016500,0.9
tt0007184,tt0017089,0.9
tt0007184,tt0017540,-0.9
tt0007184,tt0018118,-0.2
tt0007184,tt0018170,-0.3
tt0007188,tt0007867,-0.3
tt0007188,tt0010227,0.8
tt0007188,tt0014915,0.0
tt0007202,tt0006027,0.1
tt0007202,tt0013682,0.8
tt0007202,tt0014100,0.6
tt0007202,tt0014205,0.7
tt0007202,tt0015004,-0.1
tt0007202,tt0017757,0.4
tt0007229,tt0006204,0.2
tt0007230,tt0005054,0.1
tt0007232,tt0005530,0.6
tt0007232,tt0006698,0.4
tt0007232,tt0010307,-0.5
tt0007232,tt0014417,-0.3
tt0007232,tt0018192,-1.0
tt0007246,tt0002785,-1.0
tt0007246,tt0004473,-0.4
tt0007246,tt0004825,-1.8
tt0007246,tt0004872,-1.9
tt0007246,tt0005041,-2.0
tt0007246,tt0005163,-1.4
tt0007246,tt0006182,-1.0
tt0007246,tt0006755,-2.0
tt0007246,tt0007678,-2.0
tt0007246,tt0008011,-1.5
tt0007246,tt0008443,-2.1
tt0007246,tt0008458,-1.6
tt0007246,tt0008764,-0.8
tt0007246,tt0008891,-2.3
tt0007246,tt0009020,-2.7
tt0007246,tt0009523,-1.7
tt0007246,tt0009567,-2.0
tt0007246,tt0009827,-0.7
tt0007246,tt0009969,-1.8
tt0007246,tt0010352,-0.7
tt0007246,tt0010844,-1.8
tt0007246,tt0010882,-1.7
tt0007246,tt0011076,-1.0
tt0007246,tt0011387,-2.0
tt0007246,tt0011785,-2.5
tt0007246,tt0013332,-2.0
tt0007246,tt0014158,-2.9
tt0007246,tt0014165,-0.1
tt0007246,tt0014602,-2.4
tt0007246,tt0015492,-2.0
tt0007246,tt0015689,0.8
tt0007246,tt0016150,-1.8
tt0007246,tt0016389,-0.7
tt0007246,tt0016598,-1.1
tt0007246,tt0017227,0.4
tt0007248,tt0009118,0.5
tt0007248,tt0015163,0.6
tt0007248,tt0017829,0.6
tt0007255,tt0005604,0.9
tt0007255,tt0006358,-1.3
tt0007255,tt0006417,0.4
tt0007255,tt0006570,-0.1
tt0007255,tt0008687,0.0
tt0007255,tt0009209,-0.9
tt0007255,tt0009241,0.0
tt0007255,tt0009879,-1.2
tt0007255,tt0009987,-0.5
tt0007255,tt0011313,-0.4
tt0007255,tt0011522,-0.4
tt0007255,tt0011721,-0.8
tt0007255,tt0012476,-0.5
tt0007255,tt0012855,-0.4
tt0007257,tt0002305,-1.3
tt0007257,tt0003838,0.5
tt0007257,tt0004038,0.9
tt0007257,tt0004223,0.1
tt0007257,tt0004854,0.1
tt0007257,tt0005600,0.8
tt0007257,tt0005719,0.6
tt0007257,tt0006592,0.4
tt0007257,tt0006688,-0.1
tt0007257,tt0007368,0.0
tt0007257,tt0008031,0.8
tt0007257,tt0012937,0.3
tt0007257,tt0014689,0.4
tt0007257,tt0016097,0.5
tt0007257,tt0018646,-1.0
tt0007257,tt0018853,0.9
tt0007260,tt0004962,0.1
tt0007260,tt0005200,0.8
tt0007260,tt0006588,0.5
tt0007260,tt0007160,0.4
tt0007260,tt0008362,0.0
tt0007260,tt0008571,0.7
tt0007260,tt0008783,0.7
tt0007260,tt0008918,0.9
tt0007260,tt0009550,0.2
tt0007260,tt0009826,0.3
tt0007263,tt0009252,-0.9
tt0007263,tt0010031,0.1
tt0007263,tt0013386,-0.8
tt0007263,tt0016220,-1.7
tt0007263,tt0017385,-0.6
tt0007263,tt0017776,-0.9
tt0007263,tt0018601,-0.7
tt0007271,tt0005367,0.8
tt0007271,tt0009601,0.6
tt0007271,tt0009637,0.9
tt0007271,tt0011325,0.8
tt0007272,tt0006463,0.3
tt0007278,tt0005739,0.5
tt0007278,tt0005931,0.8
tt0007278,tt0006040,-0.8
tt0007278,tt0006373,0.0
tt0007278,tt0006709,0.0
tt0007278,tt0007021,-1.5
tt0007278,tt0007034,-0.2
tt0007278,tt0007094,-1.2
tt0007278,tt0007795,0.2
tt0007278,tt0009017,-0.4
tt0007278,tt0010466,0.7
tt0007278,tt0012366,0.2
tt0007279,tt0004026,-0.4
tt0007279,tt0008431,0.5
tt0007279,tt0011237,-0.9
tt0007279,tt0015045,-1.1
tt0007309,tt0002423,-0.1
tt0007309,tt0008950,0.6
tt0007309,tt0009062,0.5
tt0007309,tt0009893,-0.6
tt0007309,tt0010281,-0.2
tt0007309,tt0010456,0.6
tt0007309,tt0010600,-0.8
tt0007309,tt0010612,0.8
tt0007309,tt0010962,0.1
tt0007309,tt0011371,0.1
tt0007309,tt0011641,0.3
tt0007309,tt0011742,0.6
tt0007309,tt0011960,-0.3
tt0007309,tt0013741,0.1
tt0007309,tt0014416,0.1
tt0007309,tt0014925,0.6
tt0007309,tt0015119,-0.4
tt0007309,tt0015409,0.2
tt0007309,tt0015979,0.3
tt0007309,tt0016004,-0.6
tt0007309,tt0017409,-0.5
tt0007309,tt0018451,-0.9
tt0007313,tt0002574,0.3
tt0007313,tt0003337,0.4
tt0007313,tt0005955,0.7
tt0007313,tt0006210,0.2
tt0007313,tt0010325,0.2
tt0007313,tt0011855,-1.1
tt0007313,tt0013313,-1.0
tt0007313,tt0015347,-0.6
tt0007313,tt0016396,-0.3
tt0007313,tt0017492,-0.6
tt0007313,tt0018531,-0.4
tt0007313,tt0018733,-0.6
tt0007325,tt0005879,-0.2
tt0007325,tt0005960,-0.9
tt0007325,tt0008117,0.5
tt0007325,tt0008457,0.9
tt0007325,tt0009524,0.9
tt0007325,tt0009832,0.7
tt0007325,tt0010091,0.9
tt0007325,tt0013293,0.4
tt0007325,tt0015400,-1.8
tt0007325,tt0016500,0.9
tt0007325,tt0017089,0.9
tt0007325,tt0017540,-0.9
tt0007325,tt0018118,-0.2
tt0007325,tt0018170,-0.3
tt0007326,tt0010483,0.7
tt0007326,tt0012728,0.9
tt0007326,tt0012879,-0.1
tt0007338,tt0005752,-0.5
tt0007338,tt0008797,0.6
tt0007339,tt0017457,0.0
tt0007340,tt0005556,0.0
tt0007353,tt0005613,-0.8
tt0007353,tt0006731,-0.5
tt0007353,tt0006745,-1.0
tt0007353,tt0009721,-1.2
tt0007353,tt0010227,0.1
tt0007353,tt0010267,-0.3
tt0007353,tt0013093,-1.4
tt0007353,tt0013512,0.0
tt0007353,tt0013611,-0.6
tt0007353,tt0013624,0.1
tt0007353,tt0013688,-0.2
tt0007353,tt0013886,0.1
tt0007353,tt0014547,0.2
tt0007353,tt0014600,-0.4
tt0007353,tt0014982,-0.5
tt0007353,tt0015909,-0.4
tt0007353,tt0016646,-0.3
tt0007353,tt0016812,-0.8
tt0007353,tt0018297,-0.2
tt0007353,tt0018619,0.7
tt0007353,tt0018825,-0.9
tt0007355,tt0003014,0.6
tt0007355,tt0003150,0.4
tt0007355,tt0004047,0.7
tt0007355,tt0006108,-0.3
tt0007355,tt0008663,0.3
tt0007355,tt0008710,0.9
tt0007355,tt0008879,0.4
tt0007355,tt0010298,0.4
tt0007355,tt0011370,0.7
tt0007355,tt0011499,0.3
tt0007355,tt0012364,-0.4
tt0007355,tt0013452,0.0
tt0007355,tt0013730,0.8
tt0007355,tt0014014,0.7
tt0007355,tt0014302,0.9
tt0007355,tt0014972,-0.1
tt0007355,tt0015702,0.9
tt0007355,tt0016446,0.0
tt0007355,tt0017350,0.0
tt0007355,tt0018836,0.6
tt0007361,tt0001498,-0.4
tt0007361,tt0004306,-0.6
tt0007361,tt0005353,0.1
tt0007361,tt0009549,0.6
tt0007362,tt0006730,0.1
tt0007362,tt0015353,0.8
tt0007367,tt0005823,0.9
tt0007367,tt0006359,0.9
tt0007367,tt0006809,0.9
tt0007367,tt0006995,0.4
tt0007367,tt0007873,0.6
tt0007367,tt0008134,0.1
tt0007367,tt0008498,0.7
tt0007367,tt0008775,0.4
tt0007367,tt0013502,-0.2
tt0007368,tt0002305,-0.3
tt0007368,tt0006688,0.9
tt0007368,tt0018646,0.0
tt0007375,tt0003471,-2.1
tt0007375,tt0003589,-2.3
tt0007375,tt0005739,-2.8
tt0007375,tt0005931,-2.5
tt0007375,tt0006040,-4.1
tt0007375,tt0006373,-3.3
tt0007375,tt0006709,-3.3
tt0007375,tt0007021,-4.8
tt0007375,tt0007034,-3.5
tt0007375,tt0007094,-4.5
tt0007375,tt0007278,-2.3
tt0007375,tt0007795,-3.1
tt0007375,tt0009017,-3.7
tt0007375,tt0009240,-1.9
tt0007375,tt0009765,-0.9
tt0007375,tt0010466,-2.6
tt0007375,tt0012366,-3.1
tt0007407,tt0008825,0.9
tt0007410,tt0005209,0.1
tt0007410,tt0010404,-1.2
tt0007410,tt0010505,-1.2
tt0007415,tt0003670,0.5
tt0007415,tt0005180,-0.1
tt0007415,tt0005302,0.6
tt0007415,tt0005756,0.2
tt0007415,tt0005945,0.3
tt0007415,tt0006942,-0.7
tt0007415,tt0010292,0.9
tt0007422,tt0008527,-0.8
tt0007422,tt0012281,-0.1
tt0007422,tt0014586,0.2
tt0007422,tt0017739,-0.3
tt0007446,tt0003014,0.4
tt0007446,tt0003150,0.2
tt0007446,tt0004003,0.8
tt0007446,tt0004047,0.5
tt0007446,tt0006108,-0.5
tt0007446,tt0007355,0.8
tt0007446,tt0008663,0.1
tt0007446,tt0008710,0.7
tt0007446,tt0008879,0.2
tt0007446,tt0010206,0.8
tt0007446,tt0010298,0.2
tt0007446,tt0011370,0.5
tt0007446,tt0011499,0.1
tt0007446,tt0012364,-0.6
tt0007446,tt0013452,-0.2
tt0007446,tt0013730,0.6
tt0007446,tt0014014,0.5
tt0007446,tt0014302,0.7
tt0007446,tt0014972,-0.3
tt0007446,tt0015702,0.7
tt0007446,tt0016446,-0.2
tt0007446,tt0017350,-0.2
tt0007446,tt0018836,0.4
tt0007454,tt0006780,0.1
tt0007459,tt0003740,0.5
tt0007462,tt0005535,0.1
tt0007462,tt0018137,-0.3
tt0007473,tt0004294,0.5
tt0007473,tt0004792,0.5
tt0007473,tt0005059,0.6
tt0007473,tt0005060,0.8
tt0007473,tt0005402,0.5
tt0007473,tt0005589,0.8
tt0007473,tt0006605,0.5
tt0007473,tt0007038,0.3
tt0007473,tt0007857,0.0
tt0007473,tt0008150,0.7
tt0007473,tt0008519,0.9
tt0007473,tt0009440,0.9
tt0007473,tt0009781,-0.2
tt0007473,tt0009796,0.4
tt0007473,tt0010071,0.5
tt0007473,tt0010418,0.1
tt0007473,tt0011865,0.4
tt0007473,tt0011909,0.5
tt0007473,tt0012181,0.4
tt0007473,tt0012187,0.5
tt0007473,tt0013372,0.8
tt0007473,tt0013574,0.4
tt0007473,tt0014532,0.3
tt0007473,tt0014881,0.5
tt0007473,tt0015433,0.9
tt0007473,tt0015867,0.1
tt0007473,tt0016294,0.8
tt0007473,tt0017519,0.4
tt0007473,tt0018054,-0.2
tt0007491,tt0004651,0.0
tt0007491,tt0013631,0.4
tt0007491,tt0014223,-0.4
tt0007491,tt0018017,0.1
tt0007498,tt0005367,0.2
tt0007498,tt0007271,0.4
tt0007498,tt0007524,0.7
tt0007498,tt0007769,0.5
tt0007498,tt0007801,0.9
tt0007498,tt0008241,0.6
tt0007498,tt0009601,0.0
tt0007498,tt0009637,0.3
tt0007498,tt0011133,0.8
tt0007498,tt0011325,0.2
tt0007498,tt0011353,0.9
tt0007498,tt0012600,0.8
tt0007498,tt0015168,0.6
tt0007499,tt0014528,-1.9
tt0007499,tt0014826,-1.1
tt0007499,tt0015831,-1.9
tt0007506,tt0002669,0.2
tt0007506,tt0009290,-1.5
tt0007514,tt0009425,0.7
tt0007514,tt0010020,0.6
tt0007514,tt0012317,-0.5
tt0007514,tt0014588,0.6
tt0007514,tt0015831,0.7
tt0007514,tt0017998,-0.1
tt0007516,tt0005095,-0.7
tt0007516,tt0007453,-1.4
tt0007516,tt0008784,0.3
tt0007516,tt0015211,0.9
tt0007516,tt0016042,0.7
tt0007516,tt0016477,-0.7
tt0007519,tt0003102,-0.2
tt0007522,tt0005683,0.9
tt0007522,tt0006386,0.4
tt0007522,tt0006397,0.9
tt0007522,tt0008672,0.8
tt0007522,tt0009694,0.5
tt0007522,tt0010247,-0.4
tt0007522,tt0010755,-0.1
tt0007522,tt0011157,0.3
tt0007522,tt0012334,-0.1
tt0007522,tt0014108,-0.3
tt0007522,tt0014109,-0.3
tt0007522,tt0018014,0.0
tt0007524,tt0005367,0.5
tt0007524,tt0007271,0.7
tt0007524,tt0007769,0.8
tt0007524,tt0008241,0.9
tt0007524,tt0009601,0.3
tt0007524,tt0009637,0.6
tt0007524,tt0011325,0.5
tt0007524,tt0015168,0.9
tt0007534,tt0003632,0.0
tt0007534,tt0007983,0.0
tt0007534,tt0010323,-1.9
tt0007534,tt0011221,0.2
tt0007534,tt0011502,0.4
tt0007534,tt0014146,-0.1
tt0007534,tt0014397,-0.6
tt0007534,tt0015202,-0.9
tt0007534,tt0017338,0.1
tt0007539,tt0005592,0.9
tt0007539,tt0006568,0.4
tt0007539,tt0007927,-0.3
tt0007539,tt0008201,0.1
tt0007539,tt0009480,0.9
tt0007539,tt0011952,-1.3
tt0007539,tt0012555,-0.1
tt0007539,tt0012864,0.3
tt0007539,tt0014499,0.4
tt0007539,tt0015224,-0.1
tt0007539,tt0016030,-1.0
tt0007539,tt0016403,0.7
tt0007539,tt0016634,-0.1
tt0007539,tt0016762,0.3
tt0007539,tt0017033,0.0
tt0007587,tt0005621,-1.6
tt0007587,tt0006299,-3.1
tt0007587,tt0006933,-0.8
tt0007587,tt0007047,-1.1
tt0007587,tt0007061,0.6
tt0007587,tt0007699,0.0
tt0007587,tt0008010,-1.0
tt0007587,tt0008539,0.1
tt0007587,tt0008822,-0.9
tt0007587,tt0009257,-0.8
tt0007587,tt0010425,0.0
tt0007587,tt0011079,-1.6
tt0007587,tt0011588,-1.2
tt0007587,tt0012087,-1.9
tt0007587,tt0012492,-1.4
tt0007587,tt0014051,-2.0
tt0007587,tt0015589,-0.3
tt0007587,tt0017212,-0.9
tt0007587,tt0017796,-0.9
tt0007590,tt0005561,-0.4
tt0007590,tt0007000,-0.7
tt0007590,tt0008305,0.5
tt0007590,tt0010419,0.7
tt0007590,tt0013104,0.8
tt0007590,tt0013450,0.6
tt0007590,tt0013841,0.7
tt0007590,tt0014619,0.7
tt0007590,tt0015310,0.1
tt0007590,tt0016541,0.1
tt0007590,tt0017751,0.7
tt0007590,tt0018622,0.8
tt0007614,tt0005790,0.9
tt0007617,tt0005613,-1.0
tt0007617,tt0006731,-0.7
tt0007617,tt0006745,-1.2
tt0007617,tt0007353,-0.2
tt0007617,tt0009086,0.8
tt0007617,tt0009721,-1.4
tt0007617,tt0010227,-0.1
tt0007617,tt0010229,0.8
tt0007617,tt0010267,-0.5
tt0007617,tt0013093,-1.6
tt0007617,tt0013512,-0.2
tt0007617,tt0013611,-0.8
tt0007617,tt0013624,-0.1
tt0007617,tt0013688,-0.4
tt0007617,tt0013886,-0.1
tt0007617,tt0014547,0.0
tt0007617,tt0014600,-0.6
tt0007617,tt0014982,-0.7
tt0007617,tt0015909,-0.6
tt0007617,tt0016646,-0.5
tt0007617,tt0016812,-1.0
tt0007617,tt0018297,-0.4
tt0007617,tt0018619,0.5
tt0007617,tt0018825,-1.1
tt0007620,tt0002917,0.6
tt0007620,tt0003999,0.8
tt0007620,tt0005683,0.5
tt0007620,tt0006386,0.0
tt0007620,tt0006397,0.5
tt0007620,tt0007522,0.6
tt0007620,tt0008672,0.4
tt0007620,tt0009694,0.1
tt0007620,tt0010247,-0.8
tt0007620,tt0010755,-0.5
tt0007620,tt0011157,-0.1
tt0007620,tt0012334,-0.5
tt0007620,tt0014108,-0.7
tt0007620,tt0014109,-0.7
tt0007620,tt0018014,-0.4
tt0007623,tt0012067,0.8
tt0007623,tt0015775,0.9
tt0007633,tt0003748,-2.8
tt0007633,tt0009492,-2.1
tt0007633,tt0011916,-0.8
tt0007645,tt0012324,0.2
tt0007664,tt0017599,0.8
tt0007669,tt0005613,-1.0
tt0007669,tt0006731,-0.7
tt0007669,tt0006745,-1.2
tt0007669,tt0007353,-0.2
tt0007669,tt0009086,0.8
tt0007669,tt0009721,-1.4
tt0007669,tt0010227,-0.1
tt0007669,tt0010229,0.8
tt0007669,tt0010267,-0.5
tt0007669,tt0013093,-1.6
tt0007669,tt0013512,-0.2
tt0007669,tt0013611,-0.8
tt0007669,tt0013624,-0.1
tt0007669,tt0013688,-0.4
tt0007669,tt0013886,-0.1
tt0007669,tt0014547,0.0
tt0007669,tt0014600,-0.6
tt0007669,tt0014982,-0.7
tt0007669,tt0015909,-0.6
tt0007669,tt0016646,-0.5
tt0007669,tt0016812,-1.0
tt0007669,tt0018297,-0.4
tt0007669,tt0018619,0.5
tt0007669,tt0018825,-1.1
tt0007673,tt0006589,0.3
tt0007673,tt0009212,0.7
tt0007673,tt0009224,-0.9
tt0007673,tt0009445,-1.8
tt0007673,tt0010507,-0.8
tt0007673,tt0014408,-0.1
tt0007678,tt0008443,0.9
tt0007678,tt0008891,0.7
tt0007678,tt0009020,0.3
tt0007678,tt0011785,0.5
tt0007678,tt0014158,0.1
tt0007678,tt0014602,0.6
tt0007679,tt0005530,-0.1
tt0007679,tt0006332,0.7
tt0007679,tt0006611,0.4
tt0007679,tt0006698,-0.3
tt0007679,tt0006713,0.4
tt0007679,tt0007232,0.3
tt0007679,tt0008279,0.3
tt0007679,tt0008803,0.4
tt0007679,tt0009014,0.5
tt0007679,tt0009031,0.9
tt0007679,tt0010307,-1.2
tt0007679,tt0014417,-1.0
tt0007679,tt0018192,-1.7
tt0007684,tt0005384,0.5
tt0007684,tt0005809,-0.1
tt0007684,tt0005905,-0.4
tt0007684,tt0009615,-0.6
tt0007697,tt0005879,-0.5
tt0007697,tt0005960,-1.2
tt0007697,tt0007184,0.7
tt0007697,tt0007325,0.7
tt0007697,tt0008117,0.2
tt0007697,tt0008457,0.6
tt0007697,tt0009524,0.6
tt0007697,tt0009832,0.4
tt0007697,tt0010091,0.6
tt0007697,tt0013293,0.1
tt0007697,tt0015400,-2.1
tt0007697,tt0016379,0.7
tt0007697,tt0016500,0.6
tt0007697,tt0017089,0.6
tt0007697,tt0017540,-1.2
tt0007697,tt0018118,-0.5
tt0007697,tt0018170,-0.6
tt0007699,tt0005621,-0.6
tt0007699,tt0006299,-2.1
tt0007699,tt0006933,0.2
tt0007699,tt0007047,-0.1
tt0007699,tt0008010,0.0
tt0007699,tt0008822,0.1
tt0007699,tt0009257,0.2
tt0007699,tt0011079,-0.6
tt0007699,tt0011588,-0.2
tt0007699,tt0012087,-0.9
tt0007699,tt0012492,-0.4
tt0007699,tt0014051,-1.0
tt0007699,tt0015589,0.7
tt0007699,tt0017212,0.1
tt0007699,tt0017796,0.1
tt0007702,tt0006011,0.7
tt0007702,tt0009677,0.4
tt0007702,tt0009878,0.7
tt0007702,tt0010622,0.7
tt0007702,tt0012386,0.5
tt0007702,tt0016814,0.7
tt0007711,tt0006547,0.3
tt0007711,tt0009551,0.8
tt0007712,tt0016874,-0.8
tt0007712,tt0018179,0.5
tt0007712,tt0018618,0.6
tt0007744,tt0011849,-1.2
tt0007744,tt0011881,0.2
tt0007744,tt0017388,0.8
tt0007755,tt0008634,0.7
tt0007755,tt0011358,0.6
tt0007755,tt0015973,0.9
tt0007755,tt0017374,0.9
tt0007755,tt0017463,-0.4
tt0007755,tt0018530,0.9
tt0007755,tt0018909,-0.1
tt0007765,tt0002555,0.4
tt0007765,tt0003309,0.7
tt0007765,tt0003630,0.4
tt0007765,tt0003735,-0.3
tt0007765,tt0004712,-1.2
tt0007765,tt0004847,0.9
tt0007765,tt0004869,0.8
tt0007765,tt0006666,-0.6
tt0007765,tt0006893,0.6
tt0007765,tt0007005,0.4
tt0007765,tt0007012,0.7
tt0007765,tt0007910,-1.5
tt0007765,tt0008039,0.9
tt0007765,tt0008558,0.8
tt0007765,tt0008658,0.9
tt0007765,tt0008725,-0.8
tt0007765,tt0008806,0.9
tt0007765,tt0008810,0.7
tt0007765,tt0008826,-0.7
tt0007765,tt0009419,-0.1
tt0007765,tt0009622,0.6
tt0007765,tt0009754,0.7
tt0007765,tt0009771,0.3
tt0007765,tt0009853,-0.4
tt0007765,tt0010337,0.9
tt0007765,tt0010358,-0.8
tt0007765,tt0011011,0.1
tt0007765,tt0011137,0.3
tt0007765,tt0012192,-0.2
tt0007765,tt0012365,-0.2
tt0007765,tt0013619,-0.9
tt0007765,tt0014171,0.3
tt0007765,tt0014191,-0.4
tt0007765,tt0015339,-0.8
tt0007765,tt0016384,-0.8
tt0007765,tt0016850,-0.8
tt0007765,tt0016930,0.2
tt0007765,tt0017462,0.0
tt0007765,tt0017946,-0.4
tt0007765,tt0018159,-0.6
tt0007769,tt0005367,0.7
tt0007769,tt0007271,0.9
tt0007769,tt0009601,0.5
tt0007769,tt0009637,0.8
tt0007769,tt0011325,0.7
tt0007774,tt0007618,-0.1
tt0007778,tt0008217,0.5
tt0007778,tt0009722,-0.9
tt0007778,tt0012305,0.8
tt0007795,tt0006040,0.0
tt0007795,tt0006373,0.8
tt0007795,tt0006709,0.8
tt0007795,tt0007021,-0.7
tt0007795,tt0007034,0.6
tt0007795,tt0007094,-0.4
tt0007795,tt0009017,0.4
tt0007801,tt0005367,0.3
tt0007801,tt0007271,0.5
tt0007801,tt0007524,0.8
tt0007801,tt0007769,0.6
tt0007801,tt0008241,0.7
tt0007801,tt0009601,0.1
tt0007801,tt0009637,0.4
tt0007801,tt0011133,0.9
tt0007801,tt0011325,0.3
tt0007801,tt0012600,0.9
tt0007801,tt0015168,0.7
tt0007811,tt0004962,-0.5
tt0007811,tt0005172,0.7
tt0007811,tt0005200,0.2
tt0007811,tt0006375,0.7
tt0007811,tt0006588,-0.1
tt0007811,tt0007160,-0.2
tt0007811,tt0007260,0.4
tt0007811,tt0008362,-0.6
tt0007811,tt0008571,0.1
tt0007811,tt0008623,0.4
tt0007811,tt0008783,0.1
tt0007811,tt0008892,0.8
tt0007811,tt0008918,0.3
tt0007811,tt0009550,-0.4
tt0007811,tt0009596,0.7
tt0007811,tt0009600,0.7
tt0007811,tt0009826,-0.3
tt0007811,tt0010476,0.9
tt0007811,tt0010733,0.9
tt0007811,tt0011078,0.7
tt0007817,tt0008787,-0.4
tt0007817,tt0014580,0.8
tt0007820,tt0005879,-0.7
tt0007820,tt0005960,-1.4
tt0007820,tt0007184,0.5
tt0007820,tt0007325,0.5
tt0007820,tt0007697,0.8
tt0007820,tt0008117,0.0
tt0007820,tt0008457,0.4
tt0007820,tt0008671,0.8
tt0007820,tt0009219,0.8
tt0007820,tt0009524,0.4
tt0007820,tt0009832,0.2
tt0007820,tt0010091,0.4
tt0007820,tt0013293,-0.1
tt0007820,tt0015400,-2.3
tt0007820,tt0015776,0.8
tt0007820,tt0016379,0.5
tt0007820,tt0016500,0.4
tt0007820,tt0017089,0.4
tt0007820,tt0017540,-1.4
tt0007820,tt0018118,-0.7
tt0007820,tt0018170,-0.8
tt0007826,tt0008787,-1.2
tt0007828,tt0009026,0.7
tt0007839,tt0005367,-1.2
tt0007839,tt0007271,-1.0
tt0007839,tt0007498,-0.4
tt0007839,tt0007524,-0.7
tt0007839,tt0007769,-0.9
tt0007839,tt0007801,-0.5
tt0007839,tt0008076,0.5
tt0007839,tt0008241,-0.8
tt0007839,tt0008677,0.3
tt0007839,tt0009573,-0.4
tt0007839,tt0009601,-1.4
tt0007839,tt0009637,-1.1
tt0007839,tt0010377,0.3
tt0007839,tt0010700,0.5
tt0007839,tt0010912,0.1
tt0007839,tt0011133,-0.6
tt0007839,tt0011325,-1.2
tt0007839,tt0011353,-0.5
tt0007839,tt0012600,-0.6
tt0007839,tt0014469,0.3
tt0007839,tt0015168,-0.8
tt0007857,tt0009781,0.8
tt0007857,tt0018054,0.8
tt0007873,tt0006995,0.8
tt0007873,tt0008134,0.5
tt0007873,tt0008775,0.8
tt0007873,tt0013502,0.2
tt0007885,tt0004275,0.3
tt0007885,tt0004833,0.0
tt0007885,tt0005790,-0.5
tt0007885,tt0007614,-0.4
tt0007885,tt0008123,0.8
tt0007885,tt0009128,-0.3
tt0007903,tt0008362,0.1
tt0007903,tt0009550,0.3
tt0007903,tt0010853,0.8
tt0007903,tt0011651,0.5
tt0007903,tt0012754,0.8
tt0007903,tt0013606,0.2
tt0007903,tt0014503,0.6
tt0007903,tt0018548,0.9
tt0007927,tt0011952,-0.0
tt0007927,tt0016030,0.3
tt0007931,tt0011998,0.5
tt0007931,tt0014510,0.4
tt0007931,tt0015299,-0.2
tt0007931,tt0017379,0.5
tt0007931,tt0018266,-0.3
tt0007932,tt0005974,0.4
tt0007932,tt0009204,0.5
tt0007932,tt0012298,0.7
tt0007932,tt0014365,-1.3
tt0007932,tt0014927,-0.4
tt0007932,tt0016480,0.4
tt0007932,tt0016534,0.7
tt0007932,tt0017687,0.6
tt0007932,tt0018771,-0.5
tt0007932,tt0018797,0.8
tt0007933,tt0007110,0.1
tt0007933,tt0011604,0.0
tt0007933,tt0013700,0.4
tt0007933,tt0017099,0.5
tt0007952,tt0015471,-0.3
tt0007952,tt0018597,-1.3
tt0007959,tt0012068,0.5
tt0007959,tt0012190,0.2
tt0007959,tt0013515,0.5
tt0007959,tt0013710,-0.3
tt0007959,tt0013716,0.8
tt0007959,tt0014440,0.2
tt0007959,tt0017103,0.5
tt0007959,tt0017120,0.5
tt0007959,tt0017917,0.6
tt0007983,tt0010323,-0.9
tt0007983,tt0014146,0.9
tt0007983,tt0014397,0.4
tt0007983,tt0015202,0.1
tt0007984,tt0002555,0.4
tt0007984,tt0003309,0.7
tt0007984,tt0003630,0.4
tt0007984,tt0003735,-0.3
tt0007984,tt0004712,-1.2
tt0007984,tt0004847,0.9
tt0007984,tt0004869,0.8
tt0007984,tt0006666,-0.6
tt0007984,tt0006893,0.6
tt0007984,tt0007005,0.4
tt0007984,tt0007012,0.7
tt0007984,tt0007910,-1.5
tt0007984,tt0008039,0.9
tt0007984,tt0008558,0.8
tt0007984,tt0008658,0.9
tt0007984,tt0008725,-0.8
tt0007984,tt0008806,0.9
tt0007984,tt0008810,0.7
tt0007984,tt0008826,-0.7
tt0007984,tt0009419,-0.1
tt0007984,tt0009622,0.6
tt0007984,tt0009754,0.7
tt0007984,tt0009771,0.3
tt0007984,tt0009853,-0.4
tt0007984,tt0010337,0.9
tt0007984,tt0010358,-0.8
tt0007984,tt0011011,0.1
tt0007984,tt0011137,0.3
tt0007984,tt0012192,-0.2
tt0007984,tt0012365,-0.2
tt0007984,tt0013619,-0.9
tt0007984,tt0014171,0.3
tt0007984,tt0014191,-0.4
tt0007984,tt0015339,-0.8
tt0007984,tt0016384,-0.8
tt0007984,tt0016850,-0.8
tt0007984,tt0016930,0.2
tt0007984,tt0017462,0.0
tt0007984,tt0017946,-0.4
tt0007984,tt0018159,-0.6
tt0007986,tt0007116,0.7
tt0007986,tt0008510,0.9
tt0007986,tt0009096,0.9
tt0007986,tt0009420,0.6
tt0007986,tt0009431,0.6
tt0007998,tt0006437,0.3
tt0007998,tt0011070,0.7
tt0007998,tt0016894,0.4
tt0008000,tt0008392,0.8
tt0008000,tt0009273,-1.4
tt0008000,tt0011093,-1.5
tt0008000,tt0011265,0.7
tt0008000,tt0011939,0.7
tt0008000,tt0012875,0.9
tt0008000,tt0013145,0.2
tt0008000,tt0013391,0.3
tt0008000,tt0013759,0.7
tt0008000,tt0013986,0.2
tt0008000,tt0014203,0.7
tt0008000,tt0014283,0.8
tt0008000,tt0014703,0.3
tt0008000,tt0014950,-1.4
tt0008000,tt0014965,0.7
tt0008000,tt0015094,0.2
tt0008000,tt0015501,0.7
tt0008000,tt0015602,-0.1
tt0008000,tt0015746,0.9
tt0008000,tt0015903,0.1
tt0008000,tt0016433,0.7
tt0008000,tt0016449,0.5
tt0008000,tt0016916,0.5
tt0008000,tt0017527,0.7
tt0008000,tt0017727,-0.3
tt0008000,tt0017858,-1.5
tt0008000,tt0017902,0.6
tt0008000,tt0017976,0.2
tt0008000,tt0018438,-1.2
tt0008000,tt0018579,0.3
tt0008004,tt0006547,0.2
tt0008004,tt0007711,0.9
tt0008004,tt0009551,0.7
tt0008010,tt0005621,0.4
tt0008010,tt0006299,-1.1
tt0008010,tt0007047,0.9
tt0008010,tt0011079,0.4
tt0008010,tt0011588,0.8
tt0008010,tt0012087,0.1
tt0008010,tt0012492,0.6
tt0008010,tt0014051,0.0
tt0008011,tt0004825,0.7
tt0008011,tt0004872,0.6
tt0008011,tt0005041,0.5
tt0008011,tt0006755,0.5
tt0008011,tt0007678,0.5
tt0008011,tt0008443,0.4
tt0008011,tt0008458,0.9
tt0008011,tt0008891,0.2
tt0008011,tt0009020,-0.2
tt0008011,tt0009523,0.8
tt0008011,tt0009567,0.5
tt0008011,tt0009969,0.7
tt0008011,tt0010844,0.7
tt0008011,tt0010882,0.8
tt0008011,tt0011387,0.5
tt0008011,tt0011785,0.0
tt0008011,tt0013332,0.5
tt0008011,tt0014158,-0.4
tt0008011,tt0014602,0.1
tt0008011,tt0015492,0.5
tt0008011,tt0016150,0.7
tt0008022,tt0003657,-0.8
tt0008022,tt0004740,0.5
tt0008022,tt0004838,-0.1
tt0008022,tt0004874,0.1
tt0008022,tt0005149,-0.3
tt0008022,tt0005193,-2.5
tt0008022,tt0005832,0.0
tt0008022,tt0006375,-0.3
tt0008022,tt0006517,-0.1
tt0008022,tt0008044,-0.9
tt0008022,tt0008951,0.4
tt0008022,tt0009960,-1.1
tt0008022,tt0010032,-0.9
tt0008022,tt0011091,-0.3
tt0008022,tt0012227,-0.1
tt0008022,tt0012706,0.9
tt0008022,tt0014024,-0.2
tt0008022,tt0016523,-1.4
tt0008022,tt0016880,-0.5
tt0008026,tt0007992,-0.3
tt0008026,tt0009989,-0.2
tt0008028,tt0008742,0.1
tt0008029,tt0004052,0.4
tt0008029,tt0007326,0.2
tt0008029,tt0010483,-0.1
tt0008029,tt0012728,0.1
tt0008029,tt0012879,-0.9
tt0008029,tt0012928,0.8
tt0008029,tt0013750,0.6
tt0008029,tt0015518,0.9
tt0008031,tt0002305,-1.1
tt0008031,tt0003838,0.7
tt0008031,tt0004223,0.3
tt0008031,tt0004854,0.3
tt0008031,tt0005719,0.8
tt0008031,tt0006592,0.6
tt0008031,tt0006688,0.1
tt0008031,tt0007368,0.2
tt0008031,tt0012937,0.5
tt0008031,tt0014689,0.6
tt0008031,tt0016097,0.7
tt0008031,tt0018646,-0.8
tt0008036,tt0004962,-0.7
tt0008036,tt0005172,0.5
tt0008036,tt0005200,0.0
tt0008036,tt0006375,0.5
tt0008036,tt0006571,0.9
tt0008036,tt0006588,-0.3
tt0008036,tt0007160,-0.4
tt0008036,tt0007260,0.2
tt0008036,tt0007811,0.8
tt0008036,tt0008362,-0.8
tt0008036,tt0008571,-0.1
tt0008036,tt0008623,0.2
tt0008036,tt0008783,-0.1
tt0008036,tt0008892,0.6
tt0008036,tt0008918,0.1
tt0008036,tt0009550,-0.6
tt0008036,tt0009596,0.5
tt0008036,tt0009600,0.5
tt0008036,tt0009826,-0.5
tt0008036,tt0010476,0.7
tt0008036,tt0010733,0.7
tt0008036,tt0011078,0.5
tt0008039,tt0002555,0.5
tt0008039,tt0003309,0.8
tt0008039,tt0003630,0.5
tt0008039,tt0003735,-0.2
tt0008039,tt0004712,-1.1
tt0008039,tt0004869,0.9
tt0008039,tt0006666,-0.5
tt0008039,tt0006893,0.7
tt0008039,tt0007005,0.5
tt0008039,tt0007012,0.8
tt0008039,tt0007910,-1.4
tt0008039,tt0008558,0.9
tt0008039,tt0008725,-0.7
tt0008039,tt0008810,0.8
tt0008039,tt0008826,-0.6
tt0008039,tt0009419,0.0
tt0008039,tt0009622,0.7
tt0008039,tt0009754,0.8
tt0008039,tt0009771,0.4
tt0008039,tt0009853,-0.3
tt0008039,tt0010358,-0.7
tt0008039,tt0011011,0.2
tt0008039,tt0011137,0.4
tt0008039,tt0012192,-0.1
tt0008039,tt0012365,-0.1
tt0008039,tt0013619,-0.8
tt0008039,tt0014171,0.4
tt0008039,tt0014191,-0.3
tt0008039,tt0015339,-0.7
tt0008039,tt0016384,-0.7
tt0008039,tt0016850,-0.7
tt0008039,tt0016930,0.3
tt0008039,tt0017462,0.1
tt0008039,tt0017946,-0.3
tt0008039,tt0018159,-0.5
tt0008041,tt0005556,-0.2
tt0008041,tt0007340,0.8
tt0008044,tt0005193,-0.6
tt0008044,tt0009960,0.8
tt0008044,tt0016523,0.5
tt0008051,tt0008851,-0.1
tt0008051,tt0009106,0.5
tt0008065,tt0006847,0.5
tt0008065,tt0007188,0.5
tt0008065,tt0007867,-0.8
tt0008065,tt0010227,0.3
tt0008065,tt0014915,-0.5
tt0008065,tt0016964,0.5
tt0008071,tt0005754,0.8
tt0008071,tt0006357,0.8
tt0008071,tt0006505,-0.3
tt0008071,tt0006508,0.0
tt0008071,tt0006826,0.9
tt0008071,tt0009047,0.1
tt0008071,tt0012345,0.0
tt0008071,tt0016368,0.6
tt0008076,tt0005367,-0.7
tt0008076,tt0007271,-0.5
tt0008076,tt0007498,0.1
tt0008076,tt0007524,-0.2
tt0008076,tt0007769,-0.4
tt0008076,tt0007801,0.0
tt0008076,tt0008241,-0.3
tt0008076,tt0008677,0.8
tt0008076,tt0009573,0.1
tt0008076,tt0009601,-0.9
tt0008076,tt0009637,-0.6
tt0008076,tt0010377,0.8
tt0008076,tt0010912,0.6
tt0008076,tt0011133,-0.1
tt0008076,tt0011325,-0.7
tt0008076,tt0011353,0.0
tt0008076,tt0012600,-0.1
tt0008076,tt0014469,0.8
tt0008076,tt0015168,-0.3
tt0008091,tt0013254,0.9
tt0008091,tt0013965,0.7
tt0008091,tt0017506,0.4
tt0008091,tt0017929,0.4
tt0008091,tt0018184,0.8
tt0008099,tt0012313,0.3
tt0008099,tt0012314,0.3
tt0008100,tt0008416,0.9
tt0008117,tt0005879,0.3
tt0008117,tt0005960,-0.4
tt0008117,tt0013293,0.9
tt0008117,tt0015400,-1.3
tt0008117,tt0017540,-0.4
tt0008117,tt0018118,0.3
tt0008117,tt0018170,0.2
tt0008123,tt0004275,0.5
tt0008123,tt0004833,0.2
tt0008123,tt0005790,-0.3
tt0008123,tt0007614,-0.2
tt0008123,tt0009128,-0.1
tt0008134,tt0013502,0.7
tt0008138,tt0005061,0.6
tt0008138,tt0005879,-1.1
tt0008138,tt0005960,-1.8
tt0008138,tt0006441,0.8
tt0008138,tt0007184,0.1
tt0008138,tt0007325,0.1
tt0008138,tt0007697,0.4
tt0008138,tt0007820,0.6
tt0008138,tt0008117,-0.4
tt0008138,tt0008457,0.0
tt0008138,tt0008671,0.4
tt0008138,tt0009219,0.4
tt0008138,tt0009524,0.0
tt0008138,tt0009832,-0.2
tt0008138,tt0010091,0.0
tt0008138,tt0011739,0.8
tt0008138,tt0013293,-0.5
tt0008138,tt0015400,-2.7
tt0008138,tt0015776,0.4
tt0008138,tt0016379,0.1
tt0008138,tt0016500,0.0
tt0008138,tt0017089,0.0
tt0008138,tt0017540,-1.8
tt0008138,tt0018118,-1.1
tt0008138,tt0018170,-1.2
tt0008144,tt0005613,-1.9
tt0008144,tt0006509,-0.9
tt0008144,tt0006731,-1.6
tt0008144,tt0006745,-2.1
tt0008144,tt0007353,-1.1
tt0008144,tt0007617,-0.9
tt0008144,tt0007669,-0.9
tt0008144,tt0009086,-0.1
tt0008144,tt0009621,0.1
tt0008144,tt0009721,-2.3
tt0008144,tt0010227,-1.0
tt0008144,tt0010229,-0.1
tt0008144,tt0010267,-1.4
tt0008144,tt0013093,-2.5
tt0008144,tt0013512,-1.1
tt0008144,tt0013611,-1.7
tt0008144,tt0013624,-1.0
tt0008144,tt0013688,-1.3
tt0008144,tt0013886,-1.0
tt0008144,tt0014547,-0.9
tt0008144,tt0014600,-1.5
tt0008144,tt0014982,-1.6
tt0008144,tt0015332,0.3
tt0008144,tt0015909,-1.5
tt0008144,tt0016646,-1.4
tt0008144,tt0016812,-1.9
tt0008144,tt0018297,-1.3
tt0008144,tt0018480,0.1
tt0008144,tt0018619,-0.4
tt0008144,tt0018825,-2.0
tt0008150,tt0004294,0.8
tt0008150,tt0004792,0.8
tt0008150,tt0005059,0.9
tt0008150,tt0005402,0.8
tt0008150,tt0006605,0.8
tt0008150,tt0007038,0.6
tt0008150,tt0007857,0.3
tt0008150,tt0009781,0.1
tt0008150,tt0009796,0.7
tt0008150,tt0010071,0.8
tt0008150,tt0010418,0.4
tt0008150,tt0011865,0.7
tt0008150,tt0011909,0.8
tt0008150,tt0012181,0.7
tt0008150,tt0012187,0.8
tt0008150,tt0013574,0.7
tt0008150,tt0014532,0.6
tt0008150,tt0014881,0.8
tt0008150,tt0015867,0.4
tt0008150,tt0017519,0.7
tt0008150,tt0018054,0.1
tt0008151,tt0004272,-1.6
tt0008151,tt0005005,-1.2
tt0008151,tt0006339,0.3
tt0008151,tt0008353,-0.3
tt0008151,tt0008476,-1.9
tt0008151,tt0008978,-0.1
tt0008151,tt0011495,0.5
tt0008151,tt0011771,0.6
tt0008151,tt0013225,0.0
tt0008151,tt0016214,-0.2
tt0008151,tt0016237,-0.8
tt0008151,tt0017218,-0.5
tt0008151,tt0018740,-0.1
tt0008159,tt0007645,0.4
tt0008159,tt0012324,-0.4
tt0008159,tt0016804,0.6
tt0008159,tt0017667,0.6
tt0008159,tt0018566,0.6
tt0008161,tt0005916,0.4
tt0008163,tt0002555,-0.2
tt0008163,tt0002996,0.8
tt0008163,tt0003309,0.1
tt0008163,tt0003630,-0.2
tt0008163,tt0003735,-0.9
tt0008163,tt0004199,0.4
tt0008163,tt0004712,-1.8
tt0008163,tt0004847,0.3
tt0008163,tt0004869,0.2
tt0008163,tt0006600,0.6
tt0008163,tt0006666,-1.2
tt0008163,tt0006673,0.9
tt0008163,tt0006893,-0.0
tt0008163,tt0007005,-0.2
tt0008163,tt0007012,0.1
tt0008163,tt0007765,0.4
tt0008163,tt0007910,-2.1
tt0008163,tt0007984,0.4
tt0008163,tt0008039,0.3
tt0008163,tt0008164,0.9
tt0008163,tt0008558,0.2
tt0008163,tt0008651,0.8
tt0008163,tt0008658,0.3
tt0008163,tt0008725,-1.4
tt0008163,tt0008745,0.5
tt0008163,tt0008804,0.5
tt0008163,tt0008806,0.3
tt0008163,tt0008810,0.1
tt0008163,tt0008826,-1.3
tt0008163,tt0008983,0.5
tt0008163,tt0009247,0.5
tt0008163,tt0009322,0.4
tt0008163,tt0009419,-0.7
tt0008163,tt0009622,-0.0
tt0008163,tt0009754,0.1
tt0008163,tt0009771,-0.3
tt0008163,tt0009853,-1.0
tt0008163,tt0010186,0.6
tt0008163,tt0010337,0.3
tt0008163,tt0010358,-1.4
tt0008163,tt0011011,-0.5
tt0008163,tt0011137,-0.3
tt0008163,tt0011487,0.5
tt0008163,tt0011731,0.5
tt0008163,tt0012192,-0.8
tt0008163,tt0012365,-0.8
tt0008163,tt0013619,-1.5
tt0008163,tt0014171,-0.3
tt0008163,tt0014191,-1.0
tt0008163,tt0014303,0.9
tt0008163,tt0014970,0.8
tt0008163,tt0015339,-1.4
tt0008163,tt0015356,0.5
tt0008163,tt0016384,-1.4
tt0008163,tt0016850,-1.4
tt0008163,tt0016930,-0.4
tt0008163,tt0017462,-0.6
tt0008163,tt0017805,0.4
tt0008163,tt0017946,-1.0
tt0008163,tt0018159,-1.2
tt0008164,tt0002555,-0.1
tt0008164,tt0002996,0.9
tt0008164,tt0003309,0.2
tt0008164,tt0003630,-0.1
tt0008164,tt0003735,-0.8
tt0008164,tt0004199,0.5
tt0008164,tt0004712,-1.7
tt0008164,tt0004847,0.4
tt0008164,tt0004869,0.3
tt0008164,tt0006600,0.7
tt0008164,tt0006666,-1.1
tt0008164,tt0006893,0.1
tt0008164,tt0007005,-0.1
tt0008164,tt0007012,0.2
tt0008164,tt0007765,0.5
tt0008164,tt0007910,-2.0
tt0008164,tt0007984,0.5
tt0008164,tt0008039,0.4
tt0008164,tt0008558,0.3
tt0008164,tt0008651,0.9
tt0008164,tt0008658,0.4
tt0008164,tt0008725,-1.3
tt0008164,tt0008745,0.6
tt0008164,tt0008804,0.6
tt0008164,tt0008806,0.4
tt0008164,tt0008810,0.2
tt0008164,tt0008826,-1.2
tt0008164,tt0008983,0.6
tt0008164,tt0009247,0.6
tt0008164,tt0009322,0.5
tt0008164,tt0009419,-0.6
tt0008164,tt0009622,0.1
tt0008164,tt0009754,0.2
tt0008164,tt0009771,-0.2
tt0008164,tt0009853,-0.9
tt0008164,tt0010186,0.7
tt0008164,tt0010337,0.4
tt0008164,tt0010358,-1.3
tt0008164,tt0011011,-0.4
tt0008164,tt0011137,-0.2
tt0008164,tt0011487,0.6
tt0008164,tt0011731,0.6
tt0008164,tt0012192,-0.7
tt0008164,tt0012365,-0.7
tt0008164,tt0013619,-1.4
tt0008164,tt0014171,-0.2
tt0008164,tt0014191,-0.9
tt0008164,tt0014970,0.9
tt0008164,tt0015339,-1.3
tt0008164,tt0015356,0.6
tt0008164,tt0016384,-1.3
tt0008164,tt0016850,-1.3
tt0008164,tt0016930,-0.3
tt0008164,tt0017462,-0.5
tt0008164,tt0017805,0.5
tt0008164,tt0017946,-0.9
tt0008164,tt0018159,-1.1
tt0008168,tt0008000,0.5
tt0008168,tt0008287,0.5
tt0008168,tt0008392,0.3
tt0008168,tt0008495,0.8
tt0008168,tt0009273,-1.9
tt0008168,tt0011093,-2.0
tt0008168,tt0011265,0.2
tt0008168,tt0011939,0.2
tt0008168,tt0012118,0.5
tt0008168,tt0012875,0.4
tt0008168,tt0013145,-0.3
tt0008168,tt0013391,-0.2
tt0008168,tt0013759,0.2
tt0008168,tt0013986,-0.3
tt0008168,tt0014203,0.2
tt0008168,tt0014283,0.3
tt0008168,tt0014703,-0.2
tt0008168,tt0014950,-1.9
tt0008168,tt0014965,0.2
tt0008168,tt0015094,-0.3
tt0008168,tt0015501,0.2
tt0008168,tt0015602,-0.6
tt0008168,tt0015746,0.4
tt0008168,tt0015903,-0.4
tt0008168,tt0016266,0.5
tt0008168,tt0016433,0.2
tt0008168,tt0016449,0.0
tt0008168,tt0016916,0.0
tt0008168,tt0017527,0.2
tt0008168,tt0017727,-0.8
tt0008168,tt0017858,-2.0
tt0008168,tt0017902,0.1
tt0008168,tt0017976,-0.3
tt0008168,tt0018438,-1.7
tt0008168,tt0018579,-0.2
tt0008175,tt0006874,0.4
tt0008175,tt0007664,-0.1
tt0008175,tt0017599,-0.3
tt0008176,tt0009851,0.4
tt0008177,tt0008176,-1.0
tt0008177,tt0008952,0.1
tt0008177,tt0009436,-0.1
tt0008177,tt0009851,-1.6
tt0008177,tt0009852,0.7
tt0008195,tt0007828,-0.5
tt0008195,tt0009026,-0.8
tt0008196,tt0008499,0.8
tt0008196,tt0008827,0.9
tt0008196,tt0009326,0.7
tt0008196,tt0009652,0.2
tt0008196,tt0010040,0.5
tt0008196,tt0012406,0.1
tt0008196,tt0013490,0.5
tt0008196,tt0014854,0.3
tt0008196,tt0016390,-0.8
tt0008201,tt0007927,0.6
tt0008201,tt0011952,-0.4
tt0008201,tt0012555,0.8
tt0008201,tt0015224,0.8
tt0008201,tt0016030,-0.1
tt0008201,tt0016634,0.8
tt0008201,tt0017033,0.9
tt0008217,tt0009722,-0.4
tt0008232,tt0008527,-0.9
tt0008241,tt0005367,0.6
tt0008241,tt0007271,0.8
tt0008241,tt0007769,0.9
tt0008241,tt0009601,0.4
tt0008241,tt0009637,0.7
tt0008241,tt0011325,0.6
tt0008252,tt0018088,0.5
tt0008260,tt0006413,0.6
tt0008260,tt0008353,0.5
tt0008260,tt0014284,-0.6
tt0008260,tt0014888,0.9
tt0008260,tt0015248,0.1
tt0008260,tt0015537,0.4
tt0008260,tt0018575,0.2
tt0008260,tt0018813,-0.3
tt0008266,tt0003698,0.7
tt0008266,tt0005879,0.7
tt0008266,tt0005984,0.0
tt0008266,tt0009704,0.2
tt0008266,tt0010566,-0.5
tt0008266,tt0013902,-0.2
tt0008266,tt0017259,0.6
tt0008271,tt0007755,-1.1
tt0008271,tt0008551,0.2
tt0008271,tt0008634,-1.4
tt0008271,tt0008978,-0.3
tt0008271,tt0009153,-1.0
tt0008271,tt0009494,0.8
tt0008271,tt0009580,-0.3
tt0008271,tt0009811,0.7
tt0008271,tt0009859,0.4
tt0008271,tt0010119,0.8
tt0008271,tt0010198,0.3
tt0008271,tt0010438,0.2
tt0008271,tt0010544,0.8
tt0008271,tt0010628,0.8
tt0008271,tt0011298,0.2
tt0008271,tt0011358,-1.5
tt0008271,tt0011906,0.2
tt0008271,tt0011968,0.7
tt0008271,tt0012328,0.1
tt0008271,tt0012734,0.9
tt0008271,tt0013735,-0.4
tt0008271,tt0013909,-0.7
tt0008271,tt0014321,-0.8
tt0008271,tt0015973,-1.2
tt0008271,tt0016022,-1.0
tt0008271,tt0016417,0.7
tt0008271,tt0016664,-0.7
tt0008271,tt0017374,-1.2
tt0008271,tt0017463,-2.5
tt0008271,tt0018530,-1.2
tt0008271,tt0018909,-2.2
tt0008279,tt0005530,0.6
tt0008279,tt0006698,0.4
tt0008279,tt0010307,-0.5
tt0008279,tt0014417,-0.3
tt0008279,tt0018192,-1.0
tt0008285,tt0006706,0.8
tt0008285,tt0007116,0.5
tt0008285,tt0007986,0.8
tt0008285,tt0008510,0.7
tt0008285,tt0009096,0.7
tt0008285,tt0009420,0.4
tt0008285,tt0009431,0.4
tt0008287,tt0008392,0.8
tt0008287,tt0009273,-1.4
tt0008287,tt0011093,-1.5
tt0008287,tt0011265,0.7
tt0008287,tt0011939,0.7
tt0008287,tt0012875,0.9
tt0008287,tt0013145,0.2
tt0008287,tt0013391,0.3
tt0008287,tt0013759,0.7
tt0008287,tt0013986,0.2
tt0008287,tt0014203,0.7
tt0008287,tt0014283,0.8
tt0008287,tt0014703,0.3
tt0008287,tt0014950,-1.4
tt0008287,tt0014965,0.7
tt0008287,tt0015094,0.2
tt0008287,tt0015501,0.7
tt0008287,tt0015602,-0.1
tt0008287,tt0015746,0.9
tt0008287,tt0015903,0.1
tt0008287,tt0016433,0.7
tt0008287,tt0016449,0.5
tt0008287,tt0016916,0.5
tt0008287,tt0017527,0.7
tt0008287,tt0017727,-0.3
tt0008287,tt0017858,-1.5
tt0008287,tt0017902,0.6
tt0008287,tt0017976,0.2
tt0008287,tt0018438,-1.2
tt0008287,tt0018579,0.3
tt0008305,tt0005561,0.1
tt0008305,tt0007000,-0.2
tt0008305,tt0015310,0.6
tt0008305,tt0016541,0.6
tt0008307,tt0008939,-1.3
tt0008307,tt0008954,-1.0
tt0008307,tt0009527,0.1
tt0008307,tt0011880,0.4
tt0008307,tt0015623,0.6
tt0008307,tt0018018,0.2
tt0008309,tt0005392,0.3
tt0008309,tt0006736,0.9
tt0008309,tt0006753,0.9
tt0008309,tt0008406,0.1
tt0008309,tt0009143,0.3
tt0008309,tt0009400,0.8
tt0008309,tt0010049,-0.3
tt0008309,tt0012565,0.9
tt0008309,tt0013556,0.5
tt0008309,tt0014636,0.9
tt0008309,tt0014981,0.8
tt0008309,tt0015116,0.8
tt0008309,tt0015349,-0.2
tt0008309,tt0015465,0.2
tt0008309,tt0016394,0.7
tt0008309,tt0017242,0.2
tt0008309,tt0017841,0.4
tt0008319,tt0004313,0.6
tt0008319,tt0009159,-1.0
tt0008319,tt0009929,-0.8
tt0008319,tt0010060,0.1
tt0008319,tt0010964,-1.4
tt0008319,tt0011623,0.4
tt0008319,tt0011738,-0.5
tt0008319,tt0014164,-0.8
tt0008319,tt0014774,0.2
tt0008319,tt0015104,0.3
tt0008319,tt0017526,0.0
tt0008319,tt0018749,-0.3
tt0008319,tt0018893,-1.5
tt0008353,tt0004272,-0.3
tt0008353,tt0005005,0.1
tt0008353,tt0006283,-0.2
tt0008353,tt0008476,-0.6
tt0008353,tt0008630,0.8
tt0008353,tt0014284,-0.1
tt0008353,tt0015248,0.6
tt0008353,tt0015537,0.9
tt0008353,tt0016237,0.5
tt0008353,tt0017218,0.8
tt0008353,tt0018575,0.7
tt0008353,tt0018813,0.2
tt0008355,tt0011950,0.7
tt0008359,tt0005566,-0.1
tt0008359,tt0009882,0.2
tt0008361,tt0003686,-0.6
tt0008361,tt0005535,-1.7
tt0008361,tt0005847,-0.3
tt0008361,tt0006327,-0.2
tt0008361,tt0007462,-0.8
tt0008361,tt0009666,-0.8
tt0008361,tt0011647,-0.5
tt0008361,tt0012675,-0.6
tt0008361,tt0013404,-0.8
tt0008361,tt0016878,0.2
tt0008361,tt0016927,-0.4
tt0008361,tt0018137,-2.1
tt0008371,tt0006206,0.7
tt0008371,tt0006886,0.8
tt0008371,tt0009701,0.9
tt0008371,tt0009905,0.4
tt0008371,tt0010089,0.9
tt0008371,tt0011110,0.9
tt0008371,tt0013125,0.6
tt0008371,tt0014897,0.4
tt0008374,tt0006626,0.2
tt0008379,tt0005754,0.5
tt0008379,tt0006357,0.5
tt0008379,tt0006505,-0.6
tt0008379,tt0006508,-0.3
tt0008379,tt0006826,0.6
tt0008379,tt0008071,0.7
tt0008379,tt0009047,-0.2
tt0008379,tt0012345,-0.3
tt0008379,tt0016368,0.3
tt0008379,tt0017215,0.9
tt0008379,tt0018038,0.7
tt0008387,tt0008442,-4.9
tt0008387,tt0013439,-4.8
tt0008389,tt0007664,-0.5
tt0008389,tt0008175,0.6
tt0008389,tt0013724,0.6
tt0008389,tt0016615,0.9
tt0008389,tt0017599,-0.7
tt0008392,tt0009273,-1.2
tt0008392,tt0011093,-1.3
tt0008392,tt0011265,0.9
tt0008392,tt0011939,0.9
tt0008392,tt0013145,0.4
tt0008392,tt0013391,0.5
tt0008392,tt0013759,0.9
tt0008392,tt0013986,0.4
tt0008392,tt0014203,0.9
tt0008392,tt0014703,0.5
tt0008392,tt0014950,-1.2
tt0008392,tt0014965,0.9
tt0008392,tt0015094,0.4
tt0008392,tt0015501,0.9
tt0008392,tt0015602,0.1
tt0008392,tt0015903,0.3
tt0008392,tt0016433,0.9
tt0008392,tt0016449,0.7
tt0008392,tt0016916,0.7
tt0008392,tt0017527,0.9
tt0008392,tt0017727,-0.1
tt0008392,tt0017858,-1.3
tt0008392,tt0017902,0.8
tt0008392,tt0017976,0.4
tt0008392,tt0018438,-1.0
tt0008392,tt0018579,0.5
tt0008402,tt0006580,0.5
tt0008402,tt0009475,0.2
tt0008406,tt0010049,0.6
tt0008406,tt0015349,0.7
tt0008411,tt0003692,-0.3
tt0008411,tt0004155,0.2
tt0008411,tt0004496,-0.8
tt0008411,tt0005974,-0.6
tt0008411,tt0006409,-1.1
tt0008411,tt0017000,0.6
tt0008431,tt0004026,0.1
tt0008431,tt0011237,-0.4
tt0008443,tt0008891,0.8
tt0008443,tt0009020,0.4
tt0008443,tt0011785,0.6
tt0008443,tt0014158,0.2
tt0008443,tt0014602,0.7
tt0008457,tt0005879,-0.1
tt0008457,tt0005960,-0.8
tt0008457,tt0008117,0.6
tt0008457,tt0009832,0.8
tt0008457,tt0013293,0.5
tt0008457,tt0015400,-1.7
tt0008457,tt0017540,-0.8
tt0008457,tt0018118,-0.1
tt0008457,tt0018170,-0.2
tt0008458,tt0004825,0.8
tt0008458,tt0004872,0.7
tt0008458,tt0005041,0.6
tt0008458,tt0006755,0.6
tt0008458,tt0007678,0.6
tt0008458,tt0008443,0.5
tt0008458,tt0008891,0.3
tt0008458,tt0009020,-0.1
tt0008458,tt0009523,0.9
tt0008458,tt0009567,0.6
tt0008458,tt0009969,0.8
tt0008458,tt0010844,0.8
tt0008458,tt0010882,0.9
tt0008458,tt0011387,0.6
tt0008458,tt0011785,0.1
tt0008458,tt0013332,0.6
tt0008458,tt0014158,-0.3
tt0008458,tt0014602,0.2
tt0008458,tt0015492,0.6
tt0008458,tt0016150,0.8
tt0008489,tt0004182,0.5
tt0008489,tt0005034,0.8
tt0008489,tt0009278,0.4
tt0008489,tt0009706,0.2
tt0008491,tt0004052,-0.7
tt0008491,tt0009233,0.7
tt0008491,tt0009325,0.8
tt0008491,tt0010356,0.7
tt0008491,tt0013236,0.1
tt0008491,tt0013627,0.9
tt0008491,tt0014734,0.2
tt0008491,tt0014845,0.1
tt0008491,tt0015742,0.0
tt0008491,tt0015813,0.7
tt0008491,tt0016213,-1.8
tt0008491,tt0016508,0.0
tt0008491,tt0016573,0.9
tt0008491,tt0016687,0.1
tt0008491,tt0016749,0.5
tt0008491,tt0016950,0.7
tt0008491,tt0017080,0.5
tt0008491,tt0017316,-1.2
tt0008491,tt0017325,0.0
tt0008491,tt0018313,0.3
tt0008491,tt0018565,-0.4
tt0008495,tt0008000,0.7
tt0008495,tt0008287,0.7
tt0008495,tt0008392,0.5
tt0008495,tt0009273,-1.7
tt0008495,tt0011093,-1.8
tt0008495,tt0011265,0.4
tt0008495,tt0011939,0.4
tt0008495,tt0012118,0.7
tt0008495,tt0012875,0.6
tt0008495,tt0013145,-0.1
tt0008495,tt0013391,0.0
tt0008495,tt0013759,0.4
tt0008495,tt0013986,-0.1
tt0008495,tt0014203,0.4
tt0008495,tt0014283,0.5
tt0008495,tt0014703,0.0
tt0008495,tt0014950,-1.7
tt0008495,tt0014965,0.4
tt0008495,tt0015094,-0.1
tt0008495,tt0015501,0.4
tt0008495,tt0015602,-0.4
tt0008495,tt0015746,0.6
tt0008495,tt0015903,-0.2
tt0008495,tt0016266,0.7
tt0008495,tt0016433,0.4
tt0008495,tt0016449,0.2
tt0008495,tt0016916,0.2
tt0008495,tt0017527,0.4
tt0008495,tt0017727,-0.6
tt0008495,tt0017858,-1.8
tt0008495,tt0017902,0.3
tt0008495,tt0017976,-0.1
tt0008495,tt0018438,-1.5
tt0008495,tt0018579,0.0
tt0008498,tt0006995,0.7
tt0008498,tt0007873,0.9
tt0008498,tt0008134,0.4
tt0008498,tt0008775,0.7
tt0008498,tt0013502,0.1
tt0008499,tt0009326,0.9
tt0008499,tt0009652,0.4
tt0008499,tt0010040,0.7
tt0008499,tt0012406,0.3
tt0008499,tt0013490,0.7
tt0008499,tt0014854,0.5
tt0008499,tt0016390,-0.6
tt0008502,tt0005195,-2.0
tt0008502,tt0006339,-1.8
tt0008502,tt0006917,-0.4
tt0008502,tt0008411,-3.1
tt0008502,tt0009304,-2.0
tt0008502,tt0010943,0.1
tt0008502,tt0011241,-0.5
tt0008502,tt0014756,-1.1
tt0008502,tt0014837,-0.9
tt0008502,tt0017000,-3.5
tt0008510,tt0007116,0.8
tt0008510,tt0009420,0.7
tt0008510,tt0009431,0.7
tt0008519,tt0004294,0.6
tt0008519,tt0004792,0.6
tt0008519,tt0005059,0.7
tt0008519,tt0005060,0.9
tt0008519,tt0005402,0.6
tt0008519,tt0005589,0.9
tt0008519,tt0006605,0.6
tt0008519,tt0007038,0.4
tt0008519,tt0007857,0.1
tt0008519,tt0008150,0.8
tt0008519,tt0009781,-0.1
tt0008519,tt0009796,0.5
tt0008519,tt0010071,0.6
tt0008519,tt0010418,0.2
tt0008519,tt0011865,0.5
tt0008519,tt0011909,0.6
tt0008519,tt0012181,0.5
tt0008519,tt0012187,0.6
tt0008519,tt0013372,0.9
tt0008519,tt0013574,0.5
tt0008519,tt0014532,0.4
tt0008519,tt0014881,0.6
tt0008519,tt0015867,0.2
tt0008519,tt0016294,0.9
tt0008519,tt0017519,0.5
tt0008519,tt0018054,-0.1
tt0008521,tt0005367,-2.1
tt0008521,tt0007271,-1.9
tt0008521,tt0007498,-1.3
tt0008521,tt0007524,-1.6
tt0008521,tt0007769,-1.8
tt0008521,tt0007801,-1.4
tt0008521,tt0007839,0.1
tt0008521,tt0008076,-0.4
tt0008521,tt0008241,-1.7
tt0008521,tt0008677,-0.6
tt0008521,tt0009573,-1.3
tt0008521,tt0009601,-2.3
tt0008521,tt0009637,-2.0
tt0008521,tt0010377,-0.6
tt0008521,tt0010700,-0.4
tt0008521,tt0010912,-0.8
tt0008521,tt0011133,-1.5
tt0008521,tt0011325,-2.1
tt0008521,tt0011353,-1.4
tt0008521,tt0012600,-1.5
tt0008521,tt0014469,-0.6
tt0008521,tt0015168,-1.7
tt0008535,tt0003301,-0.3
tt0008535,tt0003804,-0.6
tt0008535,tt0005250,-0.1
tt0008535,tt0005928,0.1
tt0008535,tt0008561,-0.4
tt0008535,tt0010490,-0.8
tt0008536,tt0005903,0.4
tt0008536,tt0006241,-0.1
tt0008536,tt0016559,0.8
tt0008536,tt0017293,0.6
tt0008536,tt0017418,0.8
tt0008536,tt0017748,0.6
tt0008536,tt0018844,0.9
tt0008539,tt0005621,-0.7
tt0008539,tt0006299,-2.2
tt0008539,tt0006933,0.1
tt0008539,tt0007047,-0.2
tt0008539,tt0007699,0.9
tt0008539,tt0008010,-0.1
tt0008539,tt0008051,0.4
tt0008539,tt0008822,0.0
tt0008539,tt0008851,-0.7
tt0008539,tt0009106,-0.1
tt0008539,tt0009257,0.1
tt0008539,tt0010425,0.9
tt0008539,tt0011079,-0.7
tt0008539,tt0011588,-0.3
tt0008539,tt0012087,-1.0
tt0008539,tt0012492,-0.5
tt0008539,tt0014051,-1.1
tt0008539,tt0015589,0.6
tt0008539,tt0017212,0.0
tt0008539,tt0017796,0.0
tt0008541,tt0006847,0.4
tt0008541,tt0007188,0.4
tt0008541,tt0007867,-0.9
tt0008541,tt0008065,0.9
tt0008541,tt0008698,0.9
tt0008541,tt0010227,0.2
tt0008541,tt0014915,-0.6
tt0008541,tt0016964,0.4
tt0008549,tt0014187,0.5
tt0008549,tt0015918,-0.5
tt0008549,tt0016478,0.5
tt0008550,tt0006437,-0.4
tt0008550,tt0007998,0.3
tt0008550,tt0011070,0.0
tt0008550,tt0011462,0.7
tt0008550,tt0011912,0.9
tt0008550,tt0012465,0.3
tt0008550,tt0014706,0.5
tt0008550,tt0016894,-0.3
tt0008551,tt0007755,-0.3
tt0008551,tt0008634,-0.6
tt0008551,tt0008978,0.5
tt0008551,tt0009153,-0.2
tt0008551,tt0009580,0.5
tt0008551,tt0011358,-0.7
tt0008551,tt0012328,0.9
tt0008551,tt0013735,0.4
tt0008551,tt0013909,0.1
tt0008551,tt0014321,0.0
tt0008551,tt0015973,-0.4
tt0008551,tt0016022,-0.2
tt0008551,tt0016664,0.1
tt0008551,tt0017374,-0.4
tt0008551,tt0017463,-1.7
tt0008551,tt0018530,-0.4
tt0008551,tt0018909,-1.4
tt0008558,tt0002555,0.6
tt0008558,tt0003309,0.9
tt0008558,tt0003630,0.6
tt0008558,tt0003735,-0.1
tt0008558,tt0004712,-1.0
tt0008558,tt0006666,-0.4
tt0008558,tt0006893,0.8
tt0008558,tt0007005,0.6
tt0008558,tt0007012,0.9
tt0008558,tt0007910,-1.3
tt0008558,tt0008725,-0.6
tt0008558,tt0008810,0.9
tt0008558,tt0008826,-0.5
tt0008558,tt0009419,0.1
tt0008558,tt0009622,0.8
tt0008558,tt0009754,0.9
tt0008558,tt0009771,0.5
tt0008558,tt0009853,-0.2
tt0008558,tt0010358,-0.6
tt0008558,tt0011011,0.3
tt0008558,tt0011137,0.5
tt0008558,tt0012192,0.0
tt0008558,tt0012365,0.0
tt0008558,tt0013619,-0.7
tt0008558,tt0014171,0.5
tt0008558,tt0014191,-0.2
tt0008558,tt0015339,-0.6
tt0008558,tt0016384,-0.6
tt0008558,tt0016850,-0.6
tt0008558,tt0016930,0.4
tt0008558,tt0017462,0.2
tt0008558,tt0017946,-0.2
tt0008558,tt0018159,-0.4
tt0008561,tt0003804,0.8
tt0008561,tt0010490,0.6
tt0008562,tt0003830,0.3
tt0008562,tt0003897,-0.8
tt0008562,tt0004465,-2.0
tt0008562,tt0005368,0.3
tt0008562,tt0005808,-0.1
tt0008562,tt0007339,-2.5
tt0008562,tt0009991,-0.8
tt0008562,tt0010114,0.0
tt0008562,tt0011368,-0.5
tt0008562,tt0014264,-1.1
tt0008562,tt0015239,-0.5
tt0008562,tt0015491,-1.4
tt0008562,tt0015499,-1.3
tt0008562,tt0016201,-0.7
tt0008562,tt0017457,-2.5
tt0008570,tt0005061,-0.0
tt0008570,tt0005879,-1.7
tt0008570,tt0005960,-2.4
tt0008570,tt0006441,0.2
tt0008570,tt0007184,-0.5
tt0008570,tt0007325,-0.5
tt0008570,tt0007697,-0.2
tt0008570,tt0007820,-0.0
tt0008570,tt0008117,-1.0
tt0008570,tt0008138,0.4
tt0008570,tt0008457,-0.6
tt0008570,tt0008671,-0.2
tt0008570,tt0009219,-0.2
tt0008570,tt0009444,0.4
tt0008570,tt0009524,-0.6
tt0008570,tt0009832,-0.8
tt0008570,tt0010091,-0.6
tt0008570,tt0011102,0.8
tt0008570,tt0011213,0.4
tt0008570,tt0011739,0.2
tt0008570,tt0012515,0.6
tt0008570,tt0013293,-1.1
tt0008570,tt0014213,0.4
tt0008570,tt0015400,-3.3
tt0008570,tt0015776,-0.2
tt0008570,tt0016379,-0.5
tt0008570,tt0016500,-0.6
tt0008570,tt0017089,-0.6
tt0008570,tt0017540,-2.4
tt0008570,tt0018118,-1.7
tt0008570,tt0018170,-1.8
tt0008571,tt0004962,0.4
tt0008571,tt0006588,0.8
tt0008571,tt0007160,0.7
tt0008571,tt0008362,0.3
tt0008571,tt0009550,0.5
tt0008571,tt0009826,0.6
tt0008572,tt0003883,-0.4
tt0008572,tt0009289,-0.9
tt0008572,tt0009376,0.1
tt0008572,tt0009858,0.4
tt0008572,tt0010822,0.6
tt0008579,tt0009145,0.3
tt0008579,tt0010630,0.8
tt0008608,tt0006637,0.5
tt0008623,tt0004962,0.1
tt0008623,tt0005200,0.8
tt0008623,tt0006588,0.5
tt0008623,tt0007160,0.4
tt0008623,tt0008362,0.0
tt0008623,tt0008571,0.7
tt0008623,tt0008783,0.7
tt0008623,tt0008918,0.9
tt0008623,tt0009550,0.2
tt0008623,tt0009826,0.3
tt0008630,tt0006283,0.0
tt0008634,tt0011358,0.9
tt0008634,tt0017463,-0.1
tt0008634,tt0018909,0.2
tt0008651,tt0002555,0.0
tt0008651,tt0003309,0.3
tt0008651,tt0003630,0.0
tt0008651,tt0003735,-0.7
tt0008651,tt0004199,0.6
tt0008651,tt0004712,-1.6
tt0008651,tt0004847,0.5
tt0008651,tt0004869,0.4
tt0008651,tt0006600,0.8
tt0008651,tt0006666,-1.0
tt0008651,tt0006893,0.2
tt0008651,tt0007005,0.0
tt0008651,tt0007012,0.3
tt0008651,tt0007765,0.6
tt0008651,tt0007910,-1.9
tt0008651,tt0007984,0.6
tt0008651,tt0008039,0.5
tt0008651,tt0008558,0.4
tt0008651,tt0008658,0.5
tt0008651,tt0008725,-1.2
tt0008651,tt0008745,0.7
tt0008651,tt0008804,0.7
tt0008651,tt0008806,0.5
tt0008651,tt0008810,0.3
tt0008651,tt0008826,-1.1
tt0008651,tt0008983,0.7
tt0008651,tt0009247,0.7
tt0008651,tt0009322,0.6
tt0008651,tt0009419,-0.5
tt0008651,tt0009622,0.2
tt0008651,tt0009754,0.3
tt0008651,tt0009771,-0.1
tt0008651,tt0009853,-0.8
tt0008651,tt0010186,0.8
tt0008651,tt0010337,0.5
tt0008651,tt0010358,-1.2
tt0008651,tt0011011,-0.3
tt0008651,tt0011137,-0.1
tt0008651,tt0011487,0.7
tt0008651,tt0011731,0.7
tt0008651,tt0012192,-0.6
tt0008651,tt0012365,-0.6
tt0008651,tt0013619,-1.3
tt0008651,tt0014171,-0.1
tt0008651,tt0014191,-0.8
tt0008651,tt0015339,-1.2
tt0008651,tt0015356,0.7
tt0008651,tt0016384,-1.2
tt0008651,tt0016850,-1.2
tt0008651,tt0016930,-0.2
tt0008651,tt0017462,-0.4
tt0008651,tt0017805,0.6
tt0008651,tt0017946,-0.8
tt0008651,tt0018159,-1.0
tt0008652,tt0005561,-0.5
tt0008652,tt0006865,0.9
tt0008652,tt0007000,-0.8
tt0008652,tt0007590,0.9
tt0008652,tt0008305,0.4
tt0008652,tt0010419,0.6
tt0008652,tt0013104,0.7
tt0008652,tt0013450,0.5
tt0008652,tt0013841,0.6
tt0008652,tt0014619,0.6
tt0008652,tt0015310,0.0
tt0008652,tt0016541,0.0
tt0008652,tt0017751,0.6
tt0008652,tt0018622,0.7
tt0008658,tt0002555,0.5
tt0008658,tt0003309,0.8
tt0008658,tt0003630,0.5
tt0008658,tt0003735,-0.2
tt0008658,tt0004712,-1.1
tt0008658,tt0004869,0.9
tt0008658,tt0006666,-0.5
tt0008658,tt0006893,0.7
tt0008658,tt0007005,0.5
tt0008658,tt0007012,0.8
tt0008658,tt0007910,-1.4
tt0008658,tt0008558,0.9
tt0008658,tt0008725,-0.7
tt0008658,tt0008810,0.8
tt0008658,tt0008826,-0.6
tt0008658,tt0009419,0.0
tt0008658,tt0009622,0.7
tt0008658,tt0009754,0.8
tt0008658,tt0009771,0.4
tt0008658,tt0009853,-0.3
tt0008658,tt0010358,-0.7
tt0008658,tt0011011,0.2
tt0008658,tt0011137,0.4
tt0008658,tt0012192,-0.1
tt0008658,tt0012365,-0.1
tt0008658,tt0013619,-0.8
tt0008658,tt0014171,0.4
tt0008658,tt0014191,-0.3
tt0008658,tt0015339,-0.7
tt0008658,tt0016384,-0.7
tt0008658,tt0016850,-0.7
tt0008658,tt0016930,0.3
tt0008658,tt0017462,0.1
tt0008658,tt0017946,-0.3
tt0008658,tt0018159,-0.5
tt0008663,tt0006108,0.4
tt0008663,tt0012364,0.3
tt0008663,tt0013452,0.7
tt0008663,tt0014972,0.6
tt0008663,tt0016446,0.7
tt0008663,tt0017350,0.7
tt0008666,tt0006101,-0.4
tt0008666,tt0012329,0.5
tt0008666,tt0012541,0.0
tt0008671,tt0005879,-0.5
tt0008671,tt0005960,-1.2
tt0008671,tt0007184,0.7
tt0008671,tt0007325,0.7
tt0008671,tt0008117,0.2
tt0008671,tt0008457,0.6
tt0008671,tt0009524,0.6
tt0008671,tt0009832,0.4
tt0008671,tt0010091,0.6
tt0008671,tt0013293,0.1
tt0008671,tt0015400,-2.1
tt0008671,tt0016379,0.7
tt0008671,tt0016500,0.6
tt0008671,tt0017089,0.6
tt0008671,tt0017540,-1.2
tt0008671,tt0018118,-0.5
tt0008671,tt0018170,-0.6
tt0008672,tt0006386,0.6
tt0008672,tt0009694,0.7
tt0008672,tt0010247,-0.2
tt0008672,tt0010755,0.1
tt0008672,tt0011157,0.5
tt0008672,tt0012334,0.1
tt0008672,tt0014108,-0.1
tt0008672,tt0014109,-0.1
tt0008672,tt0018014,0.2
tt0008677,tt0005367,-0.5
tt0008677,tt0007271,-0.3
tt0008677,tt0007498,0.3
tt0008677,tt0007524,0.0
tt0008677,tt0007769,-0.2
tt0008677,tt0007801,0.2
tt0008677,tt0008241,-0.1
tt0008677,tt0009573,0.3
tt0008677,tt0009601,-0.7
tt0008677,tt0009637,-0.4
tt0008677,tt0010912,0.8
tt0008677,tt0011133,0.1
tt0008677,tt0011325,-0.5
tt0008677,tt0011353,0.2
tt0008677,tt0012600,0.1
tt0008677,tt0015168,-0.1
tt0008679,tt0005554,-2.0
tt0008679,tt0008294,-2.1
tt0008687,tt0006358,-0.3
tt0008687,tt0006570,0.9
tt0008687,tt0009209,0.1
tt0008687,tt0009879,-0.2
tt0008687,tt0009987,0.5
tt0008687,tt0011313,0.6
tt0008687,tt0011522,0.6
tt0008687,tt0011721,0.2
tt0008687,tt0012476,0.5
tt0008687,tt0012855,0.6
tt0008698,tt0006847,0.5
tt0008698,tt0007188,0.5
tt0008698,tt0007867,-0.8
tt0008698,tt0010227,0.3
tt0008698,tt0014915,-0.5
tt0008698,tt0016964,0.5
tt0008706,tt0006283,0.5
tt0008706,tt0006932,0.8
tt0008706,tt0010703,0.9
tt0008706,tt0010729,0.2
tt0008706,tt0012763,0.1
tt0008706,tt0013590,0.7
tt0008706,tt0014068,0.2
tt0008706,tt0014605,0.3
tt0008706,tt0016395,-0.1
tt0008706,tt0017567,0.3
tt0008710,tt0003014,0.7
tt0008710,tt0003150,0.5
tt0008710,tt0004047,0.8
tt0008710,tt0006108,-0.2
tt0008710,tt0008663,0.4
tt0008710,tt0008879,0.5
tt0008710,tt0010298,0.5
tt0008710,tt0011370,0.8
tt0008710,tt0011499,0.4
tt0008710,tt0012364,-0.3
tt0008710,tt0013452,0.1
tt0008710,tt0013730,0.9
tt0008710,tt0014014,0.8
tt0008710,tt0014972,0.0
tt0008710,tt0016446,0.1
tt0008710,tt0017350,0.1
tt0008710,tt0018836,0.7
tt0008720,tt0010651,-0.1
tt0008723,tt0006907,0.1
tt0008723,tt0009137,0.6
tt0008723,tt0009630,0.8
tt0008723,tt0012917,0.5
tt0008723,tt0013727,0.6
tt0008723,tt0014322,0.2
tt0008723,tt0015312,0.8
tt0008723,tt0015684,0.7
tt0008723,tt0016006,0.7
tt0008723,tt0016013,-0.1
tt0008723,tt0016875,-0.3
tt0008723,tt0018379,-0.4
tt0008725,tt0004712,0.6
tt0008725,tt0007910,0.3
tt0008725,tt0013619,0.9
tt0008735,tt0008259,0.6
tt0008745,tt0002555,0.3
tt0008745,tt0003309,0.6
tt0008745,tt0003630,0.3
tt0008745,tt0003735,-0.4
tt0008745,tt0004199,0.9
tt0008745,tt0004712,-1.3
tt0008745,tt0004847,0.8
tt0008745,tt0004869,0.7
tt0008745,tt0006666,-0.7
tt0008745,tt0006893,0.5
tt0008745,tt0007005,0.3
tt0008745,tt0007012,0.6
tt0008745,tt0007765,0.9
tt0008745,tt0007910,-1.6
tt0008745,tt0007984,0.9
tt0008745,tt0008039,0.8
tt0008745,tt0008558,0.7
tt0008745,tt0008658,0.8
tt0008745,tt0008725,-0.9
tt0008745,tt0008806,0.8
tt0008745,tt0008810,0.6
tt0008745,tt0008826,-0.8
tt0008745,tt0009322,0.9
tt0008745,tt0009419,-0.2
tt0008745,tt0009622,0.5
tt0008745,tt0009754,0.6
tt0008745,tt0009771,0.2
tt0008745,tt0009853,-0.5
tt0008745,tt0010337,0.8
tt0008745,tt0010358,-0.9
tt0008745,tt0011011,-0.0
tt0008745,tt0011137,0.2
tt0008745,tt0012192,-0.3
tt0008745,tt0012365,-0.3
tt0008745,tt0013619,-1.0
tt0008745,tt0014171,0.2
tt0008745,tt0014191,-0.5
tt0008745,tt0015339,-0.9
tt0008745,tt0016384,-0.9
tt0008745,tt0016850,-0.9
tt0008745,tt0016930,0.1
tt0008745,tt0017462,-0.1
tt0008745,tt0017805,0.9
tt0008745,tt0017946,-0.5
tt0008745,tt0018159,-0.7
tt0008750,tt0008753,0.7
tt0008764,tt0002785,0.8
tt0008764,tt0004825,0.0
tt0008764,tt0004872,-0.1
tt0008764,tt0005041,-0.2
tt0008764,tt0005163,0.4
tt0008764,tt0006182,0.8
tt0008764,tt0006755,-0.2
tt0008764,tt0007678,-0.2
tt0008764,tt0008011,0.3
tt0008764,tt0008443,-0.3
tt0008764,tt0008458,0.2
tt0008764,tt0008891,-0.5
tt0008764,tt0009020,-0.9
tt0008764,tt0009523,0.1
tt0008764,tt0009567,-0.2
tt0008764,tt0009969,0.0
tt0008764,tt0010844,0.0
tt0008764,tt0010882,0.1
tt0008764,tt0011076,0.8
tt0008764,tt0011387,-0.2
tt0008764,tt0011785,-0.7
tt0008764,tt0013332,-0.2
tt0008764,tt0014158,-1.1
tt0008764,tt0014602,-0.6
tt0008764,tt0015492,-0.2
tt0008764,tt0016150,0.0
tt0008764,tt0016598,0.7
tt0008765,tt0005232,0.9
tt0008765,tt0010008,-0.3
tt0008775,tt0008134,0.7
tt0008775,tt0013502,0.4
tt0008783,tt0004962,0.4
tt0008783,tt0006588,0.8
tt0008783,tt0007160,0.7
tt0008783,tt0008362,0.3
tt0008783,tt0009550,0.5
tt0008783,tt0009826,0.6
tt0008784,tt0005095,0.0
tt0008784,tt0007453,-0.7
tt0008784,tt0016477,0.0
tt0008786,tt0003698,0.9
tt0008786,tt0004294,0.4
tt0008786,tt0004792,0.4
tt0008786,tt0005059,0.5
tt0008786,tt0005060,0.7
tt0008786,tt0005402,0.4
tt0008786,tt0005589,0.7
tt0008786,tt0006605,0.4
tt0008786,tt0007038,0.2
tt0008786,tt0007473,0.9
tt0008786,tt0007857,-0.1
tt0008786,tt0008150,0.6
tt0008786,tt0008519,0.8
tt0008786,tt0009440,0.8
tt0008786,tt0009781,-0.3
tt0008786,tt0009796,0.3
tt0008786,tt0010071,0.4
tt0008786,tt0010418,0.0
tt0008786,tt0011865,0.3
tt0008786,tt0011909,0.4
tt0008786,tt0012181,0.3
tt0008786,tt0012187,0.4
tt0008786,tt0013372,0.7
tt0008786,tt0013574,0.3
tt0008786,tt0014532,0.2
tt0008786,tt0014881,0.4
tt0008786,tt0015433,0.8
tt0008786,tt0015867,0.0
tt0008786,tt0016294,0.7
tt0008786,tt0017519,0.3
tt0008786,tt0018054,-0.3
tt0008797,tt0005752,-0.1
tt0008803,tt0005530,0.5
tt0008803,tt0006698,0.3
tt0008803,tt0007232,0.9
tt0008803,tt0008279,0.9
tt0008803,tt0010307,-0.6
tt0008803,tt0014417,-0.4
tt0008803,tt0018192,-1.1
tt0008804,tt0002555,0.3
tt0008804,tt0003309,0.6
tt0008804,tt0003630,0.3
tt0008804,tt0003735,-0.4
tt0008804,tt0004199,0.9
tt0008804,tt0004712,-1.3
tt0008804,tt0004847,0.8
tt0008804,tt0004869,0.7
tt0008804,tt0006666,-0.7
tt0008804,tt0006893,0.5
tt0008804,tt0007005,0.3
tt0008804,tt0007012,0.6
tt0008804,tt0007765,0.9
tt0008804,tt0007910,-1.6
tt0008804,tt0007984,0.9
tt0008804,tt0008039,0.8
tt0008804,tt0008558,0.7
tt0008804,tt0008658,0.8
tt0008804,tt0008725,-0.9
tt0008804,tt0008806,0.8
tt0008804,tt0008810,0.6
tt0008804,tt0008826,-0.8
tt0008804,tt0009322,0.9
tt0008804,tt0009419,-0.2
tt0008804,tt0009622,0.5
tt0008804,tt0009754,0.6
tt0008804,tt0009771,0.2
tt0008804,tt0009853,-0.5
tt0008804,tt0010337,0.8
tt0008804,tt0010358,-0.9
tt0008804,tt0011011,-0.0
tt0008804,tt0011137,0.2
tt0008804,tt0012192,-0.3
tt0008804,tt0012365,-0.3
tt0008804,tt0013619,-1.0
tt0008804,tt0014171,0.2
tt0008804,tt0014191,-0.5
tt0008804,tt0015339,-0.9
tt0008804,tt0016384,-0.9
tt0008804,tt0016850,-0.9
tt0008804,tt0016930,0.1
tt0008804,tt0017462,-0.1
tt0008804,tt0017805,0.9
tt0008804,tt0017946,-0.5
tt0008804,tt0018159,-0.7
tt0008806,tt0002555,0.5
tt0008806,tt0003309,0.8
tt0008806,tt0003630,0.5
tt0008806,tt0003735,-0.2
tt0008806,tt0004712,-1.1
tt0008806,tt0004869,0.9
tt0008806,tt0006666,-0.5
tt0008806,tt0006893,0.7
tt0008806,tt0007005,0.5
tt0008806,tt0007012,0.8
tt0008806,tt0007910,-1.4
tt0008806,tt0008558,0.9
tt0008806,tt0008725,-0.7
tt0008806,tt0008810,0.8
tt0008806,tt0008826,-0.6
tt0008806,tt0009419,0.0
tt0008806,tt0009622,0.7
tt0008806,tt0009754,0.8
tt0008806,tt0009771,0.4
tt0008806,tt0009853,-0.3
tt0008806,tt0010358,-0.7
tt0008806,tt0011011,0.2
tt0008806,tt0011137,0.4
tt0008806,tt0012192,-0.1
tt0008806,tt0012365,-0.1
tt0008806,tt0013619,-0.8
tt0008806,tt0014171,0.4
tt0008806,tt0014191,-0.3
tt0008806,tt0015339,-0.7
tt0008806,tt0016384,-0.7
tt0008806,tt0016850,-0.7
tt0008806,tt0016930,0.3
tt0008806,tt0017462,0.1
tt0008806,tt0017946,-0.3
tt0008806,tt0018159,-0.5
tt0008810,tt0002555,0.7
tt0008810,tt0003630,0.7
tt0008810,tt0003735,0.0
tt0008810,tt0004712,-0.9
tt0008810,tt0006666,-0.3
tt0008810,tt0006893,0.9
tt0008810,tt0007005,0.7
tt0008810,tt0007910,-1.2
tt0008810,tt0008725,-0.5
tt0008810,tt0008826,-0.4
tt0008810,tt0009419,0.2
tt0008810,tt0009622,0.9
tt0008810,tt0009771,0.6
tt0008810,tt0009853,-0.1
tt0008810,tt0010358,-0.5
tt0008810,tt0011011,0.4
tt0008810,tt0011137,0.6
tt0008810,tt0012192,0.1
tt0008810,tt0012365,0.1
tt0008810,tt0013619,-0.6
tt0008810,tt0014171,0.6
tt0008810,tt0014191,-0.1
tt0008810,tt0015339,-0.5
tt0008810,tt0016384,-0.5
tt0008810,tt0016850,-0.5
tt0008810,tt0016930,0.5
tt0008810,tt0017462,0.3
tt0008810,tt0017946,-0.1
tt0008810,tt0018159,-0.3
tt0008814,tt0007270,0.6
tt0008817,tt0013110,-2.2
tt0008817,tt0017014,-5.1
tt0008821,tt0005613,-3.8
tt0008821,tt0006509,-2.8
tt0008821,tt0006731,-3.5
tt0008821,tt0006745,-4.0
tt0008821,tt0007353,-3.0
tt0008821,tt0007617,-2.8
tt0008821,tt0007669,-2.8
tt0008821,tt0008144,-1.9
tt0008821,tt0009086,-2.0
tt0008821,tt0009621,-1.8
tt0008821,tt0009721,-4.2
tt0008821,tt0010227,-2.9
tt0008821,tt0010229,-2.0
tt0008821,tt0010267,-3.3
tt0008821,tt0013093,-4.4
tt0008821,tt0013512,-3.0
tt0008821,tt0013611,-3.6
tt0008821,tt0013624,-2.9
tt0008821,tt0013688,-3.2
tt0008821,tt0013886,-2.9
tt0008821,tt0014547,-2.8
tt0008821,tt0014600,-3.4
tt0008821,tt0014982,-3.5
tt0008821,tt0015332,-1.6
tt0008821,tt0015909,-3.4
tt0008821,tt0016646,-3.3
tt0008821,tt0016812,-3.8
tt0008821,tt0018297,-3.2
tt0008821,tt0018480,-1.8
tt0008821,tt0018619,-2.3
tt0008821,tt0018825,-3.9
tt0008822,tt0005621,0.3
tt0008822,tt0006299,-1.2
tt0008822,tt0007047,0.8
tt0008822,tt0008010,0.9
tt0008822,tt0011079,0.3
tt0008822,tt0011588,0.7
tt0008822,tt0012087,0.0
tt0008822,tt0012492,0.5
tt0008822,tt0014051,-0.1
tt0008826,tt0004712,0.5
tt0008826,tt0007910,0.2
tt0008826,tt0008725,0.9
tt0008826,tt0010358,0.9
tt0008826,tt0013619,0.8
tt0008826,tt0015339,0.9
tt0008826,tt0016384,0.9
tt0008826,tt0016850,0.9
tt0008827,tt0008499,0.9
tt0008827,tt0009326,0.8
tt0008827,tt0009652,0.3
tt0008827,tt0010040,0.6
tt0008827,tt0012406,0.2
tt0008827,tt0013490,0.6
tt0008827,tt0014854,0.4
tt0008827,tt0016390,-0.7
tt0008836,tt0006626,-0.4
tt0008843,tt0007110,0.1
tt0008843,tt0011604,0.0
tt0008843,tt0013700,0.4
tt0008843,tt0017099,0.5
tt0008854,tt0002423,-0.3
tt0008854,tt0007309,0.8
tt0008854,tt0008950,0.4
tt0008854,tt0009062,0.3
tt0008854,tt0009893,-0.8
tt0008854,tt0010281,-0.4
tt0008854,tt0010456,0.4
tt0008854,tt0010600,-1.0
tt0008854,tt0010612,0.6
tt0008854,tt0010962,-0.1
tt0008854,tt0011371,-0.1
tt0008854,tt0011641,0.1
tt0008854,tt0011742,0.4
tt0008854,tt0011960,-0.5
tt0008854,tt0013741,-0.1
tt0008854,tt0014416,-0.1
tt0008854,tt0014925,0.4
tt0008854,tt0015119,-0.6
tt0008854,tt0015409,0.0
tt0008854,tt0015979,0.1
tt0008854,tt0016004,-0.8
tt0008854,tt0017409,-0.7
tt0008854,tt0018451,-1.1
tt0008855,tt0016624,0.8
tt0008865,tt0008882,-0.5
tt0008865,tt0010696,0.5
tt0008865,tt0014045,0.3
tt0008865,tt0015071,0.4
tt0008865,tt0017142,0.6
tt0008875,tt0008259,0.5
tt0008875,tt0008735,0.9
tt0008879,tt0006108,0.3
tt0008879,tt0008663,0.9
tt0008879,tt0011499,0.9
tt0008879,tt0012364,0.2
tt0008879,tt0013452,0.6
tt0008879,tt0014972,0.5
tt0008879,tt0016446,0.6
tt0008879,tt0017350,0.6
tt0008891,tt0009020,0.6
tt0008891,tt0011785,0.8
tt0008891,tt0014158,0.4
tt0008891,tt0014602,0.9
tt0008892,tt0004962,-0.3
tt0008892,tt0005172,0.9
tt0008892,tt0005200,0.4
tt0008892,tt0006375,0.9
tt0008892,tt0006588,0.1
tt0008892,tt0007160,0.0
tt0008892,tt0007260,0.6
tt0008892,tt0008362,-0.4
tt0008892,tt0008571,0.3
tt0008892,tt0008623,0.6
tt0008892,tt0008783,0.3
tt0008892,tt0008918,0.5
tt0008892,tt0009550,-0.2
tt0008892,tt0009596,0.9
tt0008892,tt0009600,0.9
tt0008892,tt0009826,-0.1
tt0008892,tt0011078,0.9
tt0008915,tt0005392,0.2
tt0008915,tt0006736,0.8
tt0008915,tt0006753,0.8
tt0008915,tt0008309,0.9
tt0008915,tt0008406,0.0
tt0008915,tt0009143,0.2
tt0008915,tt0009400,0.7
tt0008915,tt0010049,-0.4
tt0008915,tt0012565,0.8
tt0008915,tt0013556,0.4
tt0008915,tt0014636,0.8
tt0008915,tt0014981,0.7
tt0008915,tt0015116,0.7
tt0008915,tt0015349,-0.3
tt0008915,tt0015465,0.1
tt0008915,tt0016394,0.6
tt0008915,tt0017242,0.1
tt0008915,tt0017841,0.3
tt0008918,tt0004962,0.2
tt0008918,tt0005200,0.9
tt0008918,tt0006588,0.6
tt0008918,tt0007160,0.5
tt0008918,tt0008362,0.1
tt0008918,tt0008571,0.8
tt0008918,tt0008783,0.8
tt0008918,tt0009550,0.3
tt0008918,tt0009826,0.4
tt0008919,tt0015738,0.2
tt0008919,tt0016438,0.7
tt0008930,tt0008923,0.2
tt0008933,tt0002591,0.0
tt0008933,tt0003330,0.4
tt0008933,tt0004708,-0.6
tt0008933,tt0009220,-0.3
tt0008933,tt0013344,0.5
tt0008933,tt0017516,0.1
tt0008939,tt0008955,0.6
tt0008947,tt0000630,-0.6
tt0008947,tt0001112,-1.2
tt0008947,tt0003102,-3.5
tt0008947,tt0007519,-2.3
tt0008950,tt0002423,0.3
tt0008950,tt0009062,0.9
tt0008950,tt0009893,-0.2
tt0008950,tt0010281,0.2
tt0008950,tt0010600,-0.4
tt0008950,tt0010962,0.5
tt0008950,tt0011371,0.5
tt0008950,tt0011641,0.7
tt0008950,tt0011960,0.1
tt0008950,tt0013741,0.5
tt0008950,tt0014416,0.5
tt0008950,tt0015119,0.0
tt0008950,tt0015409,0.6
tt0008950,tt0015979,0.7
tt0008950,tt0016004,-0.2
tt0008950,tt0017409,-0.1
tt0008950,tt0018451,-0.5
tt0008951,tt0003657,-0.2
tt0008951,tt0004838,0.5
tt0008951,tt0004874,0.7
tt0008951,tt0005149,0.3
tt0008951,tt0005193,-1.9
tt0008951,tt0005832,0.6
tt0008951,tt0006375,0.3
tt0008951,tt0006517,0.5
tt0008951,tt0008044,-0.3
tt0008951,tt0009960,-0.5
tt0008951,tt0010032,-0.3
tt0008951,tt0011091,0.3
tt0008951,tt0012227,0.5
tt0008951,tt0014024,0.4
tt0008951,tt0016523,-0.8
tt0008951,tt0016880,0.1
tt0008952,tt0008176,-0.1
tt0008952,tt0009436,0.8
tt0008952,tt0009851,-0.7
tt0008954,tt0008939,0.7
tt0008978,tt0004272,-0.5
tt0008978,tt0005005,-0.1
tt0008978,tt0007755,0.2
tt0008978,tt0008353,0.8
tt0008978,tt0008476,-0.8
tt0008978,tt0008634,-0.1
tt0008978,tt0009153,0.3
tt0008978,tt0011358,-0.2
tt0008978,tt0013735,0.9
tt0008978,tt0013909,0.6
tt0008978,tt0014321,0.5
tt0008978,tt0015973,0.1
tt0008978,tt0016022,0.3
tt0008978,tt0016214,0.9
tt0008978,tt0016237,0.3
tt0008978,tt0016664,0.6
tt0008978,tt0017218,0.6
tt0008978,tt0017374,0.1
tt0008978,tt0017463,-1.2
tt0008978,tt0018530,0.1
tt0008978,tt0018909,-0.9
tt0008983,tt0002555,0.3
tt0008983,tt0003309,0.6
tt0008983,tt0003630,0.3
tt0008983,tt0003735,-0.4
tt0008983,tt0004199,0.9
tt0008983,tt0004712,-1.3
tt0008983,tt0004847,0.8
tt0008983,tt0004869,0.7
tt0008983,tt0006666,-0.7
tt0008983,tt0006893,0.5
tt0008983,tt0007005,0.3
tt0008983,tt0007012,0.6
tt0008983,tt0007765,0.9
tt0008983,tt0007910,-1.6
tt0008983,tt0007984,0.9
tt0008983,tt0008039,0.8
tt0008983,tt0008558,0.7
tt0008983,tt0008658,0.8
tt0008983,tt0008725,-0.9
tt0008983,tt0008806,0.8
tt0008983,tt0008810,0.6
tt0008983,tt0008826,-0.8
tt0008983,tt0009322,0.9
tt0008983,tt0009419,-0.2
tt0008983,tt0009622,0.5
tt0008983,tt0009754,0.6
tt0008983,tt0009771,0.2
tt0008983,tt0009853,-0.5
tt0008983,tt0010337,0.8
tt0008983,tt0010358,-0.9
tt0008983,tt0011011,-0.0
tt0008983,tt0011137,0.2
tt0008983,tt0012192,-0.3
tt0008983,tt0012365,-0.3
tt0008983,tt0013619,-1.0
tt0008983,tt0014171,0.2
tt0008983,tt0014191,-0.5
tt0008983,tt0015339,-0.9
tt0008983,tt0016384,-0.9
tt0008983,tt0016850,-0.9
tt0008983,tt0016930,0.1
tt0008983,tt0017462,-0.1
tt0008983,tt0017805,0.9
tt0008983,tt0017946,-0.5
tt0008983,tt0018159,-0.7
tt0008990,tt0015937,-0.3
tt0008990,tt0017272,0.7
tt0008990,tt0018524,0.7
tt0009001,tt0009284,0.5
tt0009001,tt0009544,-0.4
tt0009001,tt0014003,0.9
tt0009001,tt0016142,0.9
tt0009001,tt0016473,0.4
tt0009001,tt0016655,0.8
tt0009001,tt0018097,0.8
tt0009001,tt0018397,0.6
tt0009001,tt0018528,-0.2
tt0009001,tt0018697,0.7
tt0009011,tt0006011,0.2
tt0009011,tt0007702,0.5
tt0009011,tt0009677,-0.1
tt0009011,tt0009878,0.2
tt0009011,tt0010622,0.2
tt0009011,tt0010821,0.8
tt0009011,tt0012386,0.0
tt0009011,tt0013342,0.7
tt0009011,tt0014762,0.5
tt0009011,tt0016814,0.2
tt0009011,tt0018739,0.8
tt0009014,tt0005530,0.4
tt0009014,tt0006611,0.9
tt0009014,tt0006698,0.2
tt0009014,tt0006713,0.9
tt0009014,tt0007232,0.8
tt0009014,tt0008279,0.8
tt0009014,tt0008803,0.9
tt0009014,tt0010307,-0.7
tt0009014,tt0014417,-0.5
tt0009014,tt0018192,-1.2
tt0009017,tt0006040,0.6
tt0009017,tt0007021,-0.1
tt0009017,tt0007094,0.2
tt0009020,tt0014158,0.8
tt0009021,tt0005334,0.8
tt0009021,tt0007514,0.0
tt0009021,tt0009176,0.1
tt0009021,tt0009425,-0.3
tt0009021,tt0010020,-0.4
tt0009021,tt0011001,0.1
tt0009021,tt0012317,-1.5
tt0009021,tt0014468,0.0
tt0009021,tt0014588,-0.4
tt0009021,tt0015831,-0.3
tt0009021,tt0017891,0.7
tt0009021,tt0017998,-1.1
tt0009030,tt0007952,0.1
tt0009030,tt0013085,0.3
tt0009030,tt0015471,-1.2
tt0009030,tt0018597,-2.2
tt0009031,tt0005530,0.0
tt0009031,tt0006332,0.8
tt0009031,tt0006611,0.5
tt0009031,tt0006698,-0.2
tt0009031,tt0006713,0.5
tt0009031,tt0007232,0.4
tt0009031,tt0008279,0.4
tt0009031,tt0008803,0.5
tt0009031,tt0009014,0.6
tt0009031,tt0010307,-1.1
tt0009031,tt0014417,-0.9
tt0009031,tt0018192,-1.6
tt0009047,tt0006505,0.6
tt0009047,tt0006508,0.9
tt0009047,tt0012345,0.9
tt0009053,tt0007270,0.0
tt0009053,tt0008814,0.4
tt0009053,tt0013284,0.8
tt0009062,tt0002423,0.4
tt0009062,tt0009893,-0.1
tt0009062,tt0010281,0.3
tt0009062,tt0010600,-0.3
tt0009062,tt0010962,0.6
tt0009062,tt0011371,0.6
tt0009062,tt0011641,0.8
tt0009062,tt0011960,0.2
tt0009062,tt0013741,0.6
tt0009062,tt0014416,0.6
tt0009062,tt0015119,0.1
tt0009062,tt0015409,0.7
tt0009062,tt0015979,0.8
tt0009062,tt0016004,-0.1
tt0009062,tt0017409,0.0
tt0009062,tt0018451,-0.4
tt0009063,tt0008730,0.9
tt0009079,tt0010055,0.8
tt0009079,tt0013084,0.3
tt0009079,tt0016205,0.2
tt0009079,tt0016947,0.7
tt0009079,tt0017158,0.4
tt0009079,tt0017307,0.2
tt0009079,tt0018033,0.0
tt0009079,tt0018381,0.6
tt0009086,tt0005613,0.2
tt0009086,tt0006731,0.5
tt0009086,tt0006745,0.0
tt0009086,tt0009721,-0.2
tt0009086,tt0010227,0.1
tt0009086,tt0010267,-0.3
tt0009086,tt0013093,-1.4
tt0009086,tt0013512,0.0
tt0009086,tt0013611,-0.6
tt0009086,tt0013886,0.1
tt0009086,tt0014547,0.2
tt0009086,tt0014982,-0.5
tt0009086,tt0015909,-0.4
tt0009086,tt0016646,-0.3
tt0009086,tt0016812,-0.8
tt0009086,tt0018297,-0.2
tt0009086,tt0018619,0.7
tt0009092,tt0002423,-0.9
tt0009092,tt0006707,0.4
tt0009092,tt0006714,0.9
tt0009092,tt0007309,0.2
tt0009092,tt0008854,0.4
tt0009092,tt0008950,-0.2
tt0009092,tt0009062,-0.3
tt0009092,tt0009893,-1.4
tt0009092,tt0010281,-1.0
tt0009092,tt0010456,-0.2
tt0009092,tt0010497,0.7
tt0009092,tt0010600,-1.6
tt0009092,tt0010612,0.0
tt0009092,tt0010962,-0.7
tt0009092,tt0011371,-0.7
tt0009092,tt0011641,-0.5
tt0009092,tt0011742,-0.2
tt0009092,tt0011960,-1.1
tt0009092,tt0013741,-0.7
tt0009092,tt0014416,-0.7
tt0009092,tt0014925,-0.2
tt0009092,tt0015119,-1.2
tt0009092,tt0015409,-0.6
tt0009092,tt0015979,-0.5
tt0009092,tt0016004,-1.4
tt0009092,tt0017409,-1.3
tt0009092,tt0018451,-1.7
tt0009096,tt0007116,0.8
tt0009096,tt0009420,0.7
tt0009096,tt0009431,0.7
tt0009104,tt0006283,-0.6
tt0009104,tt0006932,-0.3
tt0009104,tt0008549,0.0
tt0009104,tt0008706,-0.1
tt0009104,tt0010703,-0.2
tt0009104,tt0010729,-0.9
tt0009104,tt0011860,0.6
tt0009104,tt0012763,-1.0
tt0009104,tt0013590,-0.4
tt0009104,tt0014068,-0.9
tt0009104,tt0014187,-0.5
tt0009104,tt0014605,-0.8
tt0009104,tt0015289,0.1
tt0009104,tt0015918,-1.5
tt0009104,tt0016395,-1.2
tt0009104,tt0016399,0.8
tt0009104,tt0016478,-0.5
tt0009104,tt0017229,0.9
tt0009104,tt0017254,0.9
tt0009104,tt0017567,-0.8
tt0009104,tt0018457,0.2
tt0009104,tt0018639,0.7
tt0009106,tt0008851,0.4
tt0009109,tt0003643,0.9
tt0009109,tt0006864,-0.3
tt0009109,tt0009130,0.5
tt0009109,tt0009133,0.1
tt0009109,tt0009150,0.8
tt0009109,tt0009968,0.1
tt0009109,tt0010108,0.6
tt0009109,tt0010484,0.3
tt0009109,tt0010806,0.4
tt0009109,tt0011841,0.0
tt0009109,tt0012532,0.0
tt0009109,tt0015018,0.5
tt0009109,tt0016308,0.7
tt0009109,tt0018678,0.8
tt0009126,tt0009561,-1.8
tt0009126,tt0011624,-1.1
tt0009126,tt0011717,-1.1
tt0009128,tt0005790,0.8
tt0009128,tt0007614,0.9
tt0009130,tt0006864,0.2
tt0009130,tt0009133,0.6
tt0009130,tt0009968,0.6
tt0009130,tt0010484,0.8
tt0009130,tt0010806,0.9
tt0009130,tt0011841,0.5
tt0009130,tt0012532,0.5
tt0009131,tt0007499,-0.5
tt0009131,tt0014528,-3.4
tt0009131,tt0014826,-2.6
tt0009131,tt0015831,-3.4
tt0009133,tt0006864,0.6
tt0009133,tt0011841,0.9
tt0009133,tt0012532,0.9
tt0009137,tt0006907,0.5
tt0009137,tt0012917,0.9
tt0009137,tt0014322,0.6
tt0009137,tt0016013,0.3
tt0009137,tt0016875,0.1
tt0009137,tt0018379,0.0
tt0009142,tt0005392,0.0
tt0009142,tt0006736,0.6
tt0009142,tt0006753,0.6
tt0009142,tt0008309,0.7
tt0009142,tt0008406,-0.2
tt0009142,tt0008915,0.8
tt0009142,tt0009143,0.0
tt0009142,tt0009400,0.5
tt0009142,tt0010049,-0.6
tt0009142,tt0010715,0.9
tt0009142,tt0012565,0.6
tt0009142,tt0013556,0.2
tt0009142,tt0014636,0.6
tt0009142,tt0014981,0.5
tt0009142,tt0015116,0.5
tt0009142,tt0015349,-0.5
tt0009142,tt0015465,-0.1
tt0009142,tt0016394,0.4
tt0009142,tt0017242,-0.1
tt0009142,tt0017841,0.1
tt0009142,tt0018700,0.8
tt0009143,tt0008406,0.8
tt0009143,tt0010049,0.4
tt0009143,tt0015349,0.5
tt0009143,tt0015465,0.9
tt0009143,tt0017242,0.9
tt0009143,tt0018378,0.9
tt0009150,tt0006864,-0.1
tt0009150,tt0009130,0.7
tt0009150,tt0009133,0.3
tt0009150,tt0009968,0.3
tt0009150,tt0010108,0.8
tt0009150,tt0010484,0.5
tt0009150,tt0010806,0.6
tt0009150,tt0011841,0.2
tt0009150,tt0012532,0.2
tt0009150,tt0015018,0.7
tt0009150,tt0016308,0.9
tt0009153,tt0007755,0.9
tt0009153,tt0008634,0.6
tt0009153,tt0011358,0.5
tt0009153,tt0015973,0.8
tt0009153,tt0017374,0.8
tt0009153,tt0017463,-0.5
tt0009153,tt0018530,0.8
tt0009153,tt0018909,-0.2
tt0009159,tt0010964,0.6
tt0009159,tt0018893,0.5
tt0009176,tt0007514,0.9
tt0009176,tt0009425,0.6
tt0009176,tt0010020,0.5
tt0009176,tt0012317,-0.6
tt0009176,tt0014468,0.9
tt0009176,tt0014588,0.5
tt0009176,tt0015831,0.6
tt0009176,tt0017998,-0.2
tt0009185,tt0004291,0.1
tt0009204,tt0005974,0.9
tt0009204,tt0014365,-0.8
tt0009204,tt0014927,0.1
tt0009204,tt0016480,0.9
tt0009204,tt0018771,0.0
tt0009209,tt0006358,0.6
tt0009209,tt0009879,0.7
tt0009212,tt0006589,0.6
tt0009212,tt0009224,-0.6
tt0009212,tt0009445,-1.5
tt0009212,tt0010507,-0.5
tt0009212,tt0014408,0.2
tt0009219,tt0005879,-0.5
tt0009219,tt0005960,-1.2
tt0009219,tt0007184,0.7
tt0009219,tt0007325,0.7
tt0009219,tt0008117,0.2
tt0009219,tt0008457,0.6
tt0009219,tt0009524,0.6
tt0009219,tt0009832,0.4
tt0009219,tt0010091,0.6
tt0009219,tt0013293,0.1
tt0009219,tt0015400,-2.1
tt0009219,tt0016379,0.7
tt0009219,tt0016500,0.6
tt0009219,tt0017089,0.6
tt0009219,tt0017540,-1.2
tt0009219,tt0018118,-0.5
tt0009219,tt0018170,-0.6
tt0009220,tt0004708,0.7
tt0009224,tt0009445,0.1
tt0009233,tt0014734,0.5
tt0009233,tt0015742,0.3
tt0009233,tt0016687,0.4
tt0009233,tt0016770,-1.0
tt0009233,tt0017079,0.5
tt0009233,tt0017399,0.8
tt0009240,tt0003471,0.8
tt0009240,tt0003589,0.6
tt0009240,tt0005739,0.1
tt0009240,tt0005931,0.4
tt0009240,tt0006040,-1.2
tt0009240,tt0006373,-0.4
tt0009240,tt0006709,-0.4
tt0009240,tt0007021,-1.9
tt0009240,tt0007034,-0.6
tt0009240,tt0007094,-1.6
tt0009240,tt0007278,0.6
tt0009240,tt0007795,-0.2
tt0009240,tt0009017,-0.8
tt0009240,tt0009891,-1.4
tt0009240,tt0010466,0.3
tt0009240,tt0012366,-0.2
tt0009241,tt0006358,-0.3
tt0009241,tt0006570,0.9
tt0009241,tt0009209,0.1
tt0009241,tt0009879,-0.2
tt0009241,tt0009987,0.5
tt0009241,tt0011313,0.6
tt0009241,tt0011522,0.6
tt0009241,tt0011721,0.2
tt0009241,tt0012476,0.5
tt0009241,tt0012855,0.6
tt0009247,tt0002555,0.3
tt0009247,tt0003309,0.6
tt0009247,tt0003630,0.3
tt0009247,tt0003735,-0.4
tt0009247,tt0004199,0.9
tt0009247,tt0004712,-1.3
tt0009247,tt0004847,0.8
tt0009247,tt0004869,0.7
tt0009247,tt0006666,-0.7
tt0009247,tt0006893,0.5
tt0009247,tt0007005,0.3
tt0009247,tt0007012,0.6
tt0009247,tt0007765,0.9
tt0009247,tt0007910,-1.6
tt0009247,tt0007984,0.9
tt0009247,tt0008039,0.8
tt0009247,tt0008558,0.7
tt0009247,tt0008658,0.8
tt0009247,tt0008725,-0.9
tt0009247,tt0008806,0.8
tt0009247,tt0008810,0.6
tt0009247,tt0008826,-0.8
tt0009247,tt0009322,0.9
tt0009247,tt0009419,-0.2
tt0009247,tt0009622,0.5
tt0009247,tt0009754,0.6
tt0009247,tt0009771,0.2
tt0009247,tt0009853,-0.5
tt0009247,tt0010337,0.8
tt0009247,tt0010358,-0.9
tt0009247,tt0011011,-0.0
tt0009247,tt0011137,0.2
tt0009247,tt0012192,-0.3
tt0009247,tt0012365,-0.3
tt0009247,tt0013619,-1.0
tt0009247,tt0014171,0.2
tt0009247,tt0014191,-0.5
tt0009247,tt0015339,-0.9
tt0009247,tt0016384,-0.9
tt0009247,tt0016850,-0.9
tt0009247,tt0016930,0.1
tt0009247,tt0017462,-0.1
tt0009247,tt0017805,0.9
tt0009247,tt0017946,-0.5
tt0009247,tt0018159,-0.7
tt0009249,tt0005335,-2.4
tt0009252,tt0016220,0.2
tt0009257,tt0005621,0.2
tt0009257,tt0006299,-1.3
tt0009257,tt0007047,0.7
tt0009257,tt0008010,0.8
tt0009257,tt0008822,0.9
tt0009257,tt0011079,0.2
tt0009257,tt0011588,0.6
tt0009257,tt0012087,-0.1
tt0009257,tt0012492,0.4
tt0009257,tt0014051,-0.2
tt0009257,tt0017212,0.9
tt0009257,tt0017796,0.9
tt0009267,tt0004052,-1.2
tt0009267,tt0007326,-1.4
tt0009267,tt0008029,-0.6
tt0009267,tt0010483,-1.7
tt0009267,tt0012136,-0.6
tt0009267,tt0012728,-1.5
tt0009267,tt0012879,-2.5
tt0009267,tt0012928,-0.8
tt0009267,tt0013750,-1.0
tt0009267,tt0015518,-0.7
tt0009267,tt0015740,-0.2
tt0009273,tt0011093,0.9
tt0009273,tt0017858,0.9
tt0009278,tt0009706,0.8
tt0009279,tt0010158,-0.3
tt0009279,tt0015442,-0.6
tt0009279,tt0015919,0.0
tt0009279,tt0018487,0.6
tt0009284,tt0009544,0.1
tt0009284,tt0016473,0.9
tt0009284,tt0018528,0.3
tt0009304,tt0006283,-0.6
tt0009304,tt0008353,0.6
tt0009304,tt0008411,-0.1
tt0009304,tt0008630,0.4
tt0009304,tt0017000,-0.5
tt0009305,tt0009334,0.0
tt0009305,tt0010244,-1.0
tt0009305,tt0010766,-1.0
tt0009305,tt0011130,-0.4
tt0009305,tt0013336,0.1
tt0009305,tt0013629,0.2
tt0009305,tt0013662,-0.5
tt0009305,tt0013892,0.5
tt0009305,tt0014039,0.5
tt0009305,tt0014869,-0.4
tt0009305,tt0016346,-0.7
tt0009305,tt0016377,0.5
tt0009305,tt0017632,-0.2
tt0009305,tt0017735,-0.4
tt0009305,tt0018332,-0.4
tt0009309,tt0012958,0.9
tt0009322,tt0002555,0.4
tt0009322,tt0003309,0.7
tt0009322,tt0003630,0.4
tt0009322,tt0003735,-0.3
tt0009322,tt0004712,-1.2
tt0009322,tt0004847,0.9
tt0009322,tt0004869,0.8
tt0009322,tt0006666,-0.6
tt0009322,tt0006893,0.6
tt0009322,tt0007005,0.4
tt0009322,tt0007012,0.7
tt0009322,tt0007910,-1.5
tt0009322,tt0008039,0.9
tt0009322,tt0008558,0.8
tt0009322,tt0008658,0.9
tt0009322,tt0008725,-0.8
tt0009322,tt0008806,0.9
tt0009322,tt0008810,0.7
tt0009322,tt0008826,-0.7
tt0009322,tt0009419,-0.1
tt0009322,tt0009622,0.6
tt0009322,tt0009754,0.7
tt0009322,tt0009771,0.3
tt0009322,tt0009853,-0.4
tt0009322,tt0010337,0.9
tt0009322,tt0010358,-0.8
tt0009322,tt0011011,0.1
tt0009322,tt0011137,0.3
tt0009322,tt0012192,-0.2
tt0009322,tt0012365,-0.2
tt0009322,tt0013619,-0.9
tt0009322,tt0014171,0.3
tt0009322,tt0014191,-0.4
tt0009322,tt0015339,-0.8
tt0009322,tt0016384,-0.8
tt0009322,tt0016850,-0.8
tt0009322,tt0016930,0.2
tt0009322,tt0017462,0.0
tt0009322,tt0017946,-0.4
tt0009322,tt0018159,-0.6
tt0009325,tt0004052,-0.5
tt0009325,tt0013236,0.3
tt0009325,tt0014845,0.3
tt0009325,tt0015813,0.9
tt0009325,tt0016213,-1.6
tt0009325,tt0016508,0.2
tt0009325,tt0016749,0.7
tt0009325,tt0017080,0.7
tt0009325,tt0017316,-1.0
tt0009325,tt0017325,0.2
tt0009325,tt0018313,0.5
tt0009325,tt0018565,-0.2
tt0009326,tt0009652,0.5
tt0009326,tt0010040,0.8
tt0009326,tt0012406,0.4
tt0009326,tt0013490,0.8
tt0009326,tt0014854,0.6
tt0009326,tt0016390,-0.5
tt0009334,tt0010244,0.0
tt0009334,tt0010766,0.0
tt0009334,tt0011130,0.6
tt0009334,tt0013662,0.5
tt0009334,tt0014869,0.6
tt0009334,tt0016346,0.3
tt0009334,tt0017632,0.8
tt0009334,tt0017735,0.6
tt0009334,tt0018332,0.6
tt0009354,tt0011439,0.6
tt0009354,tt0012752,0.7
tt0009354,tt0015268,0.4
tt0009354,tt0016641,-0.2
tt0009354,tt0017449,0.7
tt0009354,tt0017850,0.1
tt0009358,tt0004295,-1.3
tt0009358,tt0004363,-0.3
tt0009358,tt0004907,-0.2
tt0009369,tt0005716,0.1
tt0009369,tt0007142,-0.1
tt0009369,tt0011128,0.8
tt0009369,tt0012468,0.9
tt0009369,tt0013451,0.3
tt0009369,tt0014029,0.4
tt0009369,tt0014522,0.7
tt0009369,tt0016640,0.7
tt0009369,tt0017831,0.8
tt0009369,tt0017918,0.1
tt0009376,tt0003883,0.5
tt0009376,tt0009289,0.0
tt0009400,tt0005392,0.5
tt0009400,tt0008406,0.3
tt0009400,tt0009143,0.5
tt0009400,tt0010049,-0.1
tt0009400,tt0013556,0.7
tt0009400,tt0015349,0.0
tt0009400,tt0015465,0.4
tt0009400,tt0016394,0.9
tt0009400,tt0017242,0.4
tt0009400,tt0017841,0.6
tt0009405,tt0008321,-0.8
tt0009405,tt0015393,-0.6
tt0009406,tt0004555,0.9
tt0009406,tt0007712,0.9
tt0009406,tt0016874,-0.9
tt0009406,tt0018179,0.4
tt0009406,tt0018618,0.5
tt0009414,tt0010536,0.3
tt0009416,tt0010754,-0.5
tt0009416,tt0011256,0.3
tt0009416,tt0011765,-0.7
tt0009416,tt0012362,-0.3
tt0009416,tt0012422,-0.8
tt0009416,tt0012807,0.6
tt0009416,tt0013301,-0.8
tt0009416,tt0014144,0.0
tt0009416,tt0014168,-0.5
tt0009416,tt0015233,0.1
tt0009416,tt0015968,-1.2
tt0009416,tt0016910,-0.4
tt0009419,tt0003735,0.8
tt0009419,tt0004712,-0.1
tt0009419,tt0006666,0.5
tt0009419,tt0007910,-0.4
tt0009419,tt0008725,0.3
tt0009419,tt0008826,0.4
tt0009419,tt0009853,0.7
tt0009419,tt0010358,0.3
tt0009419,tt0012192,0.9
tt0009419,tt0012365,0.9
tt0009419,tt0013619,0.2
tt0009419,tt0014191,0.7
tt0009419,tt0015339,0.3
tt0009419,tt0016384,0.3
tt0009419,tt0016850,0.3
tt0009419,tt0017946,0.7
tt0009419,tt0018159,0.5
tt0009423,tt0005764,-0.1
tt0009423,tt0006217,0.6
tt0009423,tt0010905,-0.4
tt0009423,tt0013369,0.7
tt0009423,tt0013672,0.8
tt0009423,tt0013867,0.3
tt0009423,tt0014023,0.4
tt0009423,tt0014816,0.4
tt0009423,tt0015399,0.8
tt0009423,tt0015735,-0.2
tt0009423,tt0017416,0.6
tt0009423,tt0018203,0.2
tt0009423,tt0018674,0.3
tt0009425,tt0010020,0.9
tt0009425,tt0012317,-0.2
tt0009425,tt0014588,0.9
tt0009425,tt0017998,0.2
tt0009436,tt0008176,0.1
tt0009436,tt0009851,-0.5
tt0009440,tt0004294,0.6
tt0009440,tt0004792,0.6
tt0009440,tt0005059,0.7
tt0009440,tt0005060,0.9
tt0009440,tt0005402,0.6
tt0009440,tt0005589,0.9
tt0009440,tt0006605,0.6
tt0009440,tt0007038,0.4
tt0009440,tt0007857,0.1
tt0009440,tt0008150,0.8
tt0009440,tt0009781,-0.1
tt0009440,tt0009796,0.5
tt0009440,tt0010071,0.6
tt0009440,tt0010418,0.2
tt0009440,tt0011865,0.5
tt0009440,tt0011909,0.6
tt0009440,tt0012181,0.5
tt0009440,tt0012187,0.6
tt0009440,tt0013372,0.9
tt0009440,tt0013574,0.5
tt0009440,tt0014532,0.4
tt0009440,tt0014881,0.6
tt0009440,tt0015867,0.2
tt0009440,tt0016294,0.9
tt0009440,tt0017519,0.5
tt0009440,tt0018054,-0.1
tt0009444,tt0005061,0.6
tt0009444,tt0005879,-1.1
tt0009444,tt0005960,-1.8
tt0009444,tt0006441,0.8
tt0009444,tt0007184,0.1
tt0009444,tt0007325,0.1
tt0009444,tt0007697,0.4
tt0009444,tt0007820,0.6
tt0009444,tt0008117,-0.4
tt0009444,tt0008457,0.0
tt0009444,tt0008671,0.4
tt0009444,tt0009219,0.4
tt0009444,tt0009524,0.0
tt0009444,tt0009832,-0.2
tt0009444,tt0010091,0.0
tt0009444,tt0011739,0.8
tt0009444,tt0013293,-0.5
tt0009444,tt0015400,-2.7
tt0009444,tt0015776,0.4
tt0009444,tt0016379,0.1
tt0009444,tt0016500,0.0
tt0009444,tt0017089,0.0
tt0009444,tt0017540,-1.8
tt0009444,tt0018118,-1.1
tt0009444,tt0018170,-1.2
tt0009454,tt0006547,-0.3
tt0009454,tt0007711,0.4
tt0009454,tt0008004,0.5
tt0009454,tt0009551,0.2
tt0009469,tt0003740,-0.3
tt0009469,tt0006997,0.6
tt0009469,tt0007459,0.2
tt0009480,tt0006568,0.5
tt0009480,tt0007927,-0.2
tt0009480,tt0008201,0.2
tt0009480,tt0011952,-1.2
tt0009480,tt0012555,0.0
tt0009480,tt0012864,0.4
tt0009480,tt0014499,0.5
tt0009480,tt0015224,0.0
tt0009480,tt0016030,-0.9
tt0009480,tt0016403,0.8
tt0009480,tt0016634,0.0
tt0009480,tt0016762,0.4
tt0009480,tt0017033,0.1
tt0009481,tt0012073,0.6
tt0009482,tt0002669,-0.3
tt0009482,tt0007506,0.5
tt0009482,tt0009290,-2.0
tt0009482,tt0011094,0.7
tt0009482,tt0015543,0.5
tt0009492,tt0003748,0.3
tt0009494,tt0007755,-0.9
tt0009494,tt0008551,0.4
tt0009494,tt0008634,-1.2
tt0009494,tt0008978,-0.1
tt0009494,tt0009153,-0.8
tt0009494,tt0009580,-0.1
tt0009494,tt0009811,0.9
tt0009494,tt0009859,0.6
tt0009494,tt0010198,0.5
tt0009494,tt0010438,0.4
tt0009494,tt0011298,0.4
tt0009494,tt0011358,-1.3
tt0009494,tt0011906,0.4
tt0009494,tt0011968,0.9
tt0009494,tt0012328,0.3
tt0009494,tt0013735,-0.2
tt0009494,tt0013909,-0.5
tt0009494,tt0014321,-0.6
tt0009494,tt0015973,-1.0
tt0009494,tt0016022,-0.8
tt0009494,tt0016417,0.9
tt0009494,tt0016664,-0.5
tt0009494,tt0017374,-1.0
tt0009494,tt0017463,-2.3
tt0009494,tt0018530,-1.0
tt0009494,tt0018909,-2.0
tt0009523,tt0004825,0.9
tt0009523,tt0004872,0.8
tt0009523,tt0005041,0.7
tt0009523,tt0006755,0.7
tt0009523,tt0007678,0.7
tt0009523,tt0008443,0.6
tt0009523,tt0008891,0.4
tt0009523,tt0009020,0.0
tt0009523,tt0009567,0.7
tt0009523,tt0009969,0.9
tt0009523,tt0010844,0.9
tt0009523,tt0011387,0.7
tt0009523,tt0011785,0.2
tt0009523,tt0013332,0.7
tt0009523,tt0014158,-0.2
tt0009523,tt0014602,0.3
tt0009523,tt0015492,0.7
tt0009523,tt0016150,0.9
tt0009524,tt0005879,-0.1
tt0009524,tt0005960,-0.8
tt0009524,tt0008117,0.6
tt0009524,tt0009832,0.8
tt0009524,tt0013293,0.5
tt0009524,tt0015400,-1.7
tt0009524,tt0017540,-0.8
tt0009524,tt0018118,-0.1
tt0009524,tt0018170,-0.2
tt0009527,tt0008939,-0.4
tt0009527,tt0008954,-0.1
tt0009539,tt0012880,0.2
tt0009549,tt0001498,0.0
tt0009549,tt0004306,-0.2
tt0009549,tt0005353,0.5
tt0009550,tt0004962,0.9
tt0009550,tt0008362,-0.2
tt0009550,tt0013606,0.9
tt0009551,tt0006547,0.5
tt0009552,tt0005561,-1.1
tt0009552,tt0006482,0.5
tt0009552,tt0006865,0.3
tt0009552,tt0007000,-1.4
tt0009552,tt0007590,0.3
tt0009552,tt0008305,-0.2
tt0009552,tt0008652,0.4
tt0009552,tt0010419,0.0
tt0009552,tt0010572,0.7
tt0009552,tt0010859,0.7
tt0009552,tt0010920,0.4
tt0009552,tt0011695,0.4
tt0009552,tt0013104,0.1
tt0009552,tt0013450,-0.1
tt0009552,tt0013841,0.0
tt0009552,tt0014619,0.0
tt0009552,tt0014721,0.6
tt0009552,tt0015310,-0.6
tt0009552,tt0016541,-0.6
tt0009552,tt0017751,0.0
tt0009552,tt0018622,0.1
tt0009554,tt0008923,-0.1
tt0009554,tt0008930,0.7
tt0009559,tt0003643,0.8
tt0009559,tt0003665,0.9
tt0009559,tt0006864,-0.4
tt0009559,tt0009109,0.9
tt0009559,tt0009130,0.4
tt0009559,tt0009133,0.0
tt0009559,tt0009150,0.7
tt0009559,tt0009968,0.0
tt0009559,tt0010108,0.5
tt0009559,tt0010484,0.2
tt0009559,tt0010806,0.3
tt0009559,tt0011841,-0.1
tt0009559,tt0012532,-0.1
tt0009559,tt0014672,0.9
tt0009559,tt0015018,0.4
tt0009559,tt0016308,0.6
tt0009559,tt0017419,0.9
tt0009559,tt0018678,0.7
tt0009567,tt0008443,0.9
tt0009567,tt0008891,0.7
tt0009567,tt0009020,0.3
tt0009567,tt0011785,0.5
tt0009567,tt0014158,0.1
tt0009567,tt0014602,0.6
tt0009568,tt0011302,0.8
tt0009568,tt0012134,0.6
tt0009568,tt0015014,0.4
tt0009568,tt0015801,0.5
tt0009573,tt0005367,0.2
tt0009573,tt0007271,0.4
tt0009573,tt0007524,0.7
tt0009573,tt0007769,0.5
tt0009573,tt0007801,0.9
tt0009573,tt0008241,0.6
tt0009573,tt0009601,0.0
tt0009573,tt0009637,0.3
tt0009573,tt0011133,0.8
tt0009573,tt0011325,0.2
tt0009573,tt0011353,0.9
tt0009573,tt0012600,0.8
tt0009573,tt0015168,0.6
tt0009578,tt0010954,-2.4
tt0009578,tt0014650,-2.8
tt0009578,tt0015504,-1.4
tt0009578,tt0015866,-3.2
tt0009578,tt0016238,-2.3
tt0009578,tt0017346,-3.4
tt0009580,tt0007755,0.2
tt0009580,tt0008634,-0.1
tt0009580,tt0009153,0.3
tt0009580,tt0011358,-0.2
tt0009580,tt0013735,0.9
tt0009580,tt0013909,0.6
tt0009580,tt0014321,0.5
tt0009580,tt0015973,0.1
tt0009580,tt0016022,0.3
tt0009580,tt0016664,0.6
tt0009580,tt0017374,0.1
tt0009580,tt0017463,-1.2
tt0009580,tt0018530,0.1
tt0009580,tt0018909,-0.9
tt0009587,tt0003724,0.0
tt0009587,tt0004630,-0.3
tt0009587,tt0005062,0.7
tt0009587,tt0005979,-1.0
tt0009587,tt0006128,0.0
tt0009587,tt0006557,-0.9
tt0009587,tt0007117,0.2
tt0009587,tt0009306,-1.2
tt0009587,tt0011853,0.1
tt0009587,tt0012836,-0.7
tt0009588,tt0004295,-3.0
tt0009588,tt0004363,-2.0
tt0009588,tt0004434,-0.2
tt0009588,tt0004907,-1.9
tt0009588,tt0006863,-0.3
tt0009588,tt0009358,-0.7
tt0009588,tt0009922,-0.2
tt0009596,tt0004962,-0.2
tt0009596,tt0005200,0.5
tt0009596,tt0006588,0.2
tt0009596,tt0007160,0.1
tt0009596,tt0007260,0.7
tt0009596,tt0008362,-0.3
tt0009596,tt0008571,0.4
tt0009596,tt0008623,0.7
tt0009596,tt0008783,0.4
tt0009596,tt0008918,0.6
tt0009596,tt0009550,-0.1
tt0009596,tt0009826,0.0
tt0009600,tt0004962,-0.2
tt0009600,tt0005200,0.5
tt0009600,tt0006588,0.2
tt0009600,tt0007160,0.1
tt0009600,tt0007260,0.7
tt0009600,tt0008362,-0.3
tt0009600,tt0008571,0.4
tt0009600,tt0008623,0.7
tt0009600,tt0008783,0.4
tt0009600,tt0008918,0.6
tt0009600,tt0009550,-0.1
tt0009600,tt0009826,0.0
tt0009605,tt0011914,0.8
tt0009605,tt0014285,0.3
tt0009608,tt0009593,-1.2
tt0009608,tt0010103,0.8
tt0009608,tt0010331,-0.2
tt0009608,tt0013597,0.8
tt0009608,tt0015270,0.8
tt0009608,tt0016654,-0.4
tt0009608,tt0018113,0.3
tt0009621,tt0005613,0.0
tt0009621,tt0006731,0.3
tt0009621,tt0006745,-0.2
tt0009621,tt0007353,0.8
tt0009621,tt0009086,0.8
tt0009621,tt0009721,-0.4
tt0009621,tt0010227,-0.1
tt0009621,tt0010229,0.8
tt0009621,tt0010267,-0.5
tt0009621,tt0013093,-1.6
tt0009621,tt0013512,-0.2
tt0009621,tt0013611,-0.8
tt0009621,tt0013886,-0.1
tt0009621,tt0014547,0.0
tt0009621,tt0014982,-0.7
tt0009621,tt0015909,-0.6
tt0009621,tt0016646,-0.5
tt0009621,tt0016812,-1.0
tt0009621,tt0018297,-0.4
tt0009621,tt0018619,0.5
tt0009622,tt0002555,0.8
tt0009622,tt0003630,0.8
tt0009622,tt0003735,0.1
tt0009622,tt0004712,-0.8
tt0009622,tt0006666,-0.2
tt0009622,tt0007005,0.8
tt0009622,tt0007910,-1.1
tt0009622,tt0008725,-0.4
tt0009622,tt0008826,-0.3
tt0009622,tt0009419,0.3
tt0009622,tt0009771,0.7
tt0009622,tt0009853,0.0
tt0009622,tt0010358,-0.4
tt0009622,tt0011011,0.5
tt0009622,tt0011137,0.7
tt0009622,tt0012192,0.2
tt0009622,tt0012365,0.2
tt0009622,tt0013619,-0.5
tt0009622,tt0014171,0.7
tt0009622,tt0014191,0.0
tt0009622,tt0015339,-0.4
tt0009622,tt0016384,-0.4
tt0009622,tt0016850,-0.4
tt0009622,tt0016930,0.6
tt0009622,tt0017462,0.4
tt0009622,tt0017946,0.0
tt0009622,tt0018159,-0.2
tt0009630,tt0006907,0.3
tt0009630,tt0009137,0.8
tt0009630,tt0012917,0.7
tt0009630,tt0013727,0.8
tt0009630,tt0014322,0.4
tt0009630,tt0015684,0.9
tt0009630,tt0016006,0.9
tt0009630,tt0016013,0.1
tt0009630,tt0016875,-0.1
tt0009630,tt0018379,-0.2
tt0009637,tt0005367,0.9
tt0009637,tt0009601,0.7
tt0009637,tt0011325,0.9
tt0009650,tt0003698,-0.1
tt0009650,tt0003743,0.9
tt0009650,tt0004294,-0.6
tt0009650,tt0004434,0.7
tt0009650,tt0004635,0.3
tt0009650,tt0004766,0.4
tt0009650,tt0004792,-0.6
tt0009650,tt0004905,0.8
tt0009650,tt0005059,-0.5
tt0009650,tt0005060,-0.3
tt0009650,tt0005393,0.7
tt0009650,tt0005402,-0.6
tt0009650,tt0005589,-0.3
tt0009650,tt0006140,0.3
tt0009650,tt0006243,0.4
tt0009650,tt0006605,-0.6
tt0009650,tt0006770,0.0
tt0009650,tt0007038,-0.8
tt0009650,tt0007473,-0.1
tt0009650,tt0007857,-1.1
tt0009650,tt0008150,-0.4
tt0009650,tt0008519,-0.2
tt0009650,tt0008786,0.0
tt0009650,tt0009440,-0.2
tt0009650,tt0009702,0.6
tt0009650,tt0009781,-1.3
tt0009650,tt0009796,-0.7
tt0009650,tt0010071,-0.6
tt0009650,tt0010137,0.0
tt0009650,tt0010418,-1.0
tt0009650,tt0011716,0.2
tt0009650,tt0011865,-0.7
tt0009650,tt0011909,-0.6
tt0009650,tt0012181,-0.7
tt0009650,tt0012187,-0.6
tt0009650,tt0013372,-0.3
tt0009650,tt0013574,-0.7
tt0009650,tt0013817,0.2
tt0009650,tt0014532,-0.8
tt0009650,tt0014881,-0.6
tt0009650,tt0015433,-0.2
tt0009650,tt0015867,-1.0
tt0009650,tt0016294,-0.3
tt0009650,tt0017519,-0.7
tt0009650,tt0018054,-1.3
tt0009652,tt0012406,0.9
tt0009652,tt0016390,0.0
tt0009655,tt0009309,-0.6
tt0009655,tt0009950,0.3
tt0009655,tt0012958,-0.7
tt0009666,tt0005535,0.1
tt0009666,tt0018137,-0.3
tt0009682,tt0005076,0.3
tt0009682,tt0014996,-0.5
tt0009682,tt0016064,0.5
tt0009682,tt0017201,0.1
tt0009690,tt0007755,-1.1
tt0009690,tt0008551,0.2
tt0009690,tt0008634,-1.4
tt0009690,tt0008978,-0.3
tt0009690,tt0009153,-1.0
tt0009690,tt0009494,0.8
tt0009690,tt0009580,-0.3
tt0009690,tt0009811,0.7
tt0009690,tt0009859,0.4
tt0009690,tt0010119,0.8
tt0009690,tt0010198,0.3
tt0009690,tt0010438,0.2
tt0009690,tt0010544,0.8
tt0009690,tt0010628,0.8
tt0009690,tt0011298,0.2
tt0009690,tt0011358,-1.5
tt0009690,tt0011906,0.2
tt0009690,tt0011968,0.7
tt0009690,tt0012328,0.1
tt0009690,tt0012734,0.9
tt0009690,tt0013735,-0.4
tt0009690,tt0013909,-0.7
tt0009690,tt0014321,-0.8
tt0009690,tt0015973,-1.2
tt0009690,tt0016022,-1.0
tt0009690,tt0016417,0.7
tt0009690,tt0016664,-0.7
tt0009690,tt0017374,-1.2
tt0009690,tt0017463,-2.5
tt0009690,tt0018530,-1.2
tt0009690,tt0018909,-2.2
tt0009693,tt0008585,-2.2
tt0009693,tt0010892,-0.8
tt0009693,tt0011118,-1.1
tt0009693,tt0014090,0.3
tt0009693,tt0014239,-2.1
tt0009693,tt0014702,-1.1
tt0009693,tt0015091,-1.6
tt0009694,tt0006386,0.9
tt0009694,tt0010247,0.1
tt0009694,tt0010755,0.4
tt0009694,tt0011157,0.8
tt0009694,tt0012334,0.4
tt0009694,tt0014108,0.2
tt0009694,tt0014109,0.2
tt0009694,tt0018014,0.5
tt0009696,tt0007755,-1.1
tt0009696,tt0008551,0.2
tt0009696,tt0008634,-1.4
tt0009696,tt0008978,-0.3
tt0009696,tt0009153,-1.0
tt0009696,tt0009494,0.8
tt0009696,tt0009580,-0.3
tt0009696,tt0009811,0.7
tt0009696,tt0009859,0.4
tt0009696,tt0010119,0.8
tt0009696,tt0010198,0.3
tt0009696,tt0010438,0.2
tt0009696,tt0010544,0.8
tt0009696,tt0010628,0.8
tt0009696,tt0011298,0.2
tt0009696,tt0011358,-1.5
tt0009696,tt0011906,0.2
tt0009696,tt0011968,0.7
tt0009696,tt0012328,0.1
tt0009696,tt0012734,0.9
tt0009696,tt0013735,-0.4
tt0009696,tt0013909,-0.7
tt0009696,tt0014321,-0.8
tt0009696,tt0015973,-1.2
tt0009696,tt0016022,-1.0
tt0009696,tt0016417,0.7
tt0009696,tt0016664,-0.7
tt0009696,tt0017374,-1.2
tt0009696,tt0017463,-2.5
tt0009696,tt0018530,-1.2
tt0009696,tt0018909,-2.2
tt0009700,tt0004962,-1.0
tt0009700,tt0005172,0.2
tt0009700,tt0005200,-0.3
tt0009700,tt0006375,0.2
tt0009700,tt0006571,0.6
tt0009700,tt0006588,-0.6
tt0009700,tt0007160,-0.7
tt0009700,tt0007260,-0.1
tt0009700,tt0007811,0.5
tt0009700,tt0008036,0.7
tt0009700,tt0008362,-1.1
tt0009700,tt0008571,-0.4
tt0009700,tt0008623,-0.1
tt0009700,tt0008783,-0.4
tt0009700,tt0008892,0.3
tt0009700,tt0008918,-0.2
tt0009700,tt0009550,-0.9
tt0009700,tt0009596,0.2
tt0009700,tt0009600,0.2
tt0009700,tt0009826,-0.8
tt0009700,tt0010476,0.4
tt0009700,tt0010733,0.4
tt0009700,tt0011078,0.2
tt0009701,tt0006206,0.8
tt0009701,tt0006886,0.9
tt0009701,tt0009905,0.5
tt0009701,tt0013125,0.7
tt0009701,tt0014897,0.5
tt0009702,tt0003698,0.3
tt0009702,tt0004294,-0.2
tt0009702,tt0004635,0.7
tt0009702,tt0004766,0.8
tt0009702,tt0004792,-0.2
tt0009702,tt0005059,-0.1
tt0009702,tt0005060,0.1
tt0009702,tt0005402,-0.2
tt0009702,tt0005589,0.1
tt0009702,tt0006140,0.7
tt0009702,tt0006243,0.8
tt0009702,tt0006605,-0.2
tt0009702,tt0006770,0.4
tt0009702,tt0007038,-0.4
tt0009702,tt0007473,0.3
tt0009702,tt0007857,-0.7
tt0009702,tt0008150,0.0
tt0009702,tt0008519,0.2
tt0009702,tt0008786,0.4
tt0009702,tt0009440,0.2
tt0009702,tt0009781,-0.9
tt0009702,tt0009796,-0.3
tt0009702,tt0010071,-0.2
tt0009702,tt0010137,0.4
tt0009702,tt0010418,-0.6
tt0009702,tt0011716,0.6
tt0009702,tt0011865,-0.3
tt0009702,tt0011909,-0.2
tt0009702,tt0012181,-0.3
tt0009702,tt0012187,-0.2
tt0009702,tt0013372,0.1
tt0009702,tt0013574,-0.3
tt0009702,tt0013817,0.6
tt0009702,tt0014532,-0.4
tt0009702,tt0014881,-0.2
tt0009702,tt0015433,0.2
tt0009702,tt0015867,-0.6
tt0009702,tt0016294,0.1
tt0009702,tt0017519,-0.3
tt0009702,tt0018054,-0.9
tt0009704,tt0005984,0.8
tt0009704,tt0010566,0.3
tt0009704,tt0013902,0.6
tt0009721,tt0010267,0.9
tt0009721,tt0013093,-0.2
tt0009721,tt0013611,0.6
tt0009721,tt0014600,0.8
tt0009721,tt0014982,0.7
tt0009721,tt0015909,0.8
tt0009721,tt0016646,0.9
tt0009721,tt0016812,0.4
tt0009721,tt0018825,0.3
tt0009726,tt0005377,0.5
tt0009726,tt0005561,-1.6
tt0009726,tt0006482,0.0
tt0009726,tt0006865,-0.2
tt0009726,tt0007000,-1.9
tt0009726,tt0007590,-0.2
tt0009726,tt0008305,-0.7
tt0009726,tt0008652,-0.1
tt0009726,tt0009552,0.5
tt0009726,tt0010419,-0.5
tt0009726,tt0010572,0.2
tt0009726,tt0010859,0.2
tt0009726,tt0010920,-0.1
tt0009726,tt0011695,-0.1
tt0009726,tt0013104,-0.4
tt0009726,tt0013450,-0.6
tt0009726,tt0013841,-0.5
tt0009726,tt0014619,-0.5
tt0009726,tt0014721,0.1
tt0009726,tt0015310,-1.1
tt0009726,tt0016541,-1.1
tt0009726,tt0017751,-0.5
tt0009726,tt0018622,-0.4
tt0009737,tt0007645,-0.2
tt0009737,tt0008159,0.4
tt0009737,tt0011193,0.6
tt0009737,tt0012324,-1.0
tt0009737,tt0015632,0.4
tt0009737,tt0016804,0.0
tt0009737,tt0017667,0.0
tt0009737,tt0018037,0.6
tt0009737,tt0018218,0.6
tt0009737,tt0018566,0.0
tt0009741,tt0001498,-0.8
tt0009741,tt0004257,0.9
tt0009741,tt0004306,-1.0
tt0009741,tt0005353,-0.3
tt0009741,tt0007361,0.6
tt0009741,tt0009549,0.2
tt0009741,tt0010565,0.8
tt0009750,tt0013393,-0.5
tt0009754,tt0002555,0.7
tt0009754,tt0003630,0.7
tt0009754,tt0003735,0.0
tt0009754,tt0004712,-0.9
tt0009754,tt0006666,-0.3
tt0009754,tt0006893,0.9
tt0009754,tt0007005,0.7
tt0009754,tt0007910,-1.2
tt0009754,tt0008725,-0.5
tt0009754,tt0008826,-0.4
tt0009754,tt0009419,0.2
tt0009754,tt0009622,0.9
tt0009754,tt0009771,0.6
tt0009754,tt0009853,-0.1
tt0009754,tt0010358,-0.5
tt0009754,tt0011011,0.4
tt0009754,tt0011137,0.6
tt0009754,tt0012192,0.1
tt0009754,tt0012365,0.1
tt0009754,tt0013619,-0.6
tt0009754,tt0014171,0.6
tt0009754,tt0014191,-0.1
tt0009754,tt0015339,-0.5
tt0009754,tt0016384,-0.5
tt0009754,tt0016850,-0.5
tt0009754,tt0016930,0.5
tt0009754,tt0017462,0.3
tt0009754,tt0017946,-0.1
tt0009754,tt0018159,-0.3
tt0009757,tt0006206,0.7
tt0009757,tt0006886,0.8
tt0009757,tt0009701,0.9
tt0009757,tt0009905,0.4
tt0009757,tt0010089,0.9
tt0009757,tt0011110,0.9
tt0009757,tt0013125,0.6
tt0009757,tt0014897,0.4
tt0009765,tt0003471,-0.2
tt0009765,tt0003589,-0.4
tt0009765,tt0005739,-0.9
tt0009765,tt0005931,-0.6
tt0009765,tt0006040,-2.2
tt0009765,tt0006373,-1.4
tt0009765,tt0006709,-1.4
tt0009765,tt0007021,-2.9
tt0009765,tt0007034,-1.6
tt0009765,tt0007094,-2.6
tt0009765,tt0007278,-0.4
tt0009765,tt0007795,-1.2
tt0009765,tt0009017,-1.8
tt0009765,tt0009240,0.0
tt0009765,tt0010466,-0.7
tt0009765,tt0012366,-1.2
tt0009766,tt0009251,-1.1
tt0009766,tt0011238,-0.2
tt0009766,tt0011890,0.1
tt0009766,tt0012322,0.2
tt0009766,tt0014391,-0.2
tt0009766,tt0016094,0.2
tt0009771,tt0003735,0.4
tt0009771,tt0004712,-0.5
tt0009771,tt0006666,0.1
tt0009771,tt0007910,-0.8
tt0009771,tt0008725,-0.1
tt0009771,tt0008826,0.0
tt0009771,tt0009419,0.6
tt0009771,tt0009853,0.3
tt0009771,tt0010358,-0.1
tt0009771,tt0011011,0.8
tt0009771,tt0012192,0.5
tt0009771,tt0012365,0.5
tt0009771,tt0013619,-0.2
tt0009771,tt0014191,0.3
tt0009771,tt0015339,-0.1
tt0009771,tt0016384,-0.1
tt0009771,tt0016850,-0.1
tt0009771,tt0016930,0.9
tt0009771,tt0017462,0.7
tt0009771,tt0017946,0.3
tt0009771,tt0018159,0.1
tt0009789,tt0009354,0.5
tt0009789,tt0010215,0.5
tt0009789,tt0011439,0.1
tt0009789,tt0012752,0.2
tt0009789,tt0012952,0.8
tt0009789,tt0015268,-0.1
tt0009789,tt0015413,0.8
tt0009789,tt0016641,-0.7
tt0009789,tt0017449,0.2
tt0009789,tt0017850,-0.4
tt0009790,tt0014339,-0.7
tt0009796,tt0007038,0.9
tt0009796,tt0007857,0.6
tt0009796,tt0009781,0.4
tt0009796,tt0010418,0.7
tt0009796,tt0014532,0.9
tt0009796,tt0015867,0.7
tt0009796,tt0018054,0.4
tt0009811,tt0007755,-0.8
tt0009811,tt0008551,0.5
tt0009811,tt0008634,-1.1
tt0009811,tt0008978,0.0
tt0009811,tt0009153,-0.7
tt0009811,tt0009580,0.0
tt0009811,tt0009859,0.7
tt0009811,tt0010198,0.6
tt0009811,tt0010438,0.5
tt0009811,tt0011298,0.5
tt0009811,tt0011358,-1.2
tt0009811,tt0011906,0.5
tt0009811,tt0012328,0.4
tt0009811,tt0013735,-0.1
tt0009811,tt0013909,-0.4
tt0009811,tt0014321,-0.5
tt0009811,tt0015973,-0.9
tt0009811,tt0016022,-0.7
tt0009811,tt0016664,-0.4
tt0009811,tt0017374,-0.9
tt0009811,tt0017463,-2.2
tt0009811,tt0018530,-0.9
tt0009811,tt0018909,-1.9
tt0009826,tt0004962,0.8
tt0009826,tt0008362,0.7
tt0009826,tt0009550,0.9
tt0009827,tt0002785,0.7
tt0009827,tt0004825,-0.1
tt0009827,tt0004872,-0.2
tt0009827,tt0005041,-0.3
tt0009827,tt0005163,0.3
tt0009827,tt0006182,0.7
tt0009827,tt0006755,-0.3
tt0009827,tt0007678,-0.3
tt0009827,tt0008011,0.2
tt0009827,tt0008443,-0.4
tt0009827,tt0008458,0.1
tt0009827,tt0008764,0.9
tt0009827,tt0008891,-0.6
tt0009827,tt0009020,-1.0
tt0009827,tt0009523,0.0
tt0009827,tt0009567,-0.3
tt0009827,tt0009969,-0.1
tt0009827,tt0010844,-0.1
tt0009827,tt0010882,0.0
tt0009827,tt0011076,0.7
tt0009827,tt0011387,-0.3
tt0009827,tt0011785,-0.8
tt0009827,tt0013332,-0.3
tt0009827,tt0014158,-1.2
tt0009827,tt0014602,-0.7
tt0009827,tt0015492,-0.3
tt0009827,tt0016150,-0.1
tt0009827,tt0016598,0.6
tt0009829,tt0002594,-0.1
tt0009829,tt0004731,0.3
tt0009829,tt0007100,-1.0
tt0009829,tt0010680,0.2
tt0009829,tt0011533,0.6
tt0009832,tt0005879,0.1
tt0009832,tt0005960,-0.6
tt0009832,tt0008117,0.8
tt0009832,tt0013293,0.7
tt0009832,tt0015400,-1.5
tt0009832,tt0017540,-0.6
tt0009832,tt0018118,0.1
tt0009832,tt0018170,0.0
tt0009833,tt0009233,0.7
tt0009833,tt0010356,0.7
tt0009833,tt0011973,-0.1
tt0009833,tt0012178,-0.1
tt0009833,tt0013627,0.9
tt0009833,tt0014359,0.9
tt0009833,tt0014734,0.2
tt0009833,tt0014759,-0.4
tt0009833,tt0015600,0.1
tt0009833,tt0015742,0.0
tt0009833,tt0016198,0.6
tt0009833,tt0016687,0.1
tt0009833,tt0016950,0.7
tt0009837,tt0007755,-1.2
tt0009837,tt0008271,0.9
tt0009837,tt0008551,0.1
tt0009837,tt0008634,-1.5
tt0009837,tt0008978,-0.4
tt0009837,tt0009153,-1.1
tt0009837,tt0009494,0.7
tt0009837,tt0009580,-0.4
tt0009837,tt0009690,0.9
tt0009837,tt0009696,0.9
tt0009837,tt0009811,0.6
tt0009837,tt0009859,0.3
tt0009837,tt0010119,0.7
tt0009837,tt0010198,0.2
tt0009837,tt0010438,0.1
tt0009837,tt0010544,0.7
tt0009837,tt0010628,0.7
tt0009837,tt0011298,0.1
tt0009837,tt0011358,-1.6
tt0009837,tt0011906,0.1
tt0009837,tt0011968,0.6
tt0009837,tt0012328,-0.0
tt0009837,tt0012734,0.8
tt0009837,tt0013735,-0.5
tt0009837,tt0013909,-0.8
tt0009837,tt0014321,-0.9
tt0009837,tt0014539,0.9
tt0009837,tt0014999,0.9
tt0009837,tt0015973,-1.3
tt0009837,tt0016022,-1.1
tt0009837,tt0016417,0.6
tt0009837,tt0016664,-0.8
tt0009837,tt0017374,-1.3
tt0009837,tt0017463,-2.6
tt0009837,tt0018530,-1.3
tt0009837,tt0018909,-2.3
tt0009842,tt0008355,0.9
tt0009842,tt0011950,0.6
tt0009852,tt0008176,-0.7
tt0009852,tt0008952,0.4
tt0009852,tt0009436,0.2
tt0009852,tt0009851,-1.3
tt0009853,tt0004712,0.2
tt0009853,tt0006666,0.8
tt0009853,tt0007910,-0.1
tt0009853,tt0008725,0.6
tt0009853,tt0008826,0.7
tt0009853,tt0010358,0.6
tt0009853,tt0013619,0.5
tt0009853,tt0015339,0.6
tt0009853,tt0016384,0.6
tt0009853,tt0016850,0.6
tt0009853,tt0018159,0.8
tt0009857,tt0006623,-0.5
tt0009857,tt0007110,-2.0
tt0009857,tt0007933,-1.1
tt0009857,tt0008843,-1.1
tt0009857,tt0011604,-2.1
tt0009857,tt0013572,-1.1
tt0009857,tt0013700,-1.7
tt0009857,tt0016467,-1.0
tt0009857,tt0017099,-1.6
tt0009857,tt0017835,0.6
tt0009857,tt0017979,-1.0
tt0009858,tt0003883,0.2
tt0009858,tt0009289,-0.3
tt0009858,tt0009376,0.7
tt0009859,tt0007755,-0.5
tt0009859,tt0008551,0.8
tt0009859,tt0008634,-0.8
tt0009859,tt0008978,0.3
tt0009859,tt0009153,-0.4
tt0009859,tt0009580,0.3
tt0009859,tt0010198,0.9
tt0009859,tt0010438,0.8
tt0009859,tt0011298,0.8
tt0009859,tt0011358,-0.9
tt0009859,tt0011906,0.8
tt0009859,tt0012328,0.7
tt0009859,tt0013735,0.2
tt0009859,tt0013909,-0.1
tt0009859,tt0014321,-0.2
tt0009859,tt0015973,-0.6
tt0009859,tt0016022,-0.4
tt0009859,tt0016664,-0.1
tt0009859,tt0017374,-0.6
tt0009859,tt0017463,-1.9
tt0009859,tt0018530,-0.6
tt0009859,tt0018909,-1.6
tt0009861,tt0010219,-2.0
tt0009861,tt0010393,-0.2
tt0009861,tt0010635,-2.5
tt0009861,tt0010835,-3.2
tt0009861,tt0010929,-3.9
tt0009861,tt0011753,-2.2
tt0009861,tt0012077,-3.6
tt0009861,tt0012114,-3.0
tt0009861,tt0012202,-3.7
tt0009861,tt0012382,-2.9
tt0009861,tt0013071,0.5
tt0009861,tt0013449,-2.0
tt0009861,tt0013459,-2.8
tt0009861,tt0013951,-3.4
tt0009861,tt0014137,-3.6
tt0009861,tt0014423,-2.6
tt0009861,tt0014552,0.4
tt0009861,tt0014777,-2.0
tt0009861,tt0014892,-3.0
tt0009861,tt0015131,-2.0
tt0009861,tt0015612,-2.7
tt0009861,tt0016235,-2.7
tt0009861,tt0016497,-2.7
tt0009861,tt0017117,-3.6
tt0009861,tt0017226,-3.7
tt0009861,tt0017755,-2.7
tt0009861,tt0018870,-2.3
tt0009878,tt0009677,0.7
tt0009878,tt0012386,0.8
tt0009879,tt0006358,0.9
tt0009892,tt0003698,0.3
tt0009892,tt0004208,0.9
tt0009892,tt0004635,0.7
tt0009892,tt0005879,0.3
tt0009892,tt0005984,-0.4
tt0009892,tt0008266,0.6
tt0009892,tt0009704,-0.2
tt0009892,tt0010515,0.8
tt0009892,tt0010566,-0.9
tt0009892,tt0013902,-0.6
tt0009892,tt0017259,0.2
tt0009893,tt0010600,0.8
tt0009893,tt0018451,0.7
tt0009903,tt0007755,-1.3
tt0009903,tt0008271,0.8
tt0009903,tt0008551,0.0
tt0009903,tt0008634,-1.6
tt0009903,tt0008978,-0.5
tt0009903,tt0009153,-1.2
tt0009903,tt0009494,0.6
tt0009903,tt0009580,-0.5
tt0009903,tt0009690,0.8
tt0009903,tt0009696,0.8
tt0009903,tt0009811,0.5
tt0009903,tt0009837,0.9
tt0009903,tt0009859,0.2
tt0009903,tt0010119,0.6
tt0009903,tt0010198,0.1
tt0009903,tt0010438,0.0
tt0009903,tt0010544,0.6
tt0009903,tt0010628,0.6
tt0009903,tt0011298,0.0
tt0009903,tt0011358,-1.7
tt0009903,tt0011906,0.0
tt0009903,tt0011968,0.5
tt0009903,tt0012102,0.9
tt0009903,tt0012328,-0.1
tt0009903,tt0012734,0.7
tt0009903,tt0012818,0.9
tt0009903,tt0013735,-0.6
tt0009903,tt0013909,-0.9
tt0009903,tt0014321,-1.0
tt0009903,tt0014539,0.8
tt0009903,tt0014999,0.8
tt0009903,tt0015973,-1.4
tt0009903,tt0016022,-1.2
tt0009903,tt0016417,0.5
tt0009903,tt0016664,-0.9
tt0009903,tt0017374,-1.4
tt0009903,tt0017463,-2.7
tt0009903,tt0018530,-1.4
tt0009903,tt0018909,-2.4
tt0009904,tt0011252,-2.2
tt0009904,tt0012034,-2.2
tt0009904,tt0016778,-4.0
tt0009915,tt0015467,0.0
tt0009915,tt0016301,0.8
tt0009918,tt0008939,0.4
tt0009918,tt0008955,0.0
tt0009922,tt0004295,-1.8
tt0009922,tt0004363,-0.8
tt0009922,tt0004907,-0.7
tt0009922,tt0006863,0.9
tt0009922,tt0009358,0.5
tt0009929,tt0009159,0.8
tt0009929,tt0010964,0.4
tt0009929,tt0018893,0.3
tt0009936,tt0003897,0.9
tt0009936,tt0005974,0.2
tt0009936,tt0006867,0.9
tt0009936,tt0007932,0.8
tt0009936,tt0009204,0.3
tt0009936,tt0010357,0.8
tt0009936,tt0012298,0.5
tt0009936,tt0014365,-1.5
tt0009936,tt0014927,-0.6
tt0009936,tt0016480,0.2
tt0009936,tt0016534,0.5
tt0009936,tt0016989,0.9
tt0009936,tt0017687,0.4
tt0009936,tt0018771,-0.7
tt0009936,tt0018797,0.6
tt0009937,tt0013140,0.9
tt0009937,tt0015881,-0.1
tt0009937,tt0016104,0.7
tt0009950,tt0009309,0.1
tt0009950,tt0012958,0.0
tt0009960,tt0005193,-0.4
tt0009960,tt0016523,0.7
tt0009968,tt0006864,0.6
tt0009968,tt0011841,0.9
tt0009968,tt0012532,0.9
tt0009969,tt0004872,0.9
tt0009969,tt0005041,0.8
tt0009969,tt0006755,0.8
tt0009969,tt0007678,0.8
tt0009969,tt0008443,0.7
tt0009969,tt0008891,0.5
tt0009969,tt0009020,0.1
tt0009969,tt0009567,0.8
tt0009969,tt0011387,0.8
tt0009969,tt0011785,0.3
tt0009969,tt0013332,0.8
tt0009969,tt0014158,-0.1
tt0009969,tt0014602,0.4
tt0009969,tt0015492,0.8
tt0009972,tt0007270,-0.4
tt0009972,tt0008814,0.0
tt0009972,tt0009053,0.6
tt0009972,tt0011036,0.8
tt0009972,tt0013284,0.4
tt0009972,tt0015770,0.9
tt0009972,tt0016288,0.9
tt0009972,tt0016693,0.9
tt0009972,tt0017112,0.8
tt0009975,tt0008865,0.8
tt0009975,tt0008882,-0.7
tt0009975,tt0010402,0.8
tt0009975,tt0010696,0.3
tt0009975,tt0011741,0.9
tt0009975,tt0014045,0.1
tt0009975,tt0015071,0.2
tt0009975,tt0017142,0.4
tt0009976,tt0011530,-0.2
tt0009976,tt0011827,0.0
tt0009976,tt0017443,0.6
tt0009987,tt0006358,0.2
tt0009987,tt0009209,0.6
tt0009987,tt0009879,0.3
tt0009987,tt0011721,0.7
tt0009989,tt0007992,0.9
tt0009991,tt0004465,0.8
tt0009991,tt0004613,0.5
tt0009991,tt0007339,0.3
tt0010002,tt0005408,-0.1
tt0010002,tt0008544,-0.4
tt0010002,tt0015570,0.6
tt0010010,tt0011098,0.5
tt0010018,tt0005764,-1.2
tt0010018,tt0006217,-0.5
tt0010018,tt0006371,0.2
tt0010018,tt0009423,-0.1
tt0010018,tt0010905,-1.5
tt0010018,tt0013369,-0.4
tt0010018,tt0013672,-0.3
tt0010018,tt0013867,-0.8
tt0010018,tt0013920,0.2
tt0010018,tt0014023,-0.7
tt0010018,tt0014816,-0.7
tt0010018,tt0015399,-0.3
tt0010018,tt0015735,-1.3
tt0010018,tt0017416,-0.5
tt0010018,tt0018203,-0.9
tt0010018,tt0018674,-0.8
tt0010020,tt0012317,-0.1
tt0010020,tt0017998,0.3
tt0010031,tt0009252,0.0
tt0010031,tt0013386,0.1
tt0010031,tt0016220,-0.8
tt0010031,tt0017385,0.3
tt0010031,tt0017776,0.0
tt0010031,tt0018601,0.2
tt0010032,tt0005193,-0.6
tt0010032,tt0009960,0.8
tt0010032,tt0016523,0.5
tt0010040,tt0009652,0.7
tt0010040,tt0012406,0.6
tt0010040,tt0014854,0.8
tt0010040,tt0016390,-0.3
tt0010045,tt0009354,-0.2
tt0010045,tt0009789,0.3
tt0010045,tt0010215,-0.2
tt0010045,tt0011170,0.5
tt0010045,tt0011257,0.4
tt0010045,tt0011439,-0.6
tt0010045,tt0011679,0.7
tt0010045,tt0011877,0.3
tt0010045,tt0012752,-0.5
tt0010045,tt0012952,0.1
tt0010045,tt0015268,-0.8
tt0010045,tt0015413,0.1
tt0010045,tt0016641,-1.4
tt0010045,tt0017449,-0.5
tt0010045,tt0017850,-1.1
tt0010055,tt0013084,0.5
tt0010055,tt0016205,0.4
tt0010055,tt0016947,0.9
tt0010055,tt0017158,0.6
tt0010055,tt0017307,0.4
tt0010055,tt0018033,0.2
tt0010055,tt0018381,0.8
tt0010058,tt0008381,-0.8
tt0010058,tt0010587,0.5
tt0010060,tt0009159,-0.1
tt0010060,tt0009929,0.1
tt0010060,tt0010964,-0.5
tt0010060,tt0011738,0.4
tt0010060,tt0014164,0.1
tt0010060,tt0017526,0.9
tt0010060,tt0018749,0.6
tt0010060,tt0018893,-0.6
tt0010061,tt0005551,0.7
tt0010061,tt0007120,0.7
tt0010071,tt0007038,0.8
tt0010071,tt0007857,0.5
tt0010071,tt0009781,0.3
tt0010071,tt0009796,0.9
tt0010071,tt0010418,0.6
tt0010071,tt0011865,0.9
tt0010071,tt0012181,0.9
tt0010071,tt0013574,0.9
tt0010071,tt0014532,0.8
tt0010071,tt0015867,0.6
tt0010071,tt0017519,0.9
tt0010071,tt0018054,0.3
tt0010088,tt0007664,-0.8
tt0010088,tt0008175,0.3
tt0010088,tt0008389,0.7
tt0010088,tt0013724,0.3
tt0010088,tt0016615,0.6
tt0010088,tt0017599,-1.0
tt0010088,tt0018748,0.9
tt0010089,tt0006206,0.8
tt0010089,tt0006886,0.9
tt0010089,tt0009905,0.5
tt0010089,tt0013125,0.7
tt0010089,tt0014897,0.5
tt0010091,tt0005879,-0.1
tt0010091,tt0005960,-0.8
tt0010091,tt0008117,0.6
tt0010091,tt0009832,0.8
tt0010091,tt0013293,0.5
tt0010091,tt0015400,-1.7
tt0010091,tt0017540,-0.8
tt0010091,tt0018118,-0.1
tt0010091,tt0018170,-0.2
tt0010102,tt0009001,0.6
tt0010102,tt0009284,0.1
tt0010102,tt0009544,-0.8
tt0010102,tt0010890,0.7
tt0010102,tt0012538,0.6
tt0010102,tt0014003,0.5
tt0010102,tt0016142,0.5
tt0010102,tt0016473,0.0
tt0010102,tt0016655,0.4
tt0010102,tt0017329,0.8
tt0010102,tt0018097,0.4
tt0010102,tt0018397,0.2
tt0010102,tt0018528,-0.6
tt0010102,tt0018697,0.3
tt0010103,tt0009593,-1.0
tt0010103,tt0010331,0.0
tt0010103,tt0016654,-0.2
tt0010103,tt0018113,0.5
tt0010108,tt0006864,0.1
tt0010108,tt0009130,0.9
tt0010108,tt0009133,0.5
tt0010108,tt0009968,0.5
tt0010108,tt0010484,0.7
tt0010108,tt0010806,0.8
tt0010108,tt0011841,0.4
tt0010108,tt0012532,0.4
tt0010108,tt0015018,0.9
tt0010112,tt0009915,-0.3
tt0010112,tt0010195,0.2
tt0010112,tt0010987,0.5
tt0010112,tt0011127,0.5
tt0010112,tt0013455,0.0
tt0010112,tt0013795,0.3
tt0010112,tt0013824,0.4
tt0010112,tt0015180,0.7
tt0010112,tt0015467,-1.3
tt0010112,tt0015547,0.7
tt0010112,tt0015572,-0.3
tt0010112,tt0016301,-0.5
tt0010112,tt0016823,0.7
tt0010114,tt0004465,0.0
tt0010114,tt0007339,-0.5
tt0010114,tt0009991,0.2
tt0010119,tt0007755,-0.9
tt0010119,tt0008551,0.4
tt0010119,tt0008634,-1.2
tt0010119,tt0008978,-0.1
tt0010119,tt0009153,-0.8
tt0010119,tt0009580,-0.1
tt0010119,tt0009811,0.9
tt0010119,tt0009859,0.6
tt0010119,tt0010198,0.5
tt0010119,tt0010438,0.4
tt0010119,tt0011298,0.4
tt0010119,tt0011358,-1.3
tt0010119,tt0011906,0.4
tt0010119,tt0011968,0.9
tt0010119,tt0012328,0.3
tt0010119,tt0013735,-0.2
tt0010119,tt0013909,-0.5
tt0010119,tt0014321,-0.6
tt0010119,tt0015973,-1.0
tt0010119,tt0016022,-0.8
tt0010119,tt0016417,0.9
tt0010119,tt0016664,-0.5
tt0010119,tt0017374,-1.0
tt0010119,tt0017463,-2.3
tt0010119,tt0018530,-1.0
tt0010119,tt0018909,-2.0
tt0010131,tt0007664,-1.1
tt0010131,tt0008175,0.0
tt0010131,tt0008389,0.4
tt0010131,tt0010088,0.7
tt0010131,tt0013724,0.0
tt0010131,tt0016334,0.0
tt0010131,tt0016615,0.3
tt0010131,tt0017202,0.3
tt0010131,tt0017599,-1.3
tt0010131,tt0018515,-0.6
tt0010131,tt0018748,0.6
tt0010133,tt0008865,-1.1
tt0010133,tt0008882,-2.6
tt0010133,tt0009975,-0.9
tt0010133,tt0010402,-1.1
tt0010133,tt0010696,-1.6
tt0010133,tt0011741,-1.0
tt0010133,tt0014045,-1.8
tt0010133,tt0015071,-1.7
tt0010133,tt0017142,-1.5
tt0010134,tt0008622,-0.6
tt0010134,tt0016524,-0.5
tt0010137,tt0003698,0.9
tt0010137,tt0004294,0.4
tt0010137,tt0004792,0.4
tt0010137,tt0005059,0.5
tt0010137,tt0005060,0.7
tt0010137,tt0005402,0.4
tt0010137,tt0005589,0.7
tt0010137,tt0006605,0.4
tt0010137,tt0007038,0.2
tt0010137,tt0007473,0.9
tt0010137,tt0007857,-0.1
tt0010137,tt0008150,0.6
tt0010137,tt0008519,0.8
tt0010137,tt0009440,0.8
tt0010137,tt0009781,-0.3
tt0010137,tt0009796,0.3
tt0010137,tt0010071,0.4
tt0010137,tt0010418,0.0
tt0010137,tt0011865,0.3
tt0010137,tt0011909,0.4
tt0010137,tt0012181,0.3
tt0010137,tt0012187,0.4
tt0010137,tt0013372,0.7
tt0010137,tt0013574,0.3
tt0010137,tt0014532,0.2
tt0010137,tt0014881,0.4
tt0010137,tt0015433,0.8
tt0010137,tt0015867,0.0
tt0010137,tt0016294,0.7
tt0010137,tt0017519,0.3
tt0010137,tt0018054,-0.3
tt0010158,tt0015442,0.7
tt0010162,tt0005392,0.0
tt0010162,tt0006736,0.6
tt0010162,tt0006753,0.6
tt0010162,tt0008309,0.7
tt0010162,tt0008406,-0.2
tt0010162,tt0008915,0.8
tt0010162,tt0009143,0.0
tt0010162,tt0009400,0.5
tt0010162,tt0010049,-0.6
tt0010162,tt0010715,0.9
tt0010162,tt0012565,0.6
tt0010162,tt0013556,0.2
tt0010162,tt0014636,0.6
tt0010162,tt0014981,0.5
tt0010162,tt0015116,0.5
tt0010162,tt0015349,-0.5
tt0010162,tt0015465,-0.1
tt0010162,tt0016394,0.4
tt0010162,tt0017242,-0.1
tt0010162,tt0017841,0.1
tt0010162,tt0018700,0.8
tt0010168,tt0009560,0.2
tt0010168,tt0011428,0.5
tt0010176,tt0013078,0.3
tt0010178,tt0004182,-0.1
tt0010178,tt0005034,0.2
tt0010178,tt0005298,0.6
tt0010178,tt0008489,0.4
tt0010178,tt0009278,-0.2
tt0010178,tt0009706,-0.4
tt0010180,tt0015039,0.9
tt0010180,tt0017376,0.7
tt0010183,tt0006463,-2.3
tt0010183,tt0007272,-1.6
tt0010183,tt0013000,0.2
tt0010183,tt0014989,-0.4
tt0010186,tt0002555,0.2
tt0010186,tt0003309,0.5
tt0010186,tt0003630,0.2
tt0010186,tt0003735,-0.5
tt0010186,tt0004199,0.8
tt0010186,tt0004712,-1.4
tt0010186,tt0004847,0.7
tt0010186,tt0004869,0.6
tt0010186,tt0006666,-0.8
tt0010186,tt0006893,0.4
tt0010186,tt0007005,0.2
tt0010186,tt0007012,0.5
tt0010186,tt0007765,0.8
tt0010186,tt0007910,-1.7
tt0010186,tt0007984,0.8
tt0010186,tt0008039,0.7
tt0010186,tt0008558,0.6
tt0010186,tt0008658,0.7
tt0010186,tt0008725,-1.0
tt0010186,tt0008745,0.9
tt0010186,tt0008804,0.9
tt0010186,tt0008806,0.7
tt0010186,tt0008810,0.5
tt0010186,tt0008826,-0.9
tt0010186,tt0008983,0.9
tt0010186,tt0009247,0.9
tt0010186,tt0009322,0.8
tt0010186,tt0009419,-0.3
tt0010186,tt0009622,0.4
tt0010186,tt0009754,0.5
tt0010186,tt0009771,0.1
tt0010186,tt0009853,-0.6
tt0010186,tt0010337,0.7
tt0010186,tt0010358,-1.0
tt0010186,tt0011011,-0.1
tt0010186,tt0011137,0.1
tt0010186,tt0011487,0.9
tt0010186,tt0011731,0.9
tt0010186,tt0012192,-0.4
tt0010186,tt0012365,-0.4
tt0010186,tt0013619,-1.1
tt0010186,tt0014171,0.1
tt0010186,tt0014191,-0.6
tt0010186,tt0015339,-1.0
tt0010186,tt0015356,0.9
tt0010186,tt0016384,-1.0
tt0010186,tt0016850,-1.0
tt0010186,tt0016930,0.0
tt0010186,tt0017462,-0.2
tt0010186,tt0017805,0.8
tt0010186,tt0017946,-0.6
tt0010186,tt0018159,-0.8
tt0010190,tt0011191,0.0
tt0010190,tt0013527,0.5
tt0010193,tt0003643,0.6
tt0010193,tt0003665,0.7
tt0010193,tt0004181,0.8
tt0010193,tt0004972,0.9
tt0010193,tt0006864,-0.6
tt0010193,tt0009109,0.7
tt0010193,tt0009130,0.2
tt0010193,tt0009133,-0.2
tt0010193,tt0009150,0.5
tt0010193,tt0009559,0.8
tt0010193,tt0009968,-0.2
tt0010193,tt0010108,0.3
tt0010193,tt0010484,0.0
tt0010193,tt0010806,0.1
tt0010193,tt0011841,-0.3
tt0010193,tt0012532,-0.3
tt0010193,tt0014604,0.9
tt0010193,tt0014672,0.7
tt0010193,tt0015018,0.2
tt0010193,tt0016308,0.4
tt0010193,tt0017419,0.7
tt0010193,tt0018678,0.5
tt0010195,tt0009915,0.5
tt0010195,tt0013455,0.8
tt0010195,tt0015467,-0.5
tt0010195,tt0015572,0.5
tt0010195,tt0016301,0.3
tt0010198,tt0007755,-0.4
tt0010198,tt0008551,0.9
tt0010198,tt0008634,-0.7
tt0010198,tt0008978,0.4
tt0010198,tt0009153,-0.3
tt0010198,tt0009580,0.4
tt0010198,tt0010438,0.9
tt0010198,tt0011298,0.9
tt0010198,tt0011358,-0.8
tt0010198,tt0011906,0.9
tt0010198,tt0012328,0.8
tt0010198,tt0013735,0.3
tt0010198,tt0013909,0.0
tt0010198,tt0014321,-0.1
tt0010198,tt0015973,-0.5
tt0010198,tt0016022,-0.3
tt0010198,tt0016664,0.0
tt0010198,tt0017374,-0.5
tt0010198,tt0017463,-1.8
tt0010198,tt0018530,-0.5
tt0010198,tt0018909,-1.5
tt0010201,tt0014401,0.9
tt0010201,tt0015101,0.9
tt0010201,tt0016232,-0.3
tt0010201,tt0017594,0.6
tt0010201,tt0018142,0.6
tt0010201,tt0018187,0.0
tt0010203,tt0012494,0.3
tt0010203,tt0013086,0.1
tt0010203,tt0015174,0.0
tt0010203,tt0015175,-0.2
tt0010203,tt0017136,-0.3
tt0010206,tt0003014,0.6
tt0010206,tt0003150,0.4
tt0010206,tt0004047,0.7
tt0010206,tt0006108,-0.3
tt0010206,tt0008663,0.3
tt0010206,tt0008710,0.9
tt0010206,tt0008879,0.4
tt0010206,tt0010298,0.4
tt0010206,tt0011370,0.7
tt0010206,tt0011499,0.3
tt0010206,tt0012364,-0.4
tt0010206,tt0013452,0.0
tt0010206,tt0013730,0.8
tt0010206,tt0014014,0.7
tt0010206,tt0014302,0.9
tt0010206,tt0014972,-0.1
tt0010206,tt0015702,0.9
tt0010206,tt0016446,0.0
tt0010206,tt0017350,0.0
tt0010206,tt0018836,0.6
tt0010208,tt0010203,-0.3
tt0010208,tt0010248,0.6
tt0010208,tt0010726,0.1
tt0010208,tt0011723,0.5
tt0010208,tt0011837,0.6
tt0010208,tt0012494,-1.0
tt0010208,tt0012806,0.7
tt0010208,tt0013086,-1.2
tt0010208,tt0015174,-1.3
tt0010208,tt0015175,-1.5
tt0010208,tt0017136,-1.6
tt0010209,tt0014211,-0.4
tt0010209,tt0014733,-0.4
tt0010209,tt0018906,0.7
tt0010215,tt0011439,0.6
tt0010215,tt0012752,0.7
tt0010215,tt0015268,0.4
tt0010215,tt0016641,-0.2
tt0010215,tt0017449,0.7
tt0010215,tt0017850,0.1
tt0010219,tt0010635,0.5
tt0010219,tt0010835,-0.2
tt0010219,tt0010929,-0.9
tt0010219,tt0011753,0.8
tt0010219,tt0012077,-0.6
tt0010219,tt0012114,0.0
tt0010219,tt0012202,-0.7
tt0010219,tt0012382,0.1
tt0010219,tt0013459,0.2
tt0010219,tt0013951,-0.4
tt0010219,tt0014137,-0.6
tt0010219,tt0014423,0.4
tt0010219,tt0014892,0.0
tt0010219,tt0015612,0.3
tt0010219,tt0016235,0.3
tt0010219,tt0016497,0.3
tt0010219,tt0017117,-0.6
tt0010219,tt0017226,-0.7
tt0010219,tt0017755,0.3
tt0010219,tt0018870,0.7
tt0010227,tt0006745,0.9
tt0010227,tt0007867,-0.1
tt0010227,tt0009721,0.7
tt0010227,tt0010267,0.6
tt0010227,tt0013093,-0.5
tt0010227,tt0013512,0.9
tt0010227,tt0013611,0.3
tt0010227,tt0014915,0.2
tt0010227,tt0014982,0.4
tt0010227,tt0015909,0.5
tt0010227,tt0016646,0.6
tt0010227,tt0016812,0.1
tt0010227,tt0018297,0.7
tt0010229,tt0005613,0.2
tt0010229,tt0006731,0.5
tt0010229,tt0006745,0.0
tt0010229,tt0009721,-0.2
tt0010229,tt0010227,0.1
tt0010229,tt0010267,-0.3
tt0010229,tt0013093,-1.4
tt0010229,tt0013512,0.0
tt0010229,tt0013611,-0.6
tt0010229,tt0013886,0.1
tt0010229,tt0014547,0.2
tt0010229,tt0014982,-0.5
tt0010229,tt0015909,-0.4
tt0010229,tt0016646,-0.3
tt0010229,tt0016812,-0.8
tt0010229,tt0018297,-0.2
tt0010229,tt0018619,0.7
tt0010238,tt0010915,-0.9
tt0010238,tt0012045,-0.9
tt0010238,tt0012716,-0.7
tt0010238,tt0012735,-0.2
tt0010238,tt0013311,-1.0
tt0010238,tt0013456,-0.1
tt0010238,tt0015005,0.3
tt0010238,tt0017132,-1.4
tt0010238,tt0018024,0.1
tt0010248,tt0010203,0.1
tt0010248,tt0010726,0.5
tt0010248,tt0011723,0.9
tt0010248,tt0012494,-0.6
tt0010248,tt0013086,-0.8
tt0010248,tt0015174,-0.9
tt0010248,tt0015175,-1.1
tt0010248,tt0017136,-1.2
tt0010249,tt0012313,0.3
tt0010249,tt0012314,0.3
tt0010255,tt0007931,0.5
tt0010255,tt0011401,0.7
tt0010255,tt0011998,0.0
tt0010255,tt0014510,-0.1
tt0010255,tt0015299,-0.7
tt0010255,tt0015693,0.6
tt0010255,tt0017379,0.0
tt0010255,tt0018266,-0.8
tt0010265,tt0002844,0.1
tt0010265,tt0003037,0.1
tt0010265,tt0003165,0.1
tt0010265,tt0003930,0.2
tt0010265,tt0003952,0.3
tt0010265,tt0006206,-0.3
tt0010265,tt0006886,-0.2
tt0010265,tt0008371,0.0
tt0010265,tt0009701,-0.1
tt0010265,tt0009757,0.0
tt0010265,tt0009905,-0.6
tt0010265,tt0010089,-0.1
tt0010265,tt0011110,-0.1
tt0010265,tt0012548,0.5
tt0010265,tt0013125,-0.4
tt0010265,tt0014069,0.5
tt0010265,tt0014897,-0.6
tt0010265,tt0015232,0.2
tt0010267,tt0013093,-0.1
tt0010267,tt0013611,0.7
tt0010267,tt0014982,0.8
tt0010267,tt0015909,0.9
tt0010267,tt0016812,0.5
tt0010271,tt0001285,0.7
tt0010271,tt0007817,-1.1
tt0010271,tt0008787,-2.5
tt0010271,tt0013182,-0.3
tt0010271,tt0014580,-1.3
tt0010276,tt0009470,0.1
tt0010281,tt0009893,0.6
tt0010281,tt0010600,0.4
tt0010281,tt0011960,0.9
tt0010281,tt0015119,0.8
tt0010281,tt0016004,0.6
tt0010281,tt0017409,0.7
tt0010281,tt0018451,0.3
tt0010292,tt0003670,0.6
tt0010292,tt0005180,0.0
tt0010292,tt0005302,0.7
tt0010292,tt0005756,0.3
tt0010292,tt0005945,0.4
tt0010292,tt0006942,-0.6
tt0010298,tt0006108,0.3
tt0010298,tt0008663,0.9
tt0010298,tt0011499,0.9
tt0010298,tt0012364,0.2
tt0010298,tt0013452,0.6
tt0010298,tt0014972,0.5
tt0010298,tt0016446,0.6
tt0010298,tt0017350,0.6
tt0010307,tt0018192,0.5
tt0010313,tt0010209,-0.5
tt0010313,tt0011848,0.2
tt0010313,tt0013221,0.3
tt0010313,tt0014211,-1.9
tt0010313,tt0014733,-1.9
tt0010313,tt0016284,0.2
tt0010313,tt0018906,-0.8
tt0010314,tt0007903,0.0
tt0010314,tt0008362,-0.9
tt0010314,tt0009550,-0.7
tt0010314,tt0010733,0.6
tt0010314,tt0010853,-0.2
tt0010314,tt0011078,0.4
tt0010314,tt0011651,-0.5
tt0010314,tt0011756,0.0
tt0010314,tt0011779,0.1
tt0010314,tt0012754,-0.2
tt0010314,tt0012839,0.1
tt0010314,tt0012843,0.5
tt0010314,tt0013606,-0.8
tt0010314,tt0014463,0.0
tt0010314,tt0014503,-0.4
tt0010314,tt0014696,0.1
tt0010314,tt0018548,-0.1
tt0010315,tt0007248,0.9
tt0010315,tt0009118,0.4
tt0010315,tt0013658,0.9
tt0010315,tt0015163,0.5
tt0010315,tt0017586,0.9
tt0010315,tt0017829,0.5
tt0010316,tt0009079,0.7
tt0010316,tt0010055,0.5
tt0010316,tt0011303,0.9
tt0010316,tt0011350,0.7
tt0010316,tt0013084,0.0
tt0010316,tt0014398,0.7
tt0010316,tt0015209,0.7
tt0010316,tt0016205,-0.1
tt0010316,tt0016947,0.4
tt0010316,tt0017158,0.1
tt0010316,tt0017307,-0.1
tt0010316,tt0018033,-0.3
tt0010316,tt0018381,0.3
tt0010319,tt0004883,-1.1
tt0010319,tt0005408,-3.6
tt0010319,tt0008544,-3.9
tt0010319,tt0010002,-2.5
tt0010319,tt0015570,-2.9
tt0010325,tt0011855,-0.3
tt0010325,tt0013313,-0.2
tt0010325,tt0015347,0.2
tt0010325,tt0016396,0.5
tt0010325,tt0017492,0.2
tt0010325,tt0018531,0.4
tt0010325,tt0018733,0.2
tt0010330,tt0011348,0.3
tt0010330,tt0011654,0.8
tt0010330,tt0011676,0.5
tt0010330,tt0012973,0.6
tt0010330,tt0013442,-0.3
tt0010330,tt0013496,0.8
tt0010330,tt0015064,-0.5
tt0010330,tt0016847,-0.6
tt0010330,tt0017448,0.4
tt0010330,tt0018455,-0.6
tt0010331,tt0009593,0.0
tt0010331,tt0016654,0.8
tt0010336,tt0002406,0.0
tt0010336,tt0004938,0.2
tt0010337,tt0002555,0.5
tt0010337,tt0003309,0.8
tt0010337,tt0003630,0.5
tt0010337,tt0003735,-0.2
tt0010337,tt0004712,-1.1
tt0010337,tt0004869,0.9
tt0010337,tt0006666,-0.5
tt0010337,tt0006893,0.7
tt0010337,tt0007005,0.5
tt0010337,tt0007012,0.8
tt0010337,tt0007910,-1.4
tt0010337,tt0008558,0.9
tt0010337,tt0008725,-0.7
tt0010337,tt0008810,0.8
tt0010337,tt0008826,-0.6
tt0010337,tt0009419,0.0
tt0010337,tt0009622,0.7
tt0010337,tt0009754,0.8
tt0010337,tt0009771,0.4
tt0010337,tt0009853,-0.3
tt0010337,tt0010358,-0.7
tt0010337,tt0011011,0.2
tt0010337,tt0011137,0.4
tt0010337,tt0012192,-0.1
tt0010337,tt0012365,-0.1
tt0010337,tt0013619,-0.8
tt0010337,tt0014171,0.4
tt0010337,tt0014191,-0.3
tt0010337,tt0015339,-0.7
tt0010337,tt0016384,-0.7
tt0010337,tt0016850,-0.7
tt0010337,tt0016930,0.3
tt0010337,tt0017462,0.1
tt0010337,tt0017946,-0.3
tt0010337,tt0018159,-0.5
tt0010352,tt0002785,0.7
tt0010352,tt0004825,-0.1
tt0010352,tt0004872,-0.2
tt0010352,tt0005041,-0.3
tt0010352,tt0005163,0.3
tt0010352,tt0006182,0.7
tt0010352,tt0006755,-0.3
tt0010352,tt0007678,-0.3
tt0010352,tt0008011,0.2
tt0010352,tt0008443,-0.4
tt0010352,tt0008458,0.1
tt0010352,tt0008764,0.9
tt0010352,tt0008891,-0.6
tt0010352,tt0009020,-1.0
tt0010352,tt0009523,0.0
tt0010352,tt0009567,-0.3
tt0010352,tt0009969,-0.1
tt0010352,tt0010844,-0.1
tt0010352,tt0010882,0.0
tt0010352,tt0011076,0.7
tt0010352,tt0011387,-0.3
tt0010352,tt0011785,-0.8
tt0010352,tt0013332,-0.3
tt0010352,tt0014158,-1.2
tt0010352,tt0014602,-0.7
tt0010352,tt0015492,-0.3
tt0010352,tt0016150,-0.1
tt0010352,tt0016598,0.6
tt0010356,tt0014734,0.5
tt0010356,tt0015742,0.3
tt0010356,tt0016687,0.4
tt0010357,tt0005974,0.4
tt0010357,tt0009204,0.5
tt0010357,tt0012298,0.7
tt0010357,tt0014365,-1.3
tt0010357,tt0014927,-0.4
tt0010357,tt0016480,0.4
tt0010357,tt0016534,0.7
tt0010357,tt0017687,0.6
tt0010357,tt0018771,-0.5
tt0010357,tt0018797,0.8
tt0010358,tt0004712,0.6
tt0010358,tt0007910,0.3
tt0010358,tt0013619,0.9
tt0010377,tt0005367,-0.5
tt0010377,tt0007271,-0.3
tt0010377,tt0007498,0.3
tt0010377,tt0007524,0.0
tt0010377,tt0007769,-0.2
tt0010377,tt0007801,0.2
tt0010377,tt0008241,-0.1
tt0010377,tt0009573,0.3
tt0010377,tt0009601,-0.7
tt0010377,tt0009637,-0.4
tt0010377,tt0010912,0.8
tt0010377,tt0011133,0.1
tt0010377,tt0011325,-0.5
tt0010377,tt0011353,0.2
tt0010377,tt0012600,0.1
tt0010377,tt0015168,-0.1
tt0010386,tt0006586,0.0
tt0010386,tt0016031,0.6
tt0010386,tt0018621,0.5
tt0010393,tt0010219,-0.8
tt0010393,tt0010635,-1.3
tt0010393,tt0010835,-2.0
tt0010393,tt0010929,-2.7
tt0010393,tt0011753,-1.0
tt0010393,tt0012077,-2.4
tt0010393,tt0012114,-1.8
tt0010393,tt0012202,-2.5
tt0010393,tt0012382,-1.7
tt0010393,tt0013449,-0.8
tt0010393,tt0013459,-1.6
tt0010393,tt0013951,-2.2
tt0010393,tt0014137,-2.4
tt0010393,tt0014423,-1.4
tt0010393,tt0014777,-0.8
tt0010393,tt0014892,-1.8
tt0010393,tt0015131,-0.8
tt0010393,tt0015612,-1.5
tt0010393,tt0016235,-1.5
tt0010393,tt0016497,-1.5
tt0010393,tt0017117,-2.4
tt0010393,tt0017226,-2.5
tt0010393,tt0017755,-1.5
tt0010393,tt0018870,-1.1
tt0010402,tt0008882,-0.5
tt0010402,tt0010696,0.5
tt0010402,tt0014045,0.3
tt0010402,tt0015071,0.4
tt0010402,tt0017142,0.6
tt0010418,tt0007857,0.9
tt0010418,tt0009781,0.7
tt0010418,tt0018054,0.7
tt0010419,tt0005561,-0.1
tt0010419,tt0007000,-0.4
tt0010419,tt0008305,0.8
tt0010419,tt0013450,0.9
tt0010419,tt0015310,0.4
tt0010419,tt0016541,0.4
tt0010422,tt0015766,0.4
tt0010425,tt0005621,-0.6
tt0010425,tt0006299,-2.1
tt0010425,tt0006933,0.2
tt0010425,tt0007047,-0.1
tt0010425,tt0008010,0.0
tt0010425,tt0008822,0.1
tt0010425,tt0009257,0.2
tt0010425,tt0011079,-0.6
tt0010425,tt0011588,-0.2
tt0010425,tt0012087,-0.9
tt0010425,tt0012492,-0.4
tt0010425,tt0014051,-1.0
tt0010425,tt0015589,0.7
tt0010425,tt0017212,0.1
tt0010425,tt0017796,0.1
tt0010428,tt0006375,-0.3
tt0010428,tt0008730,-0.7
tt0010428,tt0009063,-0.6
tt0010428,tt0011693,-0.2
tt0010428,tt0012164,-0.2
tt0010428,tt0014443,-0.5
tt0010428,tt0014508,0.8
tt0010428,tt0014615,-1.4
tt0010428,tt0014692,-0.1
tt0010428,tt0014893,-0.4
tt0010428,tt0016526,-1.3
tt0010428,tt0017112,-0.7
tt0010428,tt0017367,-1.1
tt0010428,tt0017400,0.5
tt0010428,tt0017558,-0.3
tt0010428,tt0018233,-1.5
tt0010432,tt0004295,-5.7
tt0010432,tt0004363,-4.7
tt0010432,tt0004434,-2.9
tt0010432,tt0004907,-4.6
tt0010432,tt0006863,-3.0
tt0010432,tt0009358,-3.4
tt0010432,tt0009588,-1.7
tt0010432,tt0009922,-2.9
tt0010438,tt0007755,-0.3
tt0010438,tt0008634,-0.6
tt0010438,tt0008978,0.5
tt0010438,tt0009153,-0.2
tt0010438,tt0009580,0.5
tt0010438,tt0011358,-0.7
tt0010438,tt0012328,0.9
tt0010438,tt0013735,0.4
tt0010438,tt0013909,0.1
tt0010438,tt0014321,0.0
tt0010438,tt0015973,-0.4
tt0010438,tt0016022,-0.2
tt0010438,tt0016664,0.1
tt0010438,tt0017374,-0.4
tt0010438,tt0017463,-1.7
tt0010438,tt0018530,-0.4
tt0010438,tt0018909,-1.4
tt0010446,tt0006586,-0.3
tt0010446,tt0010386,0.7
tt0010446,tt0016031,0.3
tt0010446,tt0018621,0.2
tt0010456,tt0002423,0.3
tt0010456,tt0009062,0.9
tt0010456,tt0009893,-0.2
tt0010456,tt0010281,0.2
tt0010456,tt0010600,-0.4
tt0010456,tt0010962,0.5
tt0010456,tt0011371,0.5
tt0010456,tt0011641,0.7
tt0010456,tt0011960,0.1
tt0010456,tt0013741,0.5
tt0010456,tt0014416,0.5
tt0010456,tt0015119,0.0
tt0010456,tt0015409,0.6
tt0010456,tt0015979,0.7
tt0010456,tt0016004,-0.2
tt0010456,tt0017409,-0.1
tt0010456,tt0018451,-0.5
tt0010466,tt0005739,0.8
tt0010466,tt0006040,-0.5
tt0010466,tt0006373,0.3
tt0010466,tt0006709,0.3
tt0010466,tt0007021,-1.2
tt0010466,tt0007034,0.1
tt0010466,tt0007094,-0.9
tt0010466,tt0007795,0.5
tt0010466,tt0009017,-0.1
tt0010466,tt0012366,0.5
tt0010469,tt0009334,0.0
tt0010469,tt0010244,-1.0
tt0010469,tt0010766,-1.0
tt0010469,tt0011130,-0.4
tt0010469,tt0013336,0.1
tt0010469,tt0013629,0.2
tt0010469,tt0013662,-0.5
tt0010469,tt0013892,0.5
tt0010469,tt0014039,0.5
tt0010469,tt0014869,-0.4
tt0010469,tt0016346,-0.7
tt0010469,tt0016377,0.5
tt0010469,tt0017632,-0.2
tt0010469,tt0017735,-0.4
tt0010469,tt0018332,-0.4
tt0010470,tt0007270,-1.9
tt0010470,tt0008814,-1.5
tt0010470,tt0009053,-0.9
tt0010470,tt0009972,-0.5
tt0010470,tt0010800,0.5
tt0010470,tt0011036,-0.7
tt0010470,tt0011758,0.5
tt0010470,tt0012775,0.3
tt0010470,tt0013284,-1.1
tt0010470,tt0013607,-0.4
tt0010470,tt0015770,-0.6
tt0010470,tt0016259,-0.2
tt0010470,tt0016288,-0.6
tt0010470,tt0016693,-0.6
tt0010470,tt0016724,-0.3
tt0010470,tt0017112,-0.7
tt0010476,tt0004962,-0.4
tt0010476,tt0005172,0.8
tt0010476,tt0005200,0.3
tt0010476,tt0006375,0.8
tt0010476,tt0006588,0.0
tt0010476,tt0007160,-0.1
tt0010476,tt0007260,0.5
tt0010476,tt0008362,-0.5
tt0010476,tt0008571,0.2
tt0010476,tt0008623,0.5
tt0010476,tt0008783,0.2
tt0010476,tt0008892,0.9
tt0010476,tt0008918,0.4
tt0010476,tt0009550,-0.3
tt0010476,tt0009596,0.8
tt0010476,tt0009600,0.8
tt0010476,tt0009826,-0.2
tt0010476,tt0011078,0.8
tt0010483,tt0012879,0.2
tt0010484,tt0006864,0.4
tt0010484,tt0009133,0.8
tt0010484,tt0009968,0.8
tt0010484,tt0011841,0.7
tt0010484,tt0012532,0.7
tt0010495,tt0001285,0.3
tt0010495,tt0002031,0.6
tt0010495,tt0004942,0.6
tt0010495,tt0007817,-1.5
tt0010495,tt0008787,-2.9
tt0010495,tt0010271,0.6
tt0010495,tt0013182,-0.7
tt0010495,tt0014580,-1.7
tt0010497,tt0002423,-0.6
tt0010497,tt0006707,0.7
tt0010497,tt0007309,0.5
tt0010497,tt0008854,0.7
tt0010497,tt0008950,0.1
tt0010497,tt0009062,0.0
tt0010497,tt0009893,-1.1
tt0010497,tt0010281,-0.7
tt0010497,tt0010456,0.1
tt0010497,tt0010600,-1.3
tt0010497,tt0010612,0.3
tt0010497,tt0010962,-0.4
tt0010497,tt0011371,-0.4
tt0010497,tt0011641,-0.2
tt0010497,tt0011742,0.1
tt0010497,tt0011960,-0.8
tt0010497,tt0013741,-0.4
tt0010497,tt0014416,-0.4
tt0010497,tt0014925,0.1
tt0010497,tt0015119,-0.9
tt0010497,tt0015409,-0.3
tt0010497,tt0015979,-0.2
tt0010497,tt0016004,-1.1
tt0010497,tt0017409,-1.0
tt0010497,tt0018451,-1.4
tt0010499,tt0010548,0.7
tt0010501,tt0014447,0.7
tt0010501,tt0014516,0.4
tt0010501,tt0015044,0.8
tt0010501,tt0015778,0.2
tt0010502,tt0006011,-0.4
tt0010502,tt0006819,0.7
tt0010502,tt0007702,-0.1
tt0010502,tt0009011,0.4
tt0010502,tt0009677,-0.7
tt0010502,tt0009878,-0.4
tt0010502,tt0010622,-0.4
tt0010502,tt0010821,0.2
tt0010502,tt0011617,0.7
tt0010502,tt0012368,0.8
tt0010502,tt0012386,-0.6
tt0010502,tt0013342,0.1
tt0010502,tt0014762,-0.1
tt0010502,tt0016814,-0.4
tt0010502,tt0018739,0.2
tt0010507,tt0009224,0.9
tt0010507,tt0009445,0.0
tt0010515,tt0003698,0.5
tt0010515,tt0004635,0.9
tt0010515,tt0005879,0.5
tt0010515,tt0005984,-0.2
tt0010515,tt0008266,0.8
tt0010515,tt0009704,0.0
tt0010515,tt0010566,-0.7
tt0010515,tt0013902,-0.4
tt0010515,tt0017259,0.4
tt0010533,tt0007547,-0.6
tt0010534,tt0011172,0.1
tt0010534,tt0011344,-0.2
tt0010534,tt0012409,0.1
tt0010534,tt0012699,0.2
tt0010534,tt0013091,0.9
tt0010534,tt0013488,-0.3
tt0010534,tt0013535,0.4
tt0010534,tt0014542,0.8
tt0010534,tt0014968,-0.6
tt0010534,tt0015498,-0.4
tt0010534,tt0015500,0.0
tt0010534,tt0015624,-1.6
tt0010534,tt0016530,0.7
tt0010534,tt0016627,-0.8
tt0010534,tt0016669,-0.9
tt0010534,tt0018806,-1.7
tt0010544,tt0007755,-0.9
tt0010544,tt0008551,0.4
tt0010544,tt0008634,-1.2
tt0010544,tt0008978,-0.1
tt0010544,tt0009153,-0.8
tt0010544,tt0009580,-0.1
tt0010544,tt0009811,0.9
tt0010544,tt0009859,0.6
tt0010544,tt0010198,0.5
tt0010544,tt0010438,0.4
tt0010544,tt0011298,0.4
tt0010544,tt0011358,-1.3
tt0010544,tt0011906,0.4
tt0010544,tt0011968,0.9
tt0010544,tt0012328,0.3
tt0010544,tt0013735,-0.2
tt0010544,tt0013909,-0.5
tt0010544,tt0014321,-0.6
tt0010544,tt0015973,-1.0
tt0010544,tt0016022,-0.8
tt0010544,tt0016417,0.9
tt0010544,tt0016664,-0.5
tt0010544,tt0017374,-1.0
tt0010544,tt0017463,-2.3
tt0010544,tt0018530,-1.0
tt0010544,tt0018909,-2.0
tt0010558,tt0009233,0.7
tt0010558,tt0014707,0.7
tt0010558,tt0016770,-1.3
tt0010558,tt0017079,0.2
tt0010558,tt0017399,0.5
tt0010562,tt0015141,0.9
tt0010562,tt0018045,0.7
tt0010565,tt0001498,-0.6
tt0010565,tt0004306,-0.8
tt0010565,tt0005353,-0.1
tt0010565,tt0007361,0.8
tt0010565,tt0009549,0.4
tt0010572,tt0005561,-0.8
tt0010572,tt0006482,0.8
tt0010572,tt0006865,0.6
tt0010572,tt0007000,-1.1
tt0010572,tt0007590,0.6
tt0010572,tt0008305,0.1
tt0010572,tt0008652,0.7
tt0010572,tt0010419,0.3
tt0010572,tt0010920,0.7
tt0010572,tt0011695,0.7
tt0010572,tt0013104,0.4
tt0010572,tt0013450,0.2
tt0010572,tt0013841,0.3
tt0010572,tt0014619,0.3
tt0010572,tt0014721,0.9
tt0010572,tt0015310,-0.3
tt0010572,tt0016541,-0.3
tt0010572,tt0017751,0.3
tt0010572,tt0018622,0.4
tt0010587,tt0008381,-0.3
tt0010596,tt0006011,-1.2
tt0010596,tt0006819,-0.1
tt0010596,tt0007111,0.2
tt0010596,tt0007702,-0.9
tt0010596,tt0009011,-0.4
tt0010596,tt0009677,-1.5
tt0010596,tt0009878,-1.2
tt0010596,tt0010502,0.2
tt0010596,tt0010622,-1.2
tt0010596,tt0010821,-0.6
tt0010596,tt0011617,-0.1
tt0010596,tt0012368,0.0
tt0010596,tt0012386,-1.4
tt0010596,tt0013342,-0.7
tt0010596,tt0014762,-0.9
tt0010596,tt0016814,-1.2
tt0010596,tt0018739,-0.6
tt0010598,tt0011607,0.5
tt0010598,tt0015136,0.5
tt0010598,tt0015768,0.6
tt0010600,tt0018451,0.9
tt0010612,tt0002423,0.1
tt0010612,tt0008950,0.8
tt0010612,tt0009062,0.7
tt0010612,tt0009893,-0.4
tt0010612,tt0010281,0.0
tt0010612,tt0010456,0.8
tt0010612,tt0010600,-0.6
tt0010612,tt0010962,0.3
tt0010612,tt0011371,0.3
tt0010612,tt0011641,0.5
tt0010612,tt0011742,0.8
tt0010612,tt0011960,-0.1
tt0010612,tt0013741,0.3
tt0010612,tt0014416,0.3
tt0010612,tt0014925,0.8
tt0010612,tt0015119,-0.2
tt0010612,tt0015409,0.4
tt0010612,tt0015979,0.5
tt0010612,tt0016004,-0.4
tt0010612,tt0017409,-0.3
tt0010612,tt0018451,-0.7
tt0010616,tt0002898,0.6
tt0010616,tt0006456,0.6
tt0010616,tt0006670,0.6
tt0010616,tt0007963,0.1
tt0010616,tt0009205,0.1
tt0010616,tt0011205,0.4
tt0010622,tt0009677,0.7
tt0010622,tt0012386,0.8
tt0010628,tt0007755,-0.9
tt0010628,tt0008551,0.4
tt0010628,tt0008634,-1.2
tt0010628,tt0008978,-0.1
tt0010628,tt0009153,-0.8
tt0010628,tt0009580,-0.1
tt0010628,tt0009811,0.9
tt0010628,tt0009859,0.6
tt0010628,tt0010198,0.5
tt0010628,tt0010438,0.4
tt0010628,tt0011298,0.4
tt0010628,tt0011358,-1.3
tt0010628,tt0011906,0.4
tt0010628,tt0011968,0.9
tt0010628,tt0012328,0.3
tt0010628,tt0013735,-0.2
tt0010628,tt0013909,-0.5
tt0010628,tt0014321,-0.6
tt0010628,tt0015973,-1.0
tt0010628,tt0016022,-0.8
tt0010628,tt0016417,0.9
tt0010628,tt0016664,-0.5
tt0010628,tt0017374,-1.0
tt0010628,tt0017463,-2.3
tt0010628,tt0018530,-1.0
tt0010628,tt0018909,-2.0
tt0010629,tt0007755,-1.6
tt0010629,tt0008271,0.5
tt0010629,tt0008551,-0.3
tt0010629,tt0008634,-1.9
tt0010629,tt0008978,-0.8
tt0010629,tt0009153,-1.5
tt0010629,tt0009494,0.3
tt0010629,tt0009580,-0.8
tt0010629,tt0009690,0.5
tt0010629,tt0009696,0.5
tt0010629,tt0009811,0.2
tt0010629,tt0009837,0.6
tt0010629,tt0009859,-0.1
tt0010629,tt0009903,0.7
tt0010629,tt0010119,0.3
tt0010629,tt0010198,-0.2
tt0010629,tt0010438,-0.3
tt0010629,tt0010544,0.3
tt0010629,tt0010628,0.3
tt0010629,tt0010640,0.9
tt0010629,tt0011298,-0.3
tt0010629,tt0011358,-2.0
tt0010629,tt0011906,-0.3
tt0010629,tt0011968,0.2
tt0010629,tt0012102,0.6
tt0010629,tt0012194,0.7
tt0010629,tt0012328,-0.4
tt0010629,tt0012734,0.4
tt0010629,tt0012818,0.6
tt0010629,tt0013603,0.7
tt0010629,tt0013735,-0.9
tt0010629,tt0013909,-1.2
tt0010629,tt0014321,-1.3
tt0010629,tt0014539,0.5
tt0010629,tt0014999,0.5
tt0010629,tt0015973,-1.7
tt0010629,tt0016022,-1.5
tt0010629,tt0016417,0.2
tt0010629,tt0016664,-1.2
tt0010629,tt0017374,-1.7
tt0010629,tt0017463,-3.0
tt0010629,tt0018530,-1.7
tt0010629,tt0018909,-2.7
tt0010630,tt0009145,0.5
tt0010635,tt0010835,0.3
tt0010635,tt0010929,-0.4
tt0010635,tt0012077,-0.1
tt0010635,tt0012114,0.5
tt0010635,tt0012202,-0.2
tt0010635,tt0012382,0.6
tt0010635,tt0013459,0.7
tt0010635,tt0013951,0.1
tt0010635,tt0014137,-0.1
tt0010635,tt0014423,0.9
tt0010635,tt0014892,0.5
tt0010635,tt0015612,0.8
tt0010635,tt0016235,0.8
tt0010635,tt0016497,0.8
tt0010635,tt0017117,-0.1
tt0010635,tt0017226,-0.2
tt0010635,tt0017755,0.8
tt0010640,tt0007755,-1.5
tt0010640,tt0008271,0.6
tt0010640,tt0008551,-0.2
tt0010640,tt0008634,-1.8
tt0010640,tt0008978,-0.7
tt0010640,tt0009153,-1.4
tt0010640,tt0009494,0.4
tt0010640,tt0009580,-0.7
tt0010640,tt0009690,0.6
tt0010640,tt0009696,0.6
tt0010640,tt0009811,0.3
tt0010640,tt0009837,0.7
tt0010640,tt0009859,0.0
tt0010640,tt0009903,0.8
tt0010640,tt0010119,0.4
tt0010640,tt0010198,-0.1
tt0010640,tt0010438,-0.2
tt0010640,tt0010544,0.4
tt0010640,tt0010628,0.4
tt0010640,tt0011298,-0.2
tt0010640,tt0011358,-1.9
tt0010640,tt0011906,-0.2
tt0010640,tt0011968,0.3
tt0010640,tt0012102,0.7
tt0010640,tt0012194,0.8
tt0010640,tt0012328,-0.3
tt0010640,tt0012734,0.5
tt0010640,tt0012818,0.7
tt0010640,tt0013603,0.8
tt0010640,tt0013735,-0.8
tt0010640,tt0013909,-1.1
tt0010640,tt0014321,-1.2
tt0010640,tt0014539,0.6
tt0010640,tt0014999,0.6
tt0010640,tt0015973,-1.6
tt0010640,tt0016022,-1.4
tt0010640,tt0016417,0.3
tt0010640,tt0016664,-1.1
tt0010640,tt0017374,-1.6
tt0010640,tt0017463,-2.9
tt0010640,tt0018530,-1.6
tt0010640,tt0018909,-2.6
tt0010641,tt0011179,-0.4
tt0010645,tt0009143,-1.0
tt0010645,tt0010654,0.9
tt0010645,tt0017585,-0.1
tt0010645,tt0018080,0.2
tt0010645,tt0018378,-1.1
tt0010654,tt0009143,-0.9
tt0010654,tt0017585,0.0
tt0010654,tt0018080,0.3
tt0010654,tt0018378,-1.0
tt0010662,tt0003167,0.7
tt0010662,tt0003643,0.0
tt0010662,tt0003665,0.1
tt0010662,tt0003890,0.6
tt0010662,tt0004181,0.2
tt0010662,tt0004972,0.3
tt0010662,tt0006864,-1.2
tt0010662,tt0009109,0.1
tt0010662,tt0009130,-0.4
tt0010662,tt0009133,-0.8
tt0010662,tt0009150,-0.1
tt0010662,tt0009559,0.2
tt0010662,tt0009968,-0.8
tt0010662,tt0010108,-0.3
tt0010662,tt0010193,0.4
tt0010662,tt0010484,-0.6
tt0010662,tt0010806,-0.5
tt0010662,tt0011415,0.4
tt0010662,tt0011841,-0.9
tt0010662,tt0012122,0.9
tt0010662,tt0012532,-0.9
tt0010662,tt0014604,0.3
tt0010662,tt0014672,0.1
tt0010662,tt0015018,-0.4
tt0010662,tt0016308,-0.2
tt0010662,tt0016420,0.4
tt0010662,tt0017419,0.1
tt0010662,tt0018678,-0.1
tt0010662,tt0018854,0.8
tt0010680,tt0002594,0.7
tt0010680,tt0007100,-0.2
tt0010696,tt0008882,0.0
tt0010696,tt0014045,0.8
tt0010696,tt0015071,0.9
tt0010700,tt0005367,-0.7
tt0010700,tt0007271,-0.5
tt0010700,tt0007498,0.1
tt0010700,tt0007524,-0.2
tt0010700,tt0007769,-0.4
tt0010700,tt0007801,0.0
tt0010700,tt0008241,-0.3
tt0010700,tt0008677,0.8
tt0010700,tt0009573,0.1
tt0010700,tt0009601,-0.9
tt0010700,tt0009637,-0.6
tt0010700,tt0010377,0.8
tt0010700,tt0010912,0.6
tt0010700,tt0011133,-0.1
tt0010700,tt0011325,-0.7
tt0010700,tt0011353,0.0
tt0010700,tt0012600,-0.1
tt0010700,tt0014469,0.8
tt0010700,tt0015168,-0.3
tt0010703,tt0006283,0.6
tt0010703,tt0006932,0.9
tt0010703,tt0010729,0.3
tt0010703,tt0012763,0.2
tt0010703,tt0013590,0.8
tt0010703,tt0014068,0.3
tt0010703,tt0014605,0.4
tt0010703,tt0016395,0.0
tt0010703,tt0017567,0.4
tt0010712,tt0007057,0.6
tt0010715,tt0005392,0.1
tt0010715,tt0006736,0.7
tt0010715,tt0006753,0.7
tt0010715,tt0008309,0.8
tt0010715,tt0008406,-0.1
tt0010715,tt0008915,0.9
tt0010715,tt0009143,0.1
tt0010715,tt0009400,0.6
tt0010715,tt0010049,-0.5
tt0010715,tt0012565,0.7
tt0010715,tt0013556,0.3
tt0010715,tt0014636,0.7
tt0010715,tt0014981,0.6
tt0010715,tt0015116,0.6
tt0010715,tt0015349,-0.4
tt0010715,tt0015465,0.0
tt0010715,tt0016394,0.5
tt0010715,tt0017242,0.0
tt0010715,tt0017841,0.2
tt0010715,tt0018700,0.9
tt0010719,tt0007248,0.8
tt0010719,tt0009118,0.3
tt0010719,tt0010315,0.9
tt0010719,tt0011929,0.9
tt0010719,tt0011990,0.9
tt0010719,tt0013658,0.8
tt0010719,tt0015163,0.4
tt0010719,tt0017586,0.8
tt0010719,tt0017829,0.4
tt0010726,tt0010203,0.6
tt0010726,tt0012494,-0.1
tt0010726,tt0013086,-0.3
tt0010726,tt0015174,-0.4
tt0010726,tt0015175,-0.6
tt0010726,tt0017136,-0.7
tt0010729,tt0012763,0.9
tt0010729,tt0016395,0.7
tt0010733,tt0004962,-0.4
tt0010733,tt0005172,0.8
tt0010733,tt0005200,0.3
tt0010733,tt0006375,0.8
tt0010733,tt0006588,0.0
tt0010733,tt0007160,-0.1
tt0010733,tt0007260,0.5
tt0010733,tt0007903,0.4
tt0010733,tt0008362,-1.5
tt0010733,tt0008571,0.2
tt0010733,tt0008623,0.5
tt0010733,tt0008783,0.2
tt0010733,tt0008892,0.9
tt0010733,tt0008918,0.4
tt0010733,tt0009550,-1.3
tt0010733,tt0009596,0.8
tt0010733,tt0009600,0.8
tt0010733,tt0009826,-0.2
tt0010733,tt0010853,0.2
tt0010733,tt0011078,-0.2
tt0010733,tt0011651,-0.1
tt0010733,tt0011756,0.4
tt0010733,tt0011779,0.5
tt0010733,tt0012754,0.2
tt0010733,tt0012839,0.5
tt0010733,tt0012843,0.9
tt0010733,tt0013606,-0.4
tt0010733,tt0014463,0.4
tt0010733,tt0014503,0.0
tt0010733,tt0014696,0.5
tt0010733,tt0018548,0.3
tt0010754,tt0011765,0.8
tt0010754,tt0012422,0.7
tt0010754,tt0013301,0.7
tt0010754,tt0015968,0.3
tt0010755,tt0010247,0.7
tt0010755,tt0014108,0.8
tt0010755,tt0014109,0.8
tt0010762,tt0011567,-0.4
tt0010777,tt0012623,-1.5
tt0010777,tt0015256,-0.7
tt0010777,tt0016039,0.0
tt0010777,tt0016639,0.4
tt0010777,tt0017676,-0.4
tt0010781,tt0003897,-2.4
tt0010781,tt0004465,-2.6
tt0010781,tt0005808,-1.7
tt0010781,tt0006213,0.9
tt0010781,tt0007339,-3.1
tt0010781,tt0008491,-1.4
tt0010781,tt0008562,-0.6
tt0010781,tt0009233,-1.7
tt0010781,tt0009833,-1.4
tt0010781,tt0010356,-1.7
tt0010781,tt0011368,-2.1
tt0010781,tt0013627,-1.5
tt0010781,tt0014264,-2.7
tt0010781,tt0014734,-2.2
tt0010781,tt0015239,-2.1
tt0010781,tt0015491,-3.0
tt0010781,tt0015499,-2.9
tt0010781,tt0015742,-2.4
tt0010781,tt0016201,-2.3
tt0010781,tt0016687,-2.3
tt0010781,tt0016950,-1.7
tt0010781,tt0017061,-1.2
tt0010781,tt0017143,-1.4
tt0010781,tt0017457,-4.1
tt0010795,tt0011980,0.8
tt0010798,tt0006343,0.8
tt0010798,tt0006436,0.1
tt0010798,tt0006696,-0.5
tt0010798,tt0007778,-0.5
tt0010798,tt0008217,-1.0
tt0010798,tt0009722,-2.4
tt0010798,tt0012305,-0.7
tt0010800,tt0007270,-1.4
tt0010800,tt0008814,-1.0
tt0010800,tt0009053,-0.4
tt0010800,tt0009972,0.0
tt0010800,tt0011036,-0.2
tt0010800,tt0012775,0.8
tt0010800,tt0013284,-0.6
tt0010800,tt0013607,0.1
tt0010800,tt0015770,-0.1
tt0010800,tt0016259,0.3
tt0010800,tt0016288,-0.1
tt0010800,tt0016693,-0.1
tt0010800,tt0016724,0.2
tt0010800,tt0017112,-0.2
tt0010806,tt0006864,0.3
tt0010806,tt0009133,0.7
tt0010806,tt0009968,0.7
tt0010806,tt0010484,0.9
tt0010806,tt0011841,0.6
tt0010806,tt0012532,0.6
tt0010807,tt0010534,0.7
tt0010807,tt0011172,-0.2
tt0010807,tt0011344,-0.5
tt0010807,tt0012409,-0.2
tt0010807,tt0012699,-0.1
tt0010807,tt0013091,0.6
tt0010807,tt0013488,-0.6
tt0010807,tt0013535,0.1
tt0010807,tt0014542,0.5
tt0010807,tt0014968,-0.9
tt0010807,tt0014991,0.7
tt0010807,tt0015498,-0.7
tt0010807,tt0015500,-0.3
tt0010807,tt0015624,-1.9
tt0010807,tt0016251,0.9
tt0010807,tt0016530,0.4
tt0010807,tt0016627,-1.1
tt0010807,tt0016669,-1.2
tt0010807,tt0018806,-2.0
tt0010821,tt0006011,0.4
tt0010821,tt0007702,0.7
tt0010821,tt0009677,0.1
tt0010821,tt0009878,0.4
tt0010821,tt0010622,0.4
tt0010821,tt0012386,0.2
tt0010821,tt0013342,0.9
tt0010821,tt0014762,0.7
tt0010821,tt0016814,0.4
tt0010822,tt0003883,0.0
tt0010822,tt0009289,-0.5
tt0010822,tt0009376,0.5
tt0010822,tt0009858,0.8
tt0010835,tt0010929,0.3
tt0010835,tt0012077,0.6
tt0010835,tt0012202,0.5
tt0010835,tt0013951,0.8
tt0010835,tt0014137,0.6
tt0010835,tt0017117,0.6
tt0010835,tt0017226,0.5
tt0010844,tt0004872,0.9
tt0010844,tt0005041,0.8
tt0010844,tt0006755,0.8
tt0010844,tt0007678,0.8
tt0010844,tt0008443,0.7
tt0010844,tt0008891,0.5
tt0010844,tt0009020,0.1
tt0010844,tt0009567,0.8
tt0010844,tt0011387,0.8
tt0010844,tt0011785,0.3
tt0010844,tt0013332,0.8
tt0010844,tt0014158,-0.1
tt0010844,tt0014602,0.4
tt0010844,tt0015492,0.8
tt0010847,tt0007623,0.3
tt0010847,tt0012067,0.1
tt0010847,tt0013402,0.4
tt0010847,tt0015110,0.7
tt0010847,tt0015727,0.5
tt0010847,tt0015775,0.2
tt0010849,tt0010762,0.5
tt0010849,tt0011567,-0.9
tt0010853,tt0008362,0.3
tt0010853,tt0009550,0.5
tt0010853,tt0011651,0.7
tt0010853,tt0013606,0.4
tt0010853,tt0014503,0.8
tt0010859,tt0005561,-0.8
tt0010859,tt0006482,0.8
tt0010859,tt0006865,0.6
tt0010859,tt0007000,-1.1
tt0010859,tt0007590,0.6
tt0010859,tt0008305,0.1
tt0010859,tt0008652,0.7
tt0010859,tt0010419,0.3
tt0010859,tt0010920,0.7
tt0010859,tt0011695,0.7
tt0010859,tt0013104,0.4
tt0010859,tt0013450,0.2
tt0010859,tt0013841,0.3
tt0010859,tt0014619,0.3
tt0010859,tt0014721,0.9
tt0010859,tt0015310,-0.3
tt0010859,tt0016541,-0.3
tt0010859,tt0017751,0.3
tt0010859,tt0018622,0.4
tt0010871,tt0011224,-0.3
tt0010882,tt0004825,0.9
tt0010882,tt0004872,0.8
tt0010882,tt0005041,0.7
tt0010882,tt0006755,0.7
tt0010882,tt0007678,0.7
tt0010882,tt0008443,0.6
tt0010882,tt0008891,0.4
tt0010882,tt0009020,0.0
tt0010882,tt0009567,0.7
tt0010882,tt0009969,0.9
tt0010882,tt0010844,0.9
tt0010882,tt0011387,0.7
tt0010882,tt0011785,0.2
tt0010882,tt0013332,0.7
tt0010882,tt0014158,-0.2
tt0010882,tt0014602,0.3
tt0010882,tt0015492,0.7
tt0010882,tt0016150,0.9
tt0010890,tt0009001,0.9
tt0010890,tt0009284,0.4
tt0010890,tt0009544,-0.5
tt0010890,tt0012538,0.9
tt0010890,tt0014003,0.8
tt0010890,tt0016142,0.8
tt0010890,tt0016473,0.3
tt0010890,tt0016655,0.7
tt0010890,tt0018097,0.7
tt0010890,tt0018397,0.5
tt0010890,tt0018528,-0.3
tt0010890,tt0018697,0.6
tt0010892,tt0008585,-0.4
tt0010892,tt0011118,0.7
tt0010892,tt0014239,-0.3
tt0010892,tt0014702,0.7
tt0010892,tt0015091,0.2
tt0010900,tt0004897,-0.8
tt0010900,tt0005367,-4.1
tt0010900,tt0007271,-3.9
tt0010900,tt0007498,-3.3
tt0010900,tt0007524,-3.6
tt0010900,tt0007769,-3.8
tt0010900,tt0007801,-3.4
tt0010900,tt0007839,-1.9
tt0010900,tt0008076,-2.4
tt0010900,tt0008241,-3.7
tt0010900,tt0008521,-1.0
tt0010900,tt0008677,-2.6
tt0010900,tt0009573,-3.3
tt0010900,tt0009601,-4.3
tt0010900,tt0009637,-4.0
tt0010900,tt0010377,-2.6
tt0010900,tt0010700,-2.4
tt0010900,tt0010912,-2.8
tt0010900,tt0011133,-3.5
tt0010900,tt0011325,-4.1
tt0010900,tt0011353,-3.4
tt0010900,tt0012600,-3.5
tt0010900,tt0014469,-2.6
tt0010900,tt0015168,-3.7
tt0010912,tt0005367,-0.3
tt0010912,tt0007271,-0.1
tt0010912,tt0007498,0.5
tt0010912,tt0007524,0.2
tt0010912,tt0007769,0.0
tt0010912,tt0007801,0.4
tt0010912,tt0008241,0.1
tt0010912,tt0009573,0.5
tt0010912,tt0009601,-0.5
tt0010912,tt0009637,-0.2
tt0010912,tt0011133,0.3
tt0010912,tt0011325,-0.3
tt0010912,tt0011353,0.4
tt0010912,tt0012600,0.3
tt0010912,tt0015168,0.1
tt0010915,tt0013311,0.9
tt0010915,tt0017132,0.5
tt0010920,tt0005561,-0.5
tt0010920,tt0006865,0.9
tt0010920,tt0007000,-0.8
tt0010920,tt0007590,0.9
tt0010920,tt0008305,0.4
tt0010920,tt0010419,0.6
tt0010920,tt0013104,0.7
tt0010920,tt0013450,0.5
tt0010920,tt0013841,0.6
tt0010920,tt0014619,0.6
tt0010920,tt0015310,0.0
tt0010920,tt0016541,0.0
tt0010920,tt0017751,0.6
tt0010920,tt0018622,0.7
tt0010925,tt0009369,0.3
tt0010925,tt0011128,0.1
tt0010925,tt0012468,0.2
tt0010925,tt0014029,-0.3
tt0010925,tt0014467,0.7
tt0010925,tt0014522,0.0
tt0010925,tt0017918,-0.6
tt0010935,tt0007009,-0.1
tt0010935,tt0007992,-1.6
tt0010935,tt0008026,-0.3
tt0010935,tt0009989,-1.5
tt0010935,tt0011898,-1.2
tt0010935,tt0012380,0.2
tt0010941,tt0005054,-1.5
tt0010941,tt0005408,-0.3
tt0010941,tt0007230,-0.6
tt0010941,tt0010446,0.5
tt0010943,tt0005195,-1.1
tt0010943,tt0006339,-0.9
tt0010943,tt0006917,0.5
tt0010943,tt0008411,-2.2
tt0010943,tt0009304,-1.1
tt0010943,tt0011241,0.4
tt0010943,tt0014756,-0.2
tt0010943,tt0014837,0.0
tt0010943,tt0017000,-2.6
tt0010947,tt0011348,0.3
tt0010947,tt0011654,0.8
tt0010947,tt0011676,0.5
tt0010947,tt0012973,0.6
tt0010947,tt0013442,-0.3
tt0010947,tt0013496,0.8
tt0010947,tt0015064,-0.5
tt0010947,tt0016847,-0.6
tt0010947,tt0017448,0.4
tt0010947,tt0018455,-0.6
tt0010949,tt0004897,-0.8
tt0010949,tt0005367,-4.1
tt0010949,tt0007271,-3.9
tt0010949,tt0007498,-3.3
tt0010949,tt0007524,-3.6
tt0010949,tt0007769,-3.8
tt0010949,tt0007801,-3.4
tt0010949,tt0007839,-1.9
tt0010949,tt0008076,-2.4
tt0010949,tt0008241,-3.7
tt0010949,tt0008521,-1.0
tt0010949,tt0008677,-2.6
tt0010949,tt0009573,-3.3
tt0010949,tt0009601,-4.3
tt0010949,tt0009637,-4.0
tt0010949,tt0010377,-2.6
tt0010949,tt0010700,-2.4
tt0010949,tt0010912,-2.8
tt0010949,tt0011133,-3.5
tt0010949,tt0011325,-4.1
tt0010949,tt0011353,-3.4
tt0010949,tt0012600,-3.5
tt0010949,tt0014469,-2.6
tt0010949,tt0015168,-3.7
tt0010950,tt0009233,0.6
tt0010950,tt0010558,0.9
tt0010950,tt0013984,0.9
tt0010950,tt0014707,0.6
tt0010950,tt0016770,-1.4
tt0010950,tt0017079,0.1
tt0010950,tt0017399,0.4
tt0010953,tt0017663,0.9
tt0010954,tt0014650,0.6
tt0010954,tt0015866,0.2
tt0010954,tt0017346,0.0
tt0010960,tt0005334,-0.4
tt0010960,tt0007514,-1.2
tt0010960,tt0009021,-0.2
tt0010960,tt0009176,-1.1
tt0010960,tt0009425,-1.5
tt0010960,tt0010020,-1.6
tt0010960,tt0010968,0.6
tt0010960,tt0011001,-1.1
tt0010960,tt0011907,-0.1
tt0010960,tt0012317,-2.7
tt0010960,tt0014468,-1.2
tt0010960,tt0014588,-1.6
tt0010960,tt0015831,-1.5
tt0010960,tt0017891,-0.5
tt0010960,tt0017998,-2.3
tt0010960,tt0018671,0.0
tt0010962,tt0002423,0.8
tt0010962,tt0009893,0.3
tt0010962,tt0010281,0.7
tt0010962,tt0010600,0.1
tt0010962,tt0011960,0.6
tt0010962,tt0015119,0.5
tt0010962,tt0016004,0.3
tt0010962,tt0017409,0.4
tt0010962,tt0018451,0.0
tt0010964,tt0018893,0.9
tt0010965,tt0006412,0.7
tt0010965,tt0006780,-0.2
tt0010965,tt0007454,0.7
tt0010968,tt0005334,0.0
tt0010968,tt0007514,-0.8
tt0010968,tt0009021,0.2
tt0010968,tt0009176,-0.7
tt0010968,tt0009425,-1.1
tt0010968,tt0010020,-1.2
tt0010968,tt0011001,-0.7
tt0010968,tt0011907,0.3
tt0010968,tt0012317,-2.3
tt0010968,tt0014468,-0.8
tt0010968,tt0014588,-1.2
tt0010968,tt0015831,-1.1
tt0010968,tt0017891,-0.1
tt0010968,tt0017998,-1.9
tt0010968,tt0018671,0.4
tt0010969,tt0013033,0.7
tt0010969,tt0015626,0.7
tt0010969,tt0015883,0.9
tt0010969,tt0016491,0.1
tt0010978,tt0010641,0.1
tt0010978,tt0011179,-1.3
tt0010978,tt0011923,0.3
tt0010978,tt0013513,0.2
tt0010987,tt0009915,0.2
tt0010987,tt0010195,0.7
tt0010987,tt0013455,0.5
tt0010987,tt0013795,0.8
tt0010987,tt0013824,0.9
tt0010987,tt0015467,-0.8
tt0010987,tt0015572,0.2
tt0010987,tt0016301,0.0
tt0010994,tt0012027,0.4
tt0010994,tt0012427,0.0
tt0011000,tt0011607,0.5
tt0011000,tt0015136,0.5
tt0011000,tt0015768,0.6
tt0011001,tt0007514,0.9
tt0011001,tt0009425,0.6
tt0011001,tt0010020,0.5
tt0011001,tt0012317,-0.6
tt0011001,tt0014468,0.9
tt0011001,tt0014588,0.5
tt0011001,tt0015831,0.6
tt0011001,tt0017998,-0.2
tt0011007,tt0011966,-0.4
tt0011007,tt0015638,0.9
tt0011007,tt0015816,0.8
tt0011011,tt0003735,0.6
tt0011011,tt0004712,-0.3
tt0011011,tt0006666,0.3
tt0011011,tt0007910,-0.6
tt0011011,tt0008725,0.1
tt0011011,tt0008826,0.2
tt0011011,tt0009419,0.8
tt0011011,tt0009853,0.5
tt0011011,tt0010358,0.1
tt0011011,tt0012192,0.7
tt0011011,tt0012365,0.7
tt0011011,tt0013619,0.0
tt0011011,tt0014191,0.5
tt0011011,tt0015339,0.1
tt0011011,tt0016384,0.1
tt0011011,tt0016850,0.1
tt0011011,tt0017462,0.9
tt0011011,tt0017946,0.5
tt0011011,tt0018159,0.3
tt0011012,tt0014301,0.2
tt0011012,tt0014640,0.1
tt0011012,tt0015947,-0.3
tt0011012,tt0017470,0.0
tt0011012,tt0017911,0.3
tt0011012,tt0017960,0.4
tt0011024,tt0012219,0.8
tt0011031,tt0010330,0.6
tt0011031,tt0010947,0.6
tt0011031,tt0011217,0.9
tt0011031,tt0011348,-0.1
tt0011031,tt0011654,0.4
tt0011031,tt0011676,0.1
tt0011031,tt0012973,0.2
tt0011031,tt0013373,0.8
tt0011031,tt0013442,-0.7
tt0011031,tt0013496,0.4
tt0011031,tt0014900,0.9
tt0011031,tt0015064,-0.9
tt0011031,tt0016847,-1.0
tt0011031,tt0017448,0.0
tt0011031,tt0018455,-1.0
tt0011036,tt0007270,-0.2
tt0011036,tt0008814,0.2
tt0011036,tt0009053,0.8
tt0011036,tt0013284,0.6
tt0011069,tt0006621,0.6
tt0011069,tt0006638,-0.4
tt0011070,tt0006437,0.6
tt0011070,tt0016894,0.7
tt0011076,tt0004825,0.2
tt0011076,tt0004872,0.1
tt0011076,tt0005041,0.0
tt0011076,tt0005163,0.6
tt0011076,tt0006755,0.0
tt0011076,tt0007678,0.0
tt0011076,tt0008011,0.5
tt0011076,tt0008443,-0.1
tt0011076,tt0008458,0.4
tt0011076,tt0008891,-0.3
tt0011076,tt0009020,-0.7
tt0011076,tt0009523,0.3
tt0011076,tt0009567,0.0
tt0011076,tt0009969,0.2
tt0011076,tt0010844,0.2
tt0011076,tt0010882,0.3
tt0011076,tt0011387,0.0
tt0011076,tt0011785,-0.5
tt0011076,tt0013332,0.0
tt0011076,tt0014158,-0.9
tt0011076,tt0014602,-0.4
tt0011076,tt0015492,0.0
tt0011076,tt0016150,0.2
tt0011076,tt0016598,0.9
tt0011078,tt0004962,-0.2
tt0011078,tt0005200,0.5
tt0011078,tt0006588,0.2
tt0011078,tt0007160,0.1
tt0011078,tt0007260,0.7
tt0011078,tt0007903,0.6
tt0011078,tt0008362,-1.3
tt0011078,tt0008571,0.4
tt0011078,tt0008623,0.7
tt0011078,tt0008783,0.4
tt0011078,tt0008918,0.6
tt0011078,tt0009550,-1.1
tt0011078,tt0009826,0.0
tt0011078,tt0010853,0.4
tt0011078,tt0011651,0.1
tt0011078,tt0011756,0.6
tt0011078,tt0011779,0.7
tt0011078,tt0012754,0.4
tt0011078,tt0012839,0.7
tt0011078,tt0013606,-0.2
tt0011078,tt0014463,0.6
tt0011078,tt0014503,0.2
tt0011078,tt0014696,0.7
tt0011078,tt0018548,0.5
tt0011079,tt0006299,-0.5
tt0011079,tt0012087,0.7
tt0011079,tt0014051,0.6
tt0011087,tt0006270,0.2
tt0011091,tt0003657,0.5
tt0011091,tt0005193,-1.2
tt0011091,tt0008044,0.4
tt0011091,tt0009960,0.2
tt0011091,tt0010032,0.4
tt0011091,tt0016523,-0.1
tt0011091,tt0016880,0.8
tt0011094,tt0002669,0.0
tt0011094,tt0007506,0.8
tt0011094,tt0009290,-1.7
tt0011094,tt0015543,0.8
tt0011102,tt0005061,0.2
tt0011102,tt0005879,-1.5
tt0011102,tt0005960,-2.2
tt0011102,tt0006441,0.4
tt0011102,tt0007184,-0.3
tt0011102,tt0007325,-0.3
tt0011102,tt0007697,0.0
tt0011102,tt0007820,0.2
tt0011102,tt0008117,-0.8
tt0011102,tt0008138,0.6
tt0011102,tt0008457,-0.4
tt0011102,tt0008671,0.0
tt0011102,tt0009219,0.0
tt0011102,tt0009444,0.6
tt0011102,tt0009524,-0.4
tt0011102,tt0009832,-0.6
tt0011102,tt0010091,-0.4
tt0011102,tt0011213,0.6
tt0011102,tt0011739,0.4
tt0011102,tt0012515,0.8
tt0011102,tt0013293,-0.9
tt0011102,tt0014213,0.6
tt0011102,tt0015400,-3.1
tt0011102,tt0015776,0.0
tt0011102,tt0016379,-0.3
tt0011102,tt0016500,-0.4
tt0011102,tt0017089,-0.4
tt0011102,tt0017540,-2.2
tt0011102,tt0018118,-1.5
tt0011102,tt0018170,-1.6
tt0011110,tt0006206,0.8
tt0011110,tt0006886,0.9
tt0011110,tt0009905,0.5
tt0011110,tt0013125,0.7
tt0011110,tt0014897,0.5
tt0011114,tt0009937,0.1
tt0011114,tt0013140,0.0
tt0011114,tt0015881,-1.0
tt0011114,tt0016104,-0.2
tt0011117,tt0008196,0.8
tt0011117,tt0008499,0.6
tt0011117,tt0008827,0.7
tt0011117,tt0009326,0.5
tt0011117,tt0009652,0.0
tt0011117,tt0010040,0.3
tt0011117,tt0012406,-0.1
tt0011117,tt0013490,0.3
tt0011117,tt0014262,0.4
tt0011117,tt0014854,0.1
tt0011117,tt0016390,-1.0
tt0011118,tt0008585,-0.1
tt0011118,tt0014239,0.0
tt0011118,tt0015091,0.5
tt0011127,tt0009915,0.2
tt0011127,tt0010195,0.7
tt0011127,tt0013455,0.5
tt0011127,tt0013795,0.8
tt0011127,tt0013824,0.9
tt0011127,tt0015467,-0.8
tt0011127,tt0015572,0.2
tt0011127,tt0016301,0.0
tt0011128,tt0012701,0.9
tt0011128,tt0014029,0.6
tt0011128,tt0014522,0.9
tt0011128,tt0015728,-0.4
tt0011128,tt0017918,0.3
tt0011128,tt0017936,-0.1
tt0011128,tt0018673,0.1
tt0011130,tt0010244,0.4
tt0011130,tt0010766,0.4
tt0011130,tt0013662,0.9
tt0011130,tt0016346,0.7
tt0011133,tt0005367,0.4
tt0011133,tt0007271,0.6
tt0011133,tt0007524,0.9
tt0011133,tt0007769,0.7
tt0011133,tt0008241,0.8
tt0011133,tt0009601,0.2
tt0011133,tt0009637,0.5
tt0011133,tt0011325,0.4
tt0011133,tt0015168,0.8
tt0011135,tt0006895,0.7
tt0011135,tt0008259,-0.1
tt0011135,tt0008735,0.3
tt0011135,tt0008875,0.4
tt0011137,tt0003735,0.4
tt0011137,tt0004712,-0.5
tt0011137,tt0006666,0.1
tt0011137,tt0007910,-0.8
tt0011137,tt0008725,-0.1
tt0011137,tt0008826,0.0
tt0011137,tt0009419,0.6
tt0011137,tt0009853,0.3
tt0011137,tt0010358,-0.1
tt0011137,tt0011011,0.8
tt0011137,tt0012192,0.5
tt0011137,tt0012365,0.5
tt0011137,tt0013619,-0.2
tt0011137,tt0014191,0.3
tt0011137,tt0015339,-0.1
tt0011137,tt0016384,-0.1
tt0011137,tt0016850,-0.1
tt0011137,tt0016930,0.9
tt0011137,tt0017462,0.7
tt0011137,tt0017946,0.3
tt0011137,tt0018159,0.1
tt0011148,tt0004052,-3.3
tt0011148,tt0008491,-1.6
tt0011148,tt0009325,-1.8
tt0011148,tt0011812,-1.5
tt0011148,tt0012998,0.2
tt0011148,tt0013236,-2.5
tt0011148,tt0013491,-1.2
tt0011148,tt0014845,-2.5
tt0011148,tt0015813,-1.9
tt0011148,tt0016213,-4.4
tt0011148,tt0016508,-2.6
tt0011148,tt0016573,-1.7
tt0011148,tt0016749,-2.1
tt0011148,tt0017080,-2.1
tt0011148,tt0017161,0.2
tt0011148,tt0017316,-3.8
tt0011148,tt0017325,-2.6
tt0011148,tt0017327,-1.3
tt0011148,tt0017504,-1.3
tt0011148,tt0018313,-2.3
tt0011148,tt0018464,-1.6
tt0011148,tt0018565,-3.0
tt0011148,tt0018767,-0.1
tt0011148,tt0018831,-1.3
tt0011149,tt0005334,-2.8
tt0011149,tt0007514,-3.6
tt0011149,tt0009021,-2.6
tt0011149,tt0009176,-3.5
tt0011149,tt0009425,-3.9
tt0011149,tt0010020,-4.0
tt0011149,tt0010960,-1.4
tt0011149,tt0010968,-1.8
tt0011149,tt0011001,-3.5
tt0011149,tt0011309,-1.4
tt0011149,tt0011907,-2.5
tt0011149,tt0012317,-5.1
tt0011149,tt0014468,-3.6
tt0011149,tt0014588,-4.0
tt0011149,tt0015831,-3.9
tt0011149,tt0017891,-2.9
tt0011149,tt0017998,-4.7
tt0011149,tt0018671,-2.4
tt0011157,tt0010247,0.3
tt0011157,tt0010755,0.6
tt0011157,tt0012334,0.6
tt0011157,tt0014108,0.4
tt0011157,tt0014109,0.4
tt0011157,tt0018014,0.7
tt0011163,tt0011691,0.8
tt0011163,tt0012117,0.2
tt0011163,tt0012238,0.5
tt0011163,tt0012563,0.6
tt0011163,tt0012938,0.0
tt0011163,tt0013229,-0.6
tt0011163,tt0013264,0.7
tt0011163,tt0013877,-0.2
tt0011163,tt0014379,0.2
tt0011163,tt0014884,0.7
tt0011163,tt0015140,0.1
tt0011163,tt0016844,-0.6
tt0011163,tt0017233,-0.1
tt0011163,tt0017860,0.9
tt0011163,tt0018301,-1.1
tt0011163,tt0018338,-0.1
tt0011164,tt0005764,-1.4
tt0011164,tt0006217,-0.7
tt0011164,tt0006371,0.0
tt0011164,tt0009423,-0.3
tt0011164,tt0010018,0.8
tt0011164,tt0010905,-1.7
tt0011164,tt0013369,-0.6
tt0011164,tt0013672,-0.5
tt0011164,tt0013867,-1.0
tt0011164,tt0013920,0.0
tt0011164,tt0014023,-0.9
tt0011164,tt0014816,-0.9
tt0011164,tt0015399,-0.5
tt0011164,tt0015735,-1.5
tt0011164,tt0017416,-0.7
tt0011164,tt0018203,-1.1
tt0011164,tt0018674,-1.0
tt0011170,tt0009354,0.3
tt0011170,tt0009789,0.8
tt0011170,tt0010215,0.3
tt0011170,tt0011257,0.9
tt0011170,tt0011439,-0.1
tt0011170,tt0011877,0.8
tt0011170,tt0012752,0.0
tt0011170,tt0012952,0.6
tt0011170,tt0015268,-0.3
tt0011170,tt0015413,0.6
tt0011170,tt0016641,-0.9
tt0011170,tt0017449,0.0
tt0011170,tt0017850,-0.6
tt0011172,tt0011344,0.7
tt0011172,tt0013488,0.6
tt0011172,tt0014968,0.3
tt0011172,tt0015498,0.5
tt0011172,tt0015500,0.9
tt0011172,tt0015624,-0.7
tt0011172,tt0016627,0.1
tt0011172,tt0016669,0.0
tt0011172,tt0018806,-0.8
tt0011173,tt0012337,0.5
tt0011173,tt0016691,0.4
tt0011193,tt0007645,0.2
tt0011193,tt0008159,0.8
tt0011193,tt0012324,-0.6
tt0011193,tt0015632,0.8
tt0011193,tt0016804,0.4
tt0011193,tt0017667,0.4
tt0011193,tt0018566,0.4
tt0011197,tt0012830,0.7
tt0011205,tt0007963,0.7
tt0011205,tt0009205,0.7
tt0011213,tt0005061,0.6
tt0011213,tt0005879,-1.1
tt0011213,tt0005960,-1.8
tt0011213,tt0006441,0.8
tt0011213,tt0007184,0.1
tt0011213,tt0007325,0.1
tt0011213,tt0007697,0.4
tt0011213,tt0007820,0.6
tt0011213,tt0008117,-0.4
tt0011213,tt0008457,0.0
tt0011213,tt0008671,0.4
tt0011213,tt0009219,0.4
tt0011213,tt0009524,0.0
tt0011213,tt0009832,-0.2
tt0011213,tt0010091,0.0
tt0011213,tt0011739,0.8
tt0011213,tt0013293,-0.5
tt0011213,tt0015400,-2.7
tt0011213,tt0015776,0.4
tt0011213,tt0016379,0.1
tt0011213,tt0016500,0.0
tt0011213,tt0017089,0.0
tt0011213,tt0017540,-1.8
tt0011213,tt0018118,-1.1
tt0011213,tt0018170,-1.2
tt0011216,tt0016564,0.6
tt0011216,tt0017633,0.9
tt0011217,tt0010330,0.7
tt0011217,tt0010947,0.7
tt0011217,tt0011348,0.0
tt0011217,tt0011654,0.5
tt0011217,tt0011676,0.2
tt0011217,tt0012973,0.3
tt0011217,tt0013373,0.9
tt0011217,tt0013442,-0.6
tt0011217,tt0013496,0.5
tt0011217,tt0015064,-0.8
tt0011217,tt0016847,-0.9
tt0011217,tt0017448,0.1
tt0011217,tt0018455,-0.9
tt0011221,tt0003632,0.8
tt0011221,tt0007983,0.8
tt0011221,tt0010323,-1.1
tt0011221,tt0014146,0.7
tt0011221,tt0014397,0.2
tt0011221,tt0015202,-0.1
tt0011221,tt0017338,0.9
tt0011222,tt0010967,0.3
tt0011228,tt0007755,-1.9
tt0011228,tt0008271,0.2
tt0011228,tt0008551,-0.6
tt0011228,tt0008634,-2.2
tt0011228,tt0008978,-1.1
tt0011228,tt0009153,-1.8
tt0011228,tt0009494,0.0
tt0011228,tt0009580,-1.1
tt0011228,tt0009690,0.2
tt0011228,tt0009696,0.2
tt0011228,tt0009811,-0.1
tt0011228,tt0009837,0.3
tt0011228,tt0009859,-0.4
tt0011228,tt0009903,0.4
tt0011228,tt0010119,0.0
tt0011228,tt0010198,-0.5
tt0011228,tt0010438,-0.6
tt0011228,tt0010544,0.0
tt0011228,tt0010628,0.0
tt0011228,tt0010629,0.7
tt0011228,tt0010640,0.6
tt0011228,tt0011298,-0.6
tt0011228,tt0011358,-2.3
tt0011228,tt0011906,-0.6
tt0011228,tt0011968,-0.1
tt0011228,tt0012102,0.3
tt0011228,tt0012194,0.4
tt0011228,tt0012328,-0.7
tt0011228,tt0012734,0.1
tt0011228,tt0012818,0.3
tt0011228,tt0013321,0.7
tt0011228,tt0013603,0.4
tt0011228,tt0013735,-1.2
tt0011228,tt0013909,-1.5
tt0011228,tt0014031,0.9
tt0011228,tt0014321,-1.6
tt0011228,tt0014539,0.2
tt0011228,tt0014977,0.7
tt0011228,tt0014999,0.2
tt0011228,tt0015811,0.9
tt0011228,tt0015973,-2.0
tt0011228,tt0016022,-1.8
tt0011228,tt0016417,-0.1
tt0011228,tt0016664,-1.5
tt0011228,tt0017374,-2.0
tt0011228,tt0017463,-3.3
tt0011228,tt0018530,-2.0
tt0011228,tt0018909,-3.0
tt0011232,tt0005095,-0.9
tt0011232,tt0007453,-1.6
tt0011232,tt0007516,0.8
tt0011232,tt0008784,0.1
tt0011232,tt0015211,0.7
tt0011232,tt0016042,0.5
tt0011232,tt0016477,-0.9
tt0011234,tt0008196,0.1
tt0011234,tt0008499,-0.1
tt0011234,tt0008827,0.0
tt0011234,tt0009326,-0.2
tt0011234,tt0009652,-0.7
tt0011234,tt0010040,-0.4
tt0011234,tt0011117,0.3
tt0011234,tt0012406,-0.8
tt0011234,tt0013490,-0.4
tt0011234,tt0014854,-0.6
tt0011234,tt0016390,-1.7
tt0011238,tt0009251,0.1
tt0011239,tt0014184,-0.2
tt0011239,tt0017587,0.1
tt0011241,tt0005195,-0.5
tt0011241,tt0006339,-0.3
tt0011241,tt0008411,-1.6
tt0011241,tt0009304,-0.5
tt0011241,tt0014756,0.4
tt0011241,tt0014837,0.6
tt0011241,tt0017000,-2.0
tt0011252,tt0010422,0.4
tt0011252,tt0015766,-0.2
tt0011252,tt0016778,-0.8
tt0011256,tt0010754,0.2
tt0011256,tt0011765,0.0
tt0011256,tt0012362,0.4
tt0011256,tt0012422,-0.1
tt0011256,tt0013301,-0.1
tt0011256,tt0014144,0.7
tt0011256,tt0014168,0.2
tt0011256,tt0015233,0.8
tt0011256,tt0015968,-0.5
tt0011256,tt0016910,0.3
tt0011257,tt0009354,0.4
tt0011257,tt0009789,0.9
tt0011257,tt0010215,0.4
tt0011257,tt0011439,0.0
tt0011257,tt0011877,0.9
tt0011257,tt0012752,0.1
tt0011257,tt0012952,0.7
tt0011257,tt0015268,-0.2
tt0011257,tt0015413,0.7
tt0011257,tt0016641,-0.8
tt0011257,tt0017449,0.1
tt0011257,tt0017850,-0.5
tt0011265,tt0009273,-1.1
tt0011265,tt0011093,-1.2
tt0011265,tt0013145,0.5
tt0011265,tt0013391,0.6
tt0011265,tt0013986,0.5
tt0011265,tt0014703,0.6
tt0011265,tt0014950,-1.1
tt0011265,tt0015094,0.5
tt0011265,tt0015602,0.2
tt0011265,tt0015903,0.4
tt0011265,tt0016449,0.8
tt0011265,tt0016916,0.8
tt0011265,tt0017727,0.0
tt0011265,tt0017858,-1.2
tt0011265,tt0017902,0.9
tt0011265,tt0017976,0.5
tt0011265,tt0018438,-0.9
tt0011265,tt0018579,0.6
tt0011273,tt0006626,0.0
tt0011273,tt0008374,0.8
tt0011277,tt0009605,0.8
tt0011277,tt0011914,0.6
tt0011277,tt0014285,0.1
tt0011280,tt0001812,0.5
tt0011280,tt0002094,0.1
tt0011280,tt0006318,0.7
tt0011280,tt0006715,-0.6
tt0011280,tt0012885,0.4
tt0011280,tt0014776,-0.9
tt0011281,tt0006283,-1.2
tt0011281,tt0006932,-0.9
tt0011281,tt0008706,-0.7
tt0011281,tt0009104,0.4
tt0011281,tt0010703,-0.8
tt0011281,tt0010729,-1.5
tt0011281,tt0011860,0.0
tt0011281,tt0012763,-1.6
tt0011281,tt0013590,-1.0
tt0011281,tt0014068,-1.5
tt0011281,tt0014605,-1.4
tt0011281,tt0015289,-0.5
tt0011281,tt0016395,-1.8
tt0011281,tt0017254,0.3
tt0011281,tt0017567,-1.4
tt0011281,tt0018129,0.9
tt0011284,tt0011797,0.9
tt0011284,tt0013882,0.8
tt0011288,tt0009354,-0.6
tt0011288,tt0009789,-0.1
tt0011288,tt0010045,0.6
tt0011288,tt0010215,-0.6
tt0011288,tt0011170,0.1
tt0011288,tt0011257,0.0
tt0011288,tt0011439,-1.0
tt0011288,tt0011679,0.3
tt0011288,tt0011877,-0.1
tt0011288,tt0012752,-0.9
tt0011288,tt0012952,-0.3
tt0011288,tt0015268,-1.2
tt0011288,tt0015413,-0.3
tt0011288,tt0016641,-1.8
tt0011288,tt0017449,-0.9
tt0011288,tt0017731,0.7
tt0011288,tt0017850,-1.5
tt0011291,tt0008659,0.7
tt0011294,tt0009720,0.9
tt0011298,tt0007755,-0.3
tt0011298,tt0008634,-0.6
tt0011298,tt0008978,0.5
tt0011298,tt0009153,-0.2
tt0011298,tt0009580,0.5
tt0011298,tt0011358,-0.7
tt0011298,tt0012328,0.9
tt0011298,tt0013735,0.4
tt0011298,tt0013909,0.1
tt0011298,tt0014321,0.0
tt0011298,tt0015973,-0.4
tt0011298,tt0016022,-0.2
tt0011298,tt0016664,0.1
tt0011298,tt0017374,-0.4
tt0011298,tt0017463,-1.7
tt0011298,tt0018530,-0.4
tt0011298,tt0018909,-1.4
tt0011302,tt0012134,0.8
tt0011302,tt0015014,0.6
tt0011302,tt0015801,0.7
tt0011303,tt0009079,0.8
tt0011303,tt0010055,0.6
tt0011303,tt0011350,0.8
tt0011303,tt0013084,0.1
tt0011303,tt0014398,0.8
tt0011303,tt0015209,0.8
tt0011303,tt0016205,0.0
tt0011303,tt0016947,0.5
tt0011303,tt0017158,0.2
tt0011303,tt0017307,0.0
tt0011303,tt0018033,-0.2
tt0011303,tt0018381,0.4
tt0011309,tt0005334,-0.4
tt0011309,tt0007514,-1.2
tt0011309,tt0009021,-0.2
tt0011309,tt0009176,-1.1
tt0011309,tt0009425,-1.5
tt0011309,tt0010020,-1.6
tt0011309,tt0010968,0.6
tt0011309,tt0011001,-1.1
tt0011309,tt0011907,-0.1
tt0011309,tt0012317,-2.7
tt0011309,tt0014468,-1.2
tt0011309,tt0014588,-1.6
tt0011309,tt0015831,-1.5
tt0011309,tt0017891,-0.5
tt0011309,tt0017998,-2.3
tt0011309,tt0018671,0.0
tt0011313,tt0006358,0.1
tt0011313,tt0009209,0.5
tt0011313,tt0009879,0.2
tt0011313,tt0009987,0.9
tt0011313,tt0011721,0.6
tt0011313,tt0012476,0.9
tt0011317,tt0006907,0.1
tt0011317,tt0009137,0.6
tt0011317,tt0009630,0.8
tt0011317,tt0012917,0.5
tt0011317,tt0013727,0.6
tt0011317,tt0014322,0.2
tt0011317,tt0015312,0.8
tt0011317,tt0015684,0.7
tt0011317,tt0016006,0.7
tt0011317,tt0016013,-0.1
tt0011317,tt0016875,-0.3
tt0011317,tt0018379,-0.4
tt0011324,tt0003167,0.4
tt0011324,tt0003643,-0.3
tt0011324,tt0003665,-0.2
tt0011324,tt0003890,0.3
tt0011324,tt0004181,-0.1
tt0011324,tt0004972,0.0
tt0011324,tt0006864,-1.5
tt0011324,tt0009109,-0.2
tt0011324,tt0009130,-0.7
tt0011324,tt0009133,-1.1
tt0011324,tt0009150,-0.4
tt0011324,tt0009559,-0.1
tt0011324,tt0009968,-1.1
tt0011324,tt0010108,-0.6
tt0011324,tt0010193,0.1
tt0011324,tt0010484,-0.9
tt0011324,tt0010662,0.7
tt0011324,tt0010806,-0.8
tt0011324,tt0011415,0.1
tt0011324,tt0011841,-1.2
tt0011324,tt0012122,0.6
tt0011324,tt0012532,-1.2
tt0011324,tt0013458,0.9
tt0011324,tt0014604,0.0
tt0011324,tt0014672,-0.2
tt0011324,tt0015018,-0.7
tt0011324,tt0016308,-0.5
tt0011324,tt0016420,0.1
tt0011324,tt0017419,-0.2
tt0011324,tt0018678,-0.4
tt0011324,tt0018854,0.5
tt0011325,tt0009601,0.8
tt0011327,tt0018553,0.7
tt0011336,tt0008990,0.3
tt0011336,tt0015263,0.8
tt0011336,tt0015663,0.6
tt0011336,tt0015937,-1.0
tt0011336,tt0016172,0.8
tt0011336,tt0016732,0.8
tt0011336,tt0017272,0.0
tt0011336,tt0018524,0.0
tt0011339,tt0006730,-0.1
tt0011339,tt0007362,0.8
tt0011339,tt0015353,0.6
tt0011344,tt0013488,0.9
tt0011344,tt0014968,0.6
tt0011344,tt0015498,0.8
tt0011344,tt0015624,-0.4
tt0011344,tt0016627,0.4
tt0011344,tt0016669,0.3
tt0011344,tt0018806,-0.5
tt0011348,tt0013442,0.4
tt0011348,tt0015064,0.2
tt0011348,tt0016847,0.1
tt0011348,tt0018455,0.1
tt0011350,tt0010055,0.8
tt0011350,tt0013084,0.3
tt0011350,tt0016205,0.2
tt0011350,tt0016947,0.7
tt0011350,tt0017158,0.4
tt0011350,tt0017307,0.2
tt0011350,tt0018033,0.0
tt0011350,tt0018381,0.6
tt0011353,tt0005367,0.3
tt0011353,tt0007271,0.5
tt0011353,tt0007524,0.8
tt0011353,tt0007769,0.6
tt0011353,tt0008241,0.7
tt0011353,tt0009601,0.1
tt0011353,tt0009637,0.4
tt0011353,tt0011133,0.9
tt0011353,tt0011325,0.3
tt0011353,tt0012600,0.9
tt0011353,tt0015168,0.7
tt0011358,tt0017463,0.0
tt0011358,tt0018909,0.3
tt0011362,tt0003014,0.4
tt0011362,tt0003150,0.2
tt0011362,tt0004003,0.8
tt0011362,tt0004047,0.5
tt0011362,tt0006108,-0.5
tt0011362,tt0007355,0.8
tt0011362,tt0008663,0.1
tt0011362,tt0008710,0.7
tt0011362,tt0008879,0.2
tt0011362,tt0010206,0.8
tt0011362,tt0010298,0.2
tt0011362,tt0011370,0.5
tt0011362,tt0011499,0.1
tt0011362,tt0012364,-0.6
tt0011362,tt0013452,-0.2
tt0011362,tt0013730,0.6
tt0011362,tt0014014,0.5
tt0011362,tt0014302,0.7
tt0011362,tt0014972,-0.3
tt0011362,tt0015702,0.7
tt0011362,tt0016446,-0.2
tt0011362,tt0017350,-0.2
tt0011362,tt0018836,0.4
tt0011368,tt0003897,0.7
tt0011368,tt0004465,0.5
tt0011368,tt0007339,0.0
tt0011368,tt0014264,0.4
tt0011368,tt0015491,0.1
tt0011368,tt0015499,0.2
tt0011368,tt0016201,0.8
tt0011368,tt0017457,-1.0
tt0011370,tt0003014,0.9
tt0011370,tt0003150,0.7
tt0011370,tt0006108,0.0
tt0011370,tt0008663,0.6
tt0011370,tt0008879,0.7
tt0011370,tt0010298,0.7
tt0011370,tt0011499,0.6
tt0011370,tt0012364,-0.1
tt0011370,tt0013452,0.3
tt0011370,tt0014972,0.2
tt0011370,tt0016446,0.3
tt0011370,tt0017350,0.3
tt0011370,tt0018836,0.9
tt0011371,tt0002423,0.8
tt0011371,tt0009893,0.3
tt0011371,tt0010281,0.7
tt0011371,tt0010600,0.1
tt0011371,tt0011960,0.6
tt0011371,tt0015119,0.5
tt0011371,tt0016004,0.3
tt0011371,tt0017409,0.4
tt0011371,tt0018451,0.0
tt0011387,tt0008443,0.9
tt0011387,tt0008891,0.7
tt0011387,tt0009020,0.3
tt0011387,tt0011785,0.5
tt0011387,tt0014158,0.1
tt0011387,tt0014602,0.6
tt0011387,tt0014752,0.7
tt0011387,tt0015872,0.7
tt0011387,tt0016361,0.8
tt0011387,tt0016884,0.0
tt0011387,tt0017029,0.8
tt0011393,tt0011394,-0.5
tt0011396,tt0012788,-0.1
tt0011396,tt0014651,-0.1
tt0011396,tt0016226,0.7
tt0011401,tt0007931,0.8
tt0011401,tt0011998,0.3
tt0011401,tt0014510,0.2
tt0011401,tt0015299,-0.4
tt0011401,tt0015693,0.9
tt0011401,tt0017379,0.3
tt0011401,tt0018266,-0.5
tt0011413,tt0008060,-0.1
tt0011414,tt0010762,-0.2
tt0011414,tt0010849,0.3
tt0011414,tt0011567,-1.6
tt0011415,tt0003643,0.6
tt0011415,tt0003665,0.7
tt0011415,tt0004181,0.8
tt0011415,tt0004972,0.9
tt0011415,tt0006864,-0.6
tt0011415,tt0009109,0.7
tt0011415,tt0009130,0.2
tt0011415,tt0009133,-0.2
tt0011415,tt0009150,0.5
tt0011415,tt0009559,0.8
tt0011415,tt0009968,-0.2
tt0011415,tt0010108,0.3
tt0011415,tt0010484,0.0
tt0011415,tt0010806,0.1
tt0011415,tt0011841,-0.3
tt0011415,tt0012532,-0.3
tt0011415,tt0014604,0.9
tt0011415,tt0014672,0.7
tt0011415,tt0015018,0.2
tt0011415,tt0016308,0.4
tt0011415,tt0017419,0.7
tt0011415,tt0018678,0.5
tt0011419,tt0009369,-0.6
tt0011419,tt0010925,0.1
tt0011419,tt0011128,-1.8
tt0011419,tt0012468,-0.7
tt0011419,tt0012701,-0.9
tt0011419,tt0014029,-1.2
tt0011419,tt0014467,-0.2
tt0011419,tt0014522,-0.9
tt0011419,tt0015728,-2.2
tt0011419,tt0017085,0.3
tt0011419,tt0017244,-0.6
tt0011419,tt0017918,-1.5
tt0011419,tt0017936,-1.9
tt0011419,tt0018673,-1.7
tt0011421,tt0004532,-1.3
tt0011421,tt0004816,-2.9
tt0011421,tt0005352,-2.6
tt0011421,tt0005392,-3.9
tt0011421,tt0006426,-1.7
tt0011421,tt0006679,-1.5
tt0011421,tt0006736,-3.3
tt0011421,tt0006751,-2.4
tt0011421,tt0006753,-3.3
tt0011421,tt0006861,-2.9
tt0011421,tt0008309,-3.2
tt0011421,tt0008406,-4.1
tt0011421,tt0008915,-3.1
tt0011421,tt0009142,-2.9
tt0011421,tt0009143,-3.9
tt0011421,tt0009400,-3.4
tt0011421,tt0010049,-4.5
tt0011421,tt0010162,-2.9
tt0011421,tt0010715,-3.0
tt0011421,tt0012565,-3.3
tt0011421,tt0013556,-3.7
tt0011421,tt0014636,-3.3
tt0011421,tt0014981,-3.4
tt0011421,tt0015116,-3.4
tt0011421,tt0015349,-4.4
tt0011421,tt0015465,-4.0
tt0011421,tt0016394,-3.5
tt0011421,tt0017242,-4.0
tt0011421,tt0017356,-1.6
tt0011421,tt0017472,-2.0
tt0011421,tt0017841,-3.8
tt0011421,tt0018046,-1.8
tt0011421,tt0018700,-3.1
tt0011423,tt0005680,-1.2
tt0011423,tt0006997,-1.5
tt0011428,tt0009560,0.7
tt0011433,tt0004272,-2.4
tt0011433,tt0005005,-2.0
tt0011433,tt0006339,-0.5
tt0011433,tt0008151,0.2
tt0011433,tt0008353,-1.1
tt0011433,tt0008476,-2.7
tt0011433,tt0008978,-0.9
tt0011433,tt0011495,-0.3
tt0011433,tt0011771,-0.2
tt0011433,tt0013225,-0.8
tt0011433,tt0016214,-1.0
tt0011433,tt0016237,-1.6
tt0011433,tt0017218,-1.3
tt0011433,tt0018740,-0.9
tt0011435,tt0012017,0.3
tt0011439,tt0015268,0.8
tt0011439,tt0016641,0.2
tt0011439,tt0017850,0.5
tt0011454,tt0005903,-0.2
tt0011454,tt0006241,-0.7
tt0011454,tt0007183,0.5
tt0011454,tt0008536,0.4
tt0011454,tt0012342,0.7
tt0011454,tt0014646,0.8
tt0011454,tt0015958,0.5
tt0011454,tt0016559,0.2
tt0011454,tt0017293,0.0
tt0011454,tt0017418,0.2
tt0011454,tt0017748,0.0
tt0011454,tt0018686,0.8
tt0011454,tt0018844,0.3
tt0011459,tt0011197,0.9
tt0011459,tt0012830,0.6
tt0011459,tt0016733,0.9
tt0011462,tt0006437,-0.1
tt0011462,tt0007998,0.6
tt0011462,tt0011070,0.3
tt0011462,tt0012465,0.6
tt0011462,tt0014706,0.8
tt0011462,tt0016894,0.0
tt0011470,tt0002605,-3.4
tt0011470,tt0003724,-3.4
tt0011470,tt0005160,-3.0
tt0011470,tt0012405,-3.7
tt0011470,tt0012920,-4.2
tt0011474,tt0010879,0.7
tt0011474,tt0017119,0.7
tt0011487,tt0002555,0.3
tt0011487,tt0003309,0.6
tt0011487,tt0003630,0.3
tt0011487,tt0003735,-0.4
tt0011487,tt0004199,0.9
tt0011487,tt0004712,-1.3
tt0011487,tt0004847,0.8
tt0011487,tt0004869,0.7
tt0011487,tt0006666,-0.7
tt0011487,tt0006893,0.5
tt0011487,tt0007005,0.3
tt0011487,tt0007012,0.6
tt0011487,tt0007765,0.9
tt0011487,tt0007910,-1.6
tt0011487,tt0007984,0.9
tt0011487,tt0008039,0.8
tt0011487,tt0008558,0.7
tt0011487,tt0008658,0.8
tt0011487,tt0008725,-0.9
tt0011487,tt0008806,0.8
tt0011487,tt0008810,0.6
tt0011487,tt0008826,-0.8
tt0011487,tt0009322,0.9
tt0011487,tt0009419,-0.2
tt0011487,tt0009622,0.5
tt0011487,tt0009754,0.6
tt0011487,tt0009771,0.2
tt0011487,tt0009853,-0.5
tt0011487,tt0010337,0.8
tt0011487,tt0010358,-0.9
tt0011487,tt0011011,-0.0
tt0011487,tt0011137,0.2
tt0011487,tt0012192,-0.3
tt0011487,tt0012365,-0.3
tt0011487,tt0013619,-1.0
tt0011487,tt0014171,0.2
tt0011487,tt0014191,-0.5
tt0011487,tt0015339,-0.9
tt0011487,tt0016384,-0.9
tt0011487,tt0016850,-0.9
tt0011487,tt0016930,0.1
tt0011487,tt0017462,-0.1
tt0011487,tt0017805,0.9
tt0011487,tt0017946,-0.5
tt0011487,tt0018159,-0.7
tt0011495,tt0004272,-1.1
tt0011495,tt0005005,-0.7
tt0011495,tt0006339,0.8
tt0011495,tt0008353,0.2
tt0011495,tt0008476,-1.4
tt0011495,tt0008978,0.4
tt0011495,tt0013225,0.5
tt0011495,tt0016214,0.3
tt0011495,tt0016237,-0.3
tt0011495,tt0017218,0.0
tt0011495,tt0018740,0.4
tt0011499,tt0006108,0.4
tt0011499,tt0012364,0.3
tt0011499,tt0013452,0.7
tt0011499,tt0014972,0.6
tt0011499,tt0016446,0.7
tt0011499,tt0017350,0.7
tt0011502,tt0003632,0.6
tt0011502,tt0007983,0.6
tt0011502,tt0010323,-1.3
tt0011502,tt0011221,0.8
tt0011502,tt0014146,0.5
tt0011502,tt0014397,0.0
tt0011502,tt0015202,-0.3
tt0011502,tt0017338,0.7
tt0011513,tt0009900,0.5
tt0011520,tt0011435,-1.6
tt0011520,tt0012017,-2.3
tt0011522,tt0006358,0.1
tt0011522,tt0009209,0.5
tt0011522,tt0009879,0.2
tt0011522,tt0009987,0.9
tt0011522,tt0011721,0.6
tt0011522,tt0012476,0.9
tt0011525,tt0011369,-1.1
tt0011525,tt0016240,0.7
tt0011533,tt0002594,0.3
tt0011533,tt0004731,0.7
tt0011533,tt0007100,-0.6
tt0011533,tt0010680,0.6
tt0011549,tt0008720,-1.0
tt0011549,tt0010651,-2.1
tt0011549,tt0018221,-0.3
tt0011549,tt0018465,0.7
tt0011575,tt0011007,0.9
tt0011575,tt0011966,-0.5
tt0011575,tt0015638,0.8
tt0011575,tt0015816,0.7
tt0011575,tt0017009,0.9
tt0011577,tt0003897,0.2
tt0011577,tt0005974,-0.5
tt0011577,tt0006867,0.2
tt0011577,tt0007932,0.1
tt0011577,tt0009204,-0.4
tt0011577,tt0009936,0.3
tt0011577,tt0010357,0.1
tt0011577,tt0011816,0.5
tt0011577,tt0012298,-0.2
tt0011577,tt0014365,-2.2
tt0011577,tt0014927,-1.3
tt0011577,tt0015015,0.4
tt0011577,tt0016480,-0.5
tt0011577,tt0016534,-0.2
tt0011577,tt0016989,0.2
tt0011577,tt0017060,0.3
tt0011577,tt0017246,0.4
tt0011577,tt0017687,-0.3
tt0011577,tt0018771,-1.4
tt0011577,tt0018797,-0.1
tt0011587,tt0016338,-0.7
tt0011588,tt0005621,0.6
tt0011588,tt0006299,-0.9
tt0011588,tt0011079,0.6
tt0011588,tt0012087,0.3
tt0011588,tt0012492,0.8
tt0011588,tt0014051,0.2
tt0011598,tt0017184,0.3
tt0011603,tt0007755,-1.9
tt0011603,tt0008271,0.2
tt0011603,tt0008551,-0.6
tt0011603,tt0008634,-2.2
tt0011603,tt0008978,-1.1
tt0011603,tt0009153,-1.8
tt0011603,tt0009494,0.0
tt0011603,tt0009580,-1.1
tt0011603,tt0009690,0.2
tt0011603,tt0009696,0.2
tt0011603,tt0009811,-0.1
tt0011603,tt0009837,0.3
tt0011603,tt0009859,-0.4
tt0011603,tt0009903,0.4
tt0011603,tt0010119,0.0
tt0011603,tt0010198,-0.5
tt0011603,tt0010438,-0.6
tt0011603,tt0010544,0.0
tt0011603,tt0010628,0.0
tt0011603,tt0010629,0.7
tt0011603,tt0010640,0.6
tt0011603,tt0011298,-0.6
tt0011603,tt0011358,-2.3
tt0011603,tt0011906,-0.6
tt0011603,tt0011968,-0.1
tt0011603,tt0012102,0.3
tt0011603,tt0012194,0.4
tt0011603,tt0012328,-0.7
tt0011603,tt0012734,0.1
tt0011603,tt0012818,0.3
tt0011603,tt0013321,0.7
tt0011603,tt0013603,0.4
tt0011603,tt0013735,-1.2
tt0011603,tt0013909,-1.5
tt0011603,tt0014031,0.9
tt0011603,tt0014321,-1.6
tt0011603,tt0014539,0.2
tt0011603,tt0014977,0.7
tt0011603,tt0014999,0.2
tt0011603,tt0015811,0.9
tt0011603,tt0015973,-2.0
tt0011603,tt0016022,-1.8
tt0011603,tt0016417,-0.1
tt0011603,tt0016664,-1.5
tt0011603,tt0017374,-2.0
tt0011603,tt0017463,-3.3
tt0011603,tt0018530,-2.0
tt0011603,tt0018909,-3.0
tt0011612,tt0001790,0.8
tt0011612,tt0002898,-0.2
tt0011612,tt0005049,0.2
tt0011612,tt0005295,0.4
tt0011612,tt0005537,0.4
tt0011612,tt0006456,-0.2
tt0011612,tt0006670,-0.2
tt0011612,tt0007963,-0.7
tt0011612,tt0009205,-0.7
tt0011612,tt0009720,-0.4
tt0011612,tt0010616,0.2
tt0011612,tt0011205,-0.4
tt0011612,tt0011294,-0.3
tt0011612,tt0012745,0.2
tt0011617,tt0006011,-0.1
tt0011617,tt0007702,0.2
tt0011617,tt0009011,0.7
tt0011617,tt0009677,-0.4
tt0011617,tt0009878,-0.1
tt0011617,tt0010622,-0.1
tt0011617,tt0010821,0.5
tt0011617,tt0012386,-0.3
tt0011617,tt0013342,0.4
tt0011617,tt0014762,0.2
tt0011617,tt0016814,-0.1
tt0011617,tt0018739,0.5
tt0011623,tt0009159,-0.4
tt0011623,tt0009929,-0.2
tt0011623,tt0010060,0.7
tt0011623,tt0010964,-0.8
tt0011623,tt0011738,0.1
tt0011623,tt0014164,-0.2
tt0011623,tt0014774,0.8
tt0011623,tt0015104,0.9
tt0011623,tt0017526,0.6
tt0011623,tt0018749,0.3
tt0011623,tt0018893,-0.9
tt0011624,tt0009561,0.3
tt0011626,tt0005883,-1.0
tt0011626,tt0012096,0.3
tt0011626,tt0012350,-0.9
tt0011626,tt0014229,-0.1
tt0011626,tt0014439,-1.8
tt0011626,tt0014563,-0.2
tt0011626,tt0016300,-0.4
tt0011626,tt0016690,-0.2
tt0011626,tt0018513,0.2
tt0011626,tt0018638,-0.6
tt0011626,tt0018722,0.3
tt0011637,tt0003897,0.1
tt0011637,tt0005974,-0.6
tt0011637,tt0006867,0.1
tt0011637,tt0007932,0.0
tt0011637,tt0009204,-0.5
tt0011637,tt0009936,0.2
tt0011637,tt0010357,0.0
tt0011637,tt0011577,0.9
tt0011637,tt0011816,0.4
tt0011637,tt0012298,-0.3
tt0011637,tt0014365,-2.3
tt0011637,tt0014927,-1.4
tt0011637,tt0015015,0.3
tt0011637,tt0016480,-0.6
tt0011637,tt0016534,-0.3
tt0011637,tt0016989,0.1
tt0011637,tt0017060,0.2
tt0011637,tt0017246,0.3
tt0011637,tt0017687,-0.4
tt0011637,tt0018771,-1.5
tt0011637,tt0018797,-0.2
tt0011641,tt0002423,0.6
tt0011641,tt0009893,0.1
tt0011641,tt0010281,0.5
tt0011641,tt0010600,-0.1
tt0011641,tt0010962,0.8
tt0011641,tt0011371,0.8
tt0011641,tt0011960,0.4
tt0011641,tt0013741,0.8
tt0011641,tt0014416,0.8
tt0011641,tt0015119,0.3
tt0011641,tt0015409,0.9
tt0011641,tt0016004,0.1
tt0011641,tt0017409,0.2
tt0011641,tt0018451,-0.2
tt0011647,tt0003686,0.9
tt0011647,tt0005535,-0.2
tt0011647,tt0007462,0.7
tt0011647,tt0009666,0.7
tt0011647,tt0012675,0.9
tt0011647,tt0013404,0.7
tt0011647,tt0018137,-0.6
tt0011651,tt0008362,0.6
tt0011651,tt0009550,0.8
tt0011651,tt0013606,0.7
tt0011652,tt0004337,-0.9
tt0011652,tt0004937,0.3
tt0011652,tt0005423,0.3
tt0011652,tt0006037,-0.5
tt0011652,tt0011738,0.2
tt0011652,tt0014570,0.4
tt0011652,tt0015662,0.9
tt0011654,tt0011348,0.5
tt0011654,tt0011676,0.7
tt0011654,tt0012973,0.8
tt0011654,tt0013442,-0.1
tt0011654,tt0015064,-0.3
tt0011654,tt0016847,-0.4
tt0011654,tt0017448,0.6
tt0011654,tt0018455,-0.4
tt0011667,tt0008919,0.6
tt0011667,tt0010795,0.1
tt0011667,tt0011980,-0.1
tt0011667,tt0013425,0.6
tt0011667,tt0015738,-0.2
tt0011667,tt0016237,0.9
tt0011667,tt0016328,0.2
tt0011667,tt0016438,0.3
tt0011676,tt0011348,0.8
tt0011676,tt0013442,0.2
tt0011676,tt0015064,0.0
tt0011676,tt0016847,-0.1
tt0011676,tt0017448,0.9
tt0011676,tt0018455,-0.1
tt0011679,tt0009354,0.1
tt0011679,tt0009789,0.6
tt0011679,tt0010215,0.1
tt0011679,tt0011170,0.8
tt0011679,tt0011257,0.7
tt0011679,tt0011439,-0.3
tt0011679,tt0011877,0.6
tt0011679,tt0012752,-0.2
tt0011679,tt0012952,0.4
tt0011679,tt0015268,-0.5
tt0011679,tt0015413,0.4
tt0011679,tt0016641,-1.1
tt0011679,tt0017449,-0.2
tt0011679,tt0017850,-0.8
tt0011689,tt0006434,0.5
tt0011689,tt0006495,0.4
tt0011689,tt0007959,-0.3
tt0011689,tt0012068,-0.8
tt0011689,tt0012190,-1.1
tt0011689,tt0013515,-0.8
tt0011689,tt0013710,-1.6
tt0011689,tt0013716,-0.5
tt0011689,tt0014440,-1.1
tt0011689,tt0014679,-0.1
tt0011689,tt0017103,-0.8
tt0011689,tt0017120,-0.8
tt0011689,tt0017917,-0.7
tt0011691,tt0012117,0.4
tt0011691,tt0012238,0.7
tt0011691,tt0012563,0.8
tt0011691,tt0012938,0.2
tt0011691,tt0013229,-0.4
tt0011691,tt0013264,0.9
tt0011691,tt0013877,0.0
tt0011691,tt0014379,0.4
tt0011691,tt0014884,0.9
tt0011691,tt0015140,0.3
tt0011691,tt0016844,-0.4
tt0011691,tt0017233,0.1
tt0011691,tt0018301,-0.9
tt0011691,tt0018338,0.1
tt0011692,tt0005592,0.7
tt0011692,tt0006568,0.2
tt0011692,tt0007539,0.8
tt0011692,tt0007927,-0.5
tt0011692,tt0008201,-0.1
tt0011692,tt0009480,0.7
tt0011692,tt0011952,-1.5
tt0011692,tt0012555,-0.3
tt0011692,tt0012864,0.1
tt0011692,tt0014499,0.2
tt0011692,tt0015224,-0.3
tt0011692,tt0016030,-1.2
tt0011692,tt0016403,0.5
tt0011692,tt0016634,-0.3
tt0011692,tt0016762,0.1
tt0011692,tt0017033,-0.2
tt0011692,tt0018429,0.9
tt0011693,tt0008730,0.5
tt0011693,tt0009063,0.6
tt0011694,tt0012397,0.7
tt0011694,tt0012755,0.7
tt0011694,tt0016307,0.5
tt0011694,tt0016822,0.5
tt0011694,tt0016999,0.6
tt0011695,tt0005561,-0.5
tt0011695,tt0006865,0.9
tt0011695,tt0007000,-0.8
tt0011695,tt0007590,0.9
tt0011695,tt0008305,0.4
tt0011695,tt0010419,0.6
tt0011695,tt0013104,0.7
tt0011695,tt0013450,0.5
tt0011695,tt0013841,0.6
tt0011695,tt0014619,0.6
tt0011695,tt0015310,0.0
tt0011695,tt0016541,0.0
tt0011695,tt0017751,0.6
tt0011695,tt0018622,0.7
tt0011716,tt0003698,0.7
tt0011716,tt0004294,0.2
tt0011716,tt0004792,0.2
tt0011716,tt0005059,0.3
tt0011716,tt0005060,0.5
tt0011716,tt0005402,0.2
tt0011716,tt0005589,0.5
tt0011716,tt0006605,0.2
tt0011716,tt0006770,0.8
tt0011716,tt0007038,0.0
tt0011716,tt0007473,0.7
tt0011716,tt0007857,-0.3
tt0011716,tt0008150,0.4
tt0011716,tt0008519,0.6
tt0011716,tt0008786,0.8
tt0011716,tt0009440,0.6
tt0011716,tt0009781,-0.5
tt0011716,tt0009796,0.1
tt0011716,tt0010071,0.2
tt0011716,tt0010137,0.8
tt0011716,tt0010418,-0.2
tt0011716,tt0011865,0.1
tt0011716,tt0011909,0.2
tt0011716,tt0012181,0.1
tt0011716,tt0012187,0.2
tt0011716,tt0013372,0.5
tt0011716,tt0013574,0.1
tt0011716,tt0014532,0.0
tt0011716,tt0014881,0.2
tt0011716,tt0015433,0.6
tt0011716,tt0015867,-0.2
tt0011716,tt0016294,0.5
tt0011716,tt0017519,0.1
tt0011716,tt0018054,-0.5
tt0011717,tt0009561,0.3
tt0011721,tt0006358,0.5
tt0011721,tt0009209,0.9
tt0011721,tt0009879,0.6
tt0011723,tt0010203,0.2
tt0011723,tt0010726,0.6
tt0011723,tt0012494,-0.5
tt0011723,tt0013086,-0.7
tt0011723,tt0015174,-0.8
tt0011723,tt0015175,-1.0
tt0011723,tt0017136,-1.1
tt0011731,tt0002555,0.3
tt0011731,tt0003309,0.6
tt0011731,tt0003630,0.3
tt0011731,tt0003735,-0.4
tt0011731,tt0004199,0.9
tt0011731,tt0004712,-1.3
tt0011731,tt0004847,0.8
tt0011731,tt0004869,0.7
tt0011731,tt0006666,-0.7
tt0011731,tt0006893,0.5
tt0011731,tt0007005,0.3
tt0011731,tt0007012,0.6
tt0011731,tt0007765,0.9
tt0011731,tt0007910,-1.6
tt0011731,tt0007984,0.9
tt0011731,tt0008039,0.8
tt0011731,tt0008558,0.7
tt0011731,tt0008658,0.8
tt0011731,tt0008725,-0.9
tt0011731,tt0008806,0.8
tt0011731,tt0008810,0.6
tt0011731,tt0008826,-0.8
tt0011731,tt0009322,0.9
tt0011731,tt0009419,-0.2
tt0011731,tt0009622,0.5
tt0011731,tt0009754,0.6
tt0011731,tt0009771,0.2
tt0011731,tt0009853,-0.5
tt0011731,tt0010337,0.8
tt0011731,tt0010358,-0.9
tt0011731,tt0011011,-0.0
tt0011731,tt0011137,0.2
tt0011731,tt0012192,-0.3
tt0011731,tt0012365,-0.3
tt0011731,tt0013619,-1.0
tt0011731,tt0014171,0.2
tt0011731,tt0014191,-0.5
tt0011731,tt0015339,-0.9
tt0011731,tt0016384,-0.9
tt0011731,tt0016850,-0.9
tt0011731,tt0016930,0.1
tt0011731,tt0017462,-0.1
tt0011731,tt0017805,0.9
tt0011731,tt0017946,-0.5
tt0011731,tt0018159,-0.7
tt0011738,tt0004337,-0.1
tt0011738,tt0006037,0.3
tt0011738,tt0009159,0.5
tt0011738,tt0009929,0.7
tt0011738,tt0010964,0.1
tt0011738,tt0014164,0.7
tt0011738,tt0018893,0.0
tt0011739,tt0005061,0.8
tt0011739,tt0005879,-0.9
tt0011739,tt0005960,-1.6
tt0011739,tt0007184,0.3
tt0011739,tt0007325,0.3
tt0011739,tt0007697,0.6
tt0011739,tt0007820,0.8
tt0011739,tt0008117,-0.2
tt0011739,tt0008457,0.2
tt0011739,tt0008671,0.6
tt0011739,tt0009219,0.6
tt0011739,tt0009524,0.2
tt0011739,tt0009832,0.0
tt0011739,tt0010091,0.2
tt0011739,tt0013293,-0.3
tt0011739,tt0015400,-2.5
tt0011739,tt0015776,0.6
tt0011739,tt0016379,0.3
tt0011739,tt0016500,0.2
tt0011739,tt0017089,0.2
tt0011739,tt0017540,-1.6
tt0011739,tt0018118,-0.9
tt0011739,tt0018170,-1.0
tt0011741,tt0008865,0.9
tt0011741,tt0008882,-0.6
tt0011741,tt0010402,0.9
tt0011741,tt0010696,0.4
tt0011741,tt0014045,0.2
tt0011741,tt0015071,0.3
tt0011741,tt0017142,0.5
tt0011742,tt0002423,0.3
tt0011742,tt0009062,0.9
tt0011742,tt0009893,-0.2
tt0011742,tt0010281,0.2
tt0011742,tt0010600,-0.4
tt0011742,tt0010962,0.5
tt0011742,tt0011371,0.5
tt0011742,tt0011641,0.7
tt0011742,tt0011960,0.1
tt0011742,tt0013741,0.5
tt0011742,tt0014416,0.5
tt0011742,tt0015119,0.0
tt0011742,tt0015409,0.6
tt0011742,tt0015979,0.7
tt0011742,tt0016004,-0.2
tt0011742,tt0017409,-0.1
tt0011742,tt0018451,-0.5
tt0011753,tt0010635,0.7
tt0011753,tt0010835,0.0
tt0011753,tt0010929,-0.7
tt0011753,tt0012077,-0.4
tt0011753,tt0012114,0.2
tt0011753,tt0012202,-0.5
tt0011753,tt0012382,0.3
tt0011753,tt0013459,0.4
tt0011753,tt0013951,-0.2
tt0011753,tt0014137,-0.4
tt0011753,tt0014423,0.6
tt0011753,tt0014892,0.2
tt0011753,tt0015612,0.5
tt0011753,tt0016235,0.5
tt0011753,tt0016497,0.5
tt0011753,tt0017117,-0.4
tt0011753,tt0017226,-0.5
tt0011753,tt0017755,0.5
tt0011753,tt0018870,0.9
tt0011756,tt0008362,0.1
tt0011756,tt0009550,0.3
tt0011756,tt0010853,0.8
tt0011756,tt0011651,0.5
tt0011756,tt0012754,0.8
tt0011756,tt0013606,0.2
tt0011756,tt0014503,0.6
tt0011756,tt0018548,0.9
tt0011758,tt0007270,-1.4
tt0011758,tt0008814,-1.0
tt0011758,tt0009053,-0.4
tt0011758,tt0009972,0.0
tt0011758,tt0011036,-0.2
tt0011758,tt0012775,0.8
tt0011758,tt0013284,-0.6
tt0011758,tt0013607,0.1
tt0011758,tt0015770,-0.1
tt0011758,tt0016259,0.3
tt0011758,tt0016288,-0.1
tt0011758,tt0016693,-0.1
tt0011758,tt0016724,0.2
tt0011758,tt0017112,-0.2
tt0011761,tt0004939,-2.0
tt0011761,tt0014160,0.4
tt0011761,tt0014673,0.6
tt0011761,tt0015053,-0.3
tt0011761,tt0015364,-0.7
tt0011761,tt0016751,-1.7
tt0011761,tt0017765,-1.3
tt0011761,tt0018698,0.0
tt0011765,tt0012422,0.9
tt0011765,tt0013301,0.9
tt0011765,tt0015968,0.5
tt0011771,tt0004272,-1.2
tt0011771,tt0005005,-0.8
tt0011771,tt0006339,0.7
tt0011771,tt0008353,0.1
tt0011771,tt0008476,-1.5
tt0011771,tt0008978,0.3
tt0011771,tt0011495,0.9
tt0011771,tt0013225,0.4
tt0011771,tt0016214,0.2
tt0011771,tt0016237,-0.4
tt0011771,tt0017218,-0.1
tt0011771,tt0018740,0.3
tt0011779,tt0007903,0.9
tt0011779,tt0008362,0.0
tt0011779,tt0009550,0.2
tt0011779,tt0010853,0.7
tt0011779,tt0011651,0.4
tt0011779,tt0011756,0.9
tt0011779,tt0012754,0.7
tt0011779,tt0013606,0.1
tt0011779,tt0014463,0.9
tt0011779,tt0014503,0.5
tt0011779,tt0018548,0.8
tt0011785,tt0009020,0.8
tt0011785,tt0014158,0.6
tt0011793,tt0010010,-0.5
tt0011793,tt0011098,-1.0
tt0011793,tt0018454,0.4
tt0011797,tt0013882,0.9
tt0011805,tt0006434,0.0
tt0011805,tt0006495,-0.1
tt0011805,tt0007959,-0.8
tt0011805,tt0011689,0.5
tt0011805,tt0012068,-1.3
tt0011805,tt0012190,-1.6
tt0011805,tt0013515,-1.3
tt0011805,tt0013710,-2.1
tt0011805,tt0013716,-1.0
tt0011805,tt0014440,-1.6
tt0011805,tt0014679,-0.6
tt0011805,tt0017103,-1.3
tt0011805,tt0017120,-1.3
tt0011805,tt0017917,-1.2
tt0011812,tt0004052,-0.8
tt0011812,tt0008491,0.9
tt0011812,tt0009325,0.7
tt0011812,tt0012109,-0.4
tt0011812,tt0013236,0.0
tt0011812,tt0013773,-0.1
tt0011812,tt0014845,0.0
tt0011812,tt0015813,0.6
tt0011812,tt0016213,-1.9
tt0011812,tt0016508,-0.1
tt0011812,tt0016573,0.8
tt0011812,tt0016749,0.4
tt0011812,tt0017080,0.4
tt0011812,tt0017316,-1.3
tt0011812,tt0017325,-0.1
tt0011812,tt0018313,0.2
tt0011812,tt0018464,0.9
tt0011812,tt0018565,-0.5
tt0011816,tt0003897,0.7
tt0011816,tt0005974,0.0
tt0011816,tt0006867,0.7
tt0011816,tt0007932,0.6
tt0011816,tt0009204,0.1
tt0011816,tt0009936,0.8
tt0011816,tt0010357,0.6
tt0011816,tt0012298,0.3
tt0011816,tt0014365,-1.7
tt0011816,tt0014927,-0.8
tt0011816,tt0015015,0.9
tt0011816,tt0016480,0.0
tt0011816,tt0016534,0.3
tt0011816,tt0016989,0.7
tt0011816,tt0017060,0.8
tt0011816,tt0017246,0.9
tt0011816,tt0017687,0.2
tt0011816,tt0018771,-0.9
tt0011816,tt0018797,0.4
tt0011827,tt0011530,0.8
tt0011830,tt0009001,0.1
tt0011830,tt0009284,-0.4
tt0011830,tt0009544,-1.3
tt0011830,tt0010102,0.5
tt0011830,tt0010890,0.2
tt0011830,tt0012538,0.1
tt0011830,tt0013719,0.5
tt0011830,tt0014003,0.0
tt0011830,tt0014606,0.5
tt0011830,tt0016142,0.0
tt0011830,tt0016473,-0.5
tt0011830,tt0016655,-0.1
tt0011830,tt0017329,0.3
tt0011830,tt0018097,-0.1
tt0011830,tt0018397,-0.3
tt0011830,tt0018528,-1.1
tt0011830,tt0018697,-0.2
tt0011837,tt0010203,0.1
tt0011837,tt0010726,0.5
tt0011837,tt0011723,0.9
tt0011837,tt0012494,-0.6
tt0011837,tt0013086,-0.8
tt0011837,tt0015174,-0.9
tt0011837,tt0015175,-1.1
tt0011837,tt0017136,-1.2
tt0011841,tt0006864,0.7
tt0011848,tt0010209,0.3
tt0011848,tt0014211,-1.1
tt0011848,tt0014733,-1.1
tt0011848,tt0018906,0.0
tt0011853,tt0003724,0.9
tt0011853,tt0004630,0.6
tt0011853,tt0005979,-0.1
tt0011853,tt0006128,0.9
tt0011853,tt0006557,0.0
tt0011853,tt0009306,-0.3
tt0011853,tt0012836,0.2
tt0011858,tt0011197,0.2
tt0011858,tt0011459,0.3
tt0011858,tt0012830,-0.1
tt0011858,tt0016733,0.2
tt0011860,tt0006283,-0.2
tt0011860,tt0006932,0.1
tt0011860,tt0008706,0.3
tt0011860,tt0010703,0.2
tt0011860,tt0010729,-0.5
tt0011860,tt0012763,-0.6
tt0011860,tt0013590,0.0
tt0011860,tt0014068,-0.5
tt0011860,tt0014605,-0.4
tt0011860,tt0015289,0.5
tt0011860,tt0016395,-0.8
tt0011860,tt0017567,-0.4
tt0011865,tt0007038,0.9
tt0011865,tt0007857,0.6
tt0011865,tt0009781,0.4
tt0011865,tt0010418,0.7
tt0011865,tt0014532,0.9
tt0011865,tt0015867,0.7
tt0011865,tt0018054,0.4
tt0011870,tt0014717,0.0
tt0011877,tt0009354,0.5
tt0011877,tt0010215,0.5
tt0011877,tt0011439,0.1
tt0011877,tt0012752,0.2
tt0011877,tt0012952,0.8
tt0011877,tt0015268,-0.1
tt0011877,tt0015413,0.8
tt0011877,tt0016641,-0.7
tt0011877,tt0017449,0.2
tt0011877,tt0017850,-0.4
tt0011880,tt0008939,-0.7
tt0011880,tt0008954,-0.4
tt0011880,tt0009527,0.7
tt0011880,tt0018018,0.8
tt0011881,tt0011849,-0.4
tt0011886,tt0018392,0.9
tt0011890,tt0009251,-0.2
tt0011890,tt0011238,0.7
tt0011890,tt0014391,0.7
tt0011898,tt0007992,-0.4
tt0011898,tt0008026,0.9
tt0011898,tt0009989,-0.3
tt0011904,tt0011565,0.5
tt0011904,tt0012814,0.9
tt0011904,tt0014142,0.6
tt0011906,tt0007755,-0.3
tt0011906,tt0008634,-0.6
tt0011906,tt0008978,0.5
tt0011906,tt0009153,-0.2
tt0011906,tt0009580,0.5
tt0011906,tt0011358,-0.7
tt0011906,tt0012328,0.9
tt0011906,tt0013735,0.4
tt0011906,tt0013909,0.1
tt0011906,tt0014321,0.0
tt0011906,tt0015973,-0.4
tt0011906,tt0016022,-0.2
tt0011906,tt0016664,0.1
tt0011906,tt0017374,-0.4
tt0011906,tt0017463,-1.7
tt0011906,tt0018530,-0.4
tt0011906,tt0018909,-1.4
tt0011907,tt0005334,0.7
tt0011907,tt0007514,-0.1
tt0011907,tt0009021,0.9
tt0011907,tt0009176,0.0
tt0011907,tt0009425,-0.4
tt0011907,tt0010020,-0.5
tt0011907,tt0011001,0.0
tt0011907,tt0012317,-1.6
tt0011907,tt0014468,-0.1
tt0011907,tt0014588,-0.5
tt0011907,tt0015831,-0.4
tt0011907,tt0017891,0.6
tt0011907,tt0017998,-1.2
tt0011908,tt0005076,0.0
tt0011908,tt0009682,0.7
tt0011908,tt0010190,0.0
tt0011908,tt0011191,-1.0
tt0011908,tt0012881,0.2
tt0011908,tt0013527,-0.5
tt0011908,tt0014489,0.5
tt0011908,tt0014996,-0.8
tt0011908,tt0016064,0.2
tt0011908,tt0017201,-0.2
tt0011909,tt0007038,0.8
tt0011909,tt0007857,0.5
tt0011909,tt0009781,0.3
tt0011909,tt0009796,0.9
tt0011909,tt0010418,0.6
tt0011909,tt0011865,0.9
tt0011909,tt0012181,0.9
tt0011909,tt0013574,0.9
tt0011909,tt0014532,0.8
tt0011909,tt0015867,0.6
tt0011909,tt0017519,0.9
tt0011909,tt0018054,0.3
tt0011912,tt0006437,-0.3
tt0011912,tt0007998,0.4
tt0011912,tt0011070,0.1
tt0011912,tt0011462,0.8
tt0011912,tt0012465,0.4
tt0011912,tt0014706,0.6
tt0011912,tt0016894,-0.2
tt0011914,tt0014285,0.5
tt0011916,tt0003748,-1.0
tt0011916,tt0009492,-0.3
tt0011923,tt0010641,0.8
tt0011923,tt0011179,-0.6
tt0011923,tt0013513,0.9
tt0011929,tt0007248,0.9
tt0011929,tt0009118,0.4
tt0011929,tt0013658,0.9
tt0011929,tt0015163,0.5
tt0011929,tt0017586,0.9
tt0011929,tt0017829,0.5
tt0011939,tt0005884,0.7
tt0011939,tt0006043,0.3
tt0011939,tt0009273,-1.1
tt0011939,tt0011093,-1.2
tt0011939,tt0013145,0.5
tt0011939,tt0013391,0.6
tt0011939,tt0013986,0.5
tt0011939,tt0014703,0.6
tt0011939,tt0014950,-1.1
tt0011939,tt0015094,0.5
tt0011939,tt0015602,0.2
tt0011939,tt0015903,0.4
tt0011939,tt0016449,0.8
tt0011939,tt0016916,0.8
tt0011939,tt0017727,0.0
tt0011939,tt0017858,-1.2
tt0011939,tt0017902,0.9
tt0011939,tt0017976,0.5
tt0011939,tt0018438,-0.9
tt0011939,tt0018579,0.6
tt0011944,tt0007248,-1.0
tt0011944,tt0009118,-1.5
tt0011944,tt0010315,-0.9
tt0011944,tt0010719,-0.8
tt0011944,tt0011929,-0.9
tt0011944,tt0011990,-0.9
tt0011944,tt0012591,-0.2
tt0011944,tt0013658,-1.0
tt0011944,tt0014367,0.7
tt0011944,tt0015163,-1.4
tt0011944,tt0015758,-0.7
tt0011944,tt0017441,0.3
tt0011944,tt0017586,-1.0
tt0011944,tt0017829,-1.4
tt0011944,tt0017877,-0.1
tt0011944,tt0018532,-0.6
tt0011944,tt0018792,0.3
tt0011948,tt0013674,0.9
tt0011953,tt0012248,-1.3
tt0011953,tt0013834,-0.1
tt0011953,tt0014141,-1.4
tt0011953,tt0014496,-0.7
tt0011960,tt0009893,0.7
tt0011960,tt0010600,0.5
tt0011960,tt0015119,0.9
tt0011960,tt0016004,0.7
tt0011960,tt0017409,0.8
tt0011960,tt0018451,0.4
tt0011968,tt0007755,-0.8
tt0011968,tt0008551,0.5
tt0011968,tt0008634,-1.1
tt0011968,tt0008978,0.0
tt0011968,tt0009153,-0.7
tt0011968,tt0009580,0.0
tt0011968,tt0009859,0.7
tt0011968,tt0010198,0.6
tt0011968,tt0010438,0.5
tt0011968,tt0011298,0.5
tt0011968,tt0011358,-1.2
tt0011968,tt0011906,0.5
tt0011968,tt0012328,0.4
tt0011968,tt0013735,-0.1
tt0011968,tt0013909,-0.4
tt0011968,tt0014321,-0.5
tt0011968,tt0015973,-0.9
tt0011968,tt0016022,-0.7
tt0011968,tt0016664,-0.4
tt0011968,tt0017374,-0.9
tt0011968,tt0017463,-2.2
tt0011968,tt0018530,-0.9
tt0011968,tt0018909,-1.9
tt0011969,tt0008543,0.0
tt0011972,tt0008196,-0.5
tt0011972,tt0008499,-0.7
tt0011972,tt0008827,-0.6
tt0011972,tt0009326,-0.8
tt0011972,tt0009652,-1.3
tt0011972,tt0010040,-1.0
tt0011972,tt0011117,-0.3
tt0011972,tt0011234,0.4
tt0011972,tt0011925,0.2
tt0011972,tt0012406,-1.4
tt0011972,tt0013490,-1.0
tt0011972,tt0014854,-1.2
tt0011972,tt0016390,-2.3
tt0011972,tt0016981,0.1
tt0011972,tt0017555,-0.4
tt0011972,tt0018074,0.8
tt0011972,tt0018796,-0.8
tt0011973,tt0014759,0.7
tt0011977,tt0008381,-0.8
tt0011977,tt0010587,0.5
tt0011978,tt0012657,0.6
tt0011978,tt0017662,-0.4
tt0011978,tt0018846,0.3
tt0011978,tt0018892,0.9
tt0011979,tt0005556,-0.3
tt0011979,tt0007340,0.7
tt0011979,tt0008041,0.9
tt0011990,tt0007248,0.9
tt0011990,tt0009118,0.4
tt0011990,tt0013658,0.9
tt0011990,tt0015163,0.5
tt0011990,tt0017586,0.9
tt0011990,tt0017829,0.5
tt0011998,tt0014510,0.9
tt0011998,tt0015299,0.3
tt0011998,tt0018266,0.2
tt0012016,tt0003324,0.5
tt0012016,tt0005232,0.0
tt0012016,tt0005811,0.5
tt0012016,tt0008765,0.1
tt0012016,tt0010008,-1.2
tt0012016,tt0015272,0.9
tt0012027,tt0012427,0.6
tt0012028,tt0013592,-3.6
tt0012028,tt0014582,-3.6
tt0012028,tt0014891,-3.0
tt0012028,tt0015284,-3.9
tt0012028,tt0016106,-4.2
tt0012028,tt0016784,-2.5
tt0012034,tt0016778,-0.8
tt0012045,tt0013311,0.9
tt0012045,tt0017132,0.5
tt0012048,tt0011845,0.5
tt0012068,tt0012190,0.7
tt0012068,tt0013710,0.2
tt0012068,tt0014440,0.7
tt0012069,tt0009251,-1.3
tt0012069,tt0009766,0.8
tt0012069,tt0011238,-0.4
tt0012069,tt0011890,-0.1
tt0012069,tt0012322,0.0
tt0012069,tt0014391,-0.4
tt0012069,tt0016094,0.0
tt0012069,tt0016653,0.8
tt0012071,tt0012091,0.0
tt0012071,tt0013661,-0.5
tt0012077,tt0010929,0.7
tt0012077,tt0012202,0.9
tt0012077,tt0017226,0.9
tt0012087,tt0006299,-0.2
tt0012087,tt0014051,0.9
tt0012091,tt0013661,0.5
tt0012092,tt0014174,0.9
tt0012092,tt0015225,0.7
tt0012096,tt0005883,-0.3
tt0012096,tt0012350,-0.2
tt0012096,tt0014229,0.6
tt0012096,tt0014439,-1.1
tt0012096,tt0014563,0.5
tt0012096,tt0016300,0.3
tt0012096,tt0016690,0.5
tt0012096,tt0018513,0.9
tt0012096,tt0018638,0.1
tt0012102,tt0007755,-1.2
tt0012102,tt0008271,0.9
tt0012102,tt0008551,0.1
tt0012102,tt0008634,-1.5
tt0012102,tt0008978,-0.4
tt0012102,tt0009153,-1.1
tt0012102,tt0009494,0.7
tt0012102,tt0009580,-0.4
tt0012102,tt0009690,0.9
tt0012102,tt0009696,0.9
tt0012102,tt0009811,0.6
tt0012102,tt0009859,0.3
tt0012102,tt0010119,0.7
tt0012102,tt0010198,0.2
tt0012102,tt0010438,0.1
tt0012102,tt0010544,0.7
tt0012102,tt0010628,0.7
tt0012102,tt0011298,0.1
tt0012102,tt0011358,-1.6
tt0012102,tt0011906,0.1
tt0012102,tt0011968,0.6
tt0012102,tt0012328,-0.0
tt0012102,tt0012734,0.8
tt0012102,tt0013735,-0.5
tt0012102,tt0013909,-0.8
tt0012102,tt0014321,-0.9
tt0012102,tt0014539,0.9
tt0012102,tt0014999,0.9
tt0012102,tt0015973,-1.3
tt0012102,tt0016022,-1.1
tt0012102,tt0016417,0.6
tt0012102,tt0016664,-0.8
tt0012102,tt0017374,-1.3
tt0012102,tt0017463,-2.6
tt0012102,tt0018530,-1.3
tt0012102,tt0018909,-2.3
tt0012104,tt0008876,0.6
tt0012105,tt0010827,0.0
tt0012107,tt0005716,0.1
tt0012107,tt0007142,-0.1
tt0012107,tt0013451,0.3
tt0012107,tt0016640,0.7
tt0012107,tt0017831,0.8
tt0012114,tt0010835,0.8
tt0012114,tt0010929,0.1
tt0012114,tt0012077,0.4
tt0012114,tt0012202,0.3
tt0012114,tt0013951,0.6
tt0012114,tt0014137,0.4
tt0012114,tt0017117,0.4
tt0012114,tt0017226,0.3
tt0012117,tt0012938,0.8
tt0012117,tt0013229,0.2
tt0012117,tt0013877,0.6
tt0012117,tt0015140,0.9
tt0012117,tt0016844,0.2
tt0012117,tt0017233,0.7
tt0012117,tt0018301,-0.3
tt0012117,tt0018338,0.7
tt0012118,tt0008392,0.8
tt0012118,tt0009273,-1.4
tt0012118,tt0011093,-1.5
tt0012118,tt0011265,0.7
tt0012118,tt0011939,0.7
tt0012118,tt0012875,0.9
tt0012118,tt0013145,0.2
tt0012118,tt0013391,0.3
tt0012118,tt0013759,0.7
tt0012118,tt0013986,0.2
tt0012118,tt0014203,0.7
tt0012118,tt0014283,0.8
tt0012118,tt0014703,0.3
tt0012118,tt0014950,-1.4
tt0012118,tt0014965,0.7
tt0012118,tt0015094,0.2
tt0012118,tt0015501,0.7
tt0012118,tt0015602,-0.1
tt0012118,tt0015746,0.9
tt0012118,tt0015903,0.1
tt0012118,tt0016433,0.7
tt0012118,tt0016449,0.5
tt0012118,tt0016916,0.5
tt0012118,tt0017527,0.7
tt0012118,tt0017727,-0.3
tt0012118,tt0017858,-1.5
tt0012118,tt0017902,0.6
tt0012118,tt0017976,0.2
tt0012118,tt0018438,-1.2
tt0012118,tt0018579,0.3
tt0012122,tt0003167,0.8
tt0012122,tt0003643,0.1
tt0012122,tt0003665,0.2
tt0012122,tt0003890,0.7
tt0012122,tt0004181,0.3
tt0012122,tt0004972,0.4
tt0012122,tt0006864,-1.1
tt0012122,tt0009109,0.2
tt0012122,tt0009130,-0.3
tt0012122,tt0009133,-0.7
tt0012122,tt0009150,0.0
tt0012122,tt0009559,0.3
tt0012122,tt0009968,-0.7
tt0012122,tt0010108,-0.2
tt0012122,tt0010193,0.5
tt0012122,tt0010484,-0.5
tt0012122,tt0010806,-0.4
tt0012122,tt0011415,0.5
tt0012122,tt0011841,-0.8
tt0012122,tt0012532,-0.8
tt0012122,tt0014604,0.4
tt0012122,tt0014672,0.2
tt0012122,tt0015018,-0.3
tt0012122,tt0016308,-0.1
tt0012122,tt0016420,0.5
tt0012122,tt0017419,0.2
tt0012122,tt0018678,0.0
tt0012122,tt0018854,0.9
tt0012134,tt0015014,0.8
tt0012134,tt0015801,0.9
tt0012136,tt0004052,0.4
tt0012136,tt0007326,0.2
tt0012136,tt0010483,-0.1
tt0012136,tt0012728,0.1
tt0012136,tt0012879,-0.9
tt0012136,tt0012928,0.8
tt0012136,tt0013750,0.6
tt0012136,tt0015518,0.9
tt0012159,tt0011173,0.2
tt0012159,tt0012337,-0.3
tt0012159,tt0016691,-0.4
tt0012164,tt0008730,0.5
tt0012164,tt0009063,0.6
tt0012168,tt0012710,0.9
tt0012168,tt0015189,0.7
tt0012168,tt0016806,-0.2
tt0012168,tt0018537,0.8
tt0012168,tt0018888,0.8
tt0012172,tt0003724,-1.0
tt0012172,tt0004630,-1.3
tt0012172,tt0005062,-0.3
tt0012172,tt0005979,-2.0
tt0012172,tt0006128,-1.0
tt0012172,tt0006557,-1.9
tt0012172,tt0007117,-0.8
tt0012172,tt0009306,-2.2
tt0012172,tt0009587,-0.0
tt0012172,tt0011853,-0.9
tt0012172,tt0012836,-1.7
tt0012178,tt0014759,0.7
tt0012181,tt0007038,0.9
tt0012181,tt0007857,0.6
tt0012181,tt0009781,0.4
tt0012181,tt0010418,0.7
tt0012181,tt0014532,0.9
tt0012181,tt0015867,0.7
tt0012181,tt0018054,0.4
tt0012187,tt0007038,0.8
tt0012187,tt0007857,0.5
tt0012187,tt0009781,0.3
tt0012187,tt0009796,0.9
tt0012187,tt0010418,0.6
tt0012187,tt0011865,0.9
tt0012187,tt0012181,0.9
tt0012187,tt0013574,0.9
tt0012187,tt0014532,0.8
tt0012187,tt0015867,0.6
tt0012187,tt0017519,0.9
tt0012187,tt0018054,0.3
tt0012190,tt0013710,0.5
tt0012191,tt0008381,-1.2
tt0012191,tt0010058,0.6
tt0012191,tt0010587,0.1
tt0012191,tt0011977,0.6
tt0012191,tt0012747,0.8
tt0012192,tt0003735,0.9
tt0012192,tt0004712,0.0
tt0012192,tt0006666,0.6
tt0012192,tt0007910,-0.3
tt0012192,tt0008725,0.4
tt0012192,tt0008826,0.5
tt0012192,tt0009853,0.8
tt0012192,tt0010358,0.4
tt0012192,tt0013619,0.3
tt0012192,tt0014191,0.8
tt0012192,tt0015339,0.4
tt0012192,tt0016384,0.4
tt0012192,tt0016850,0.4
tt0012192,tt0017946,0.8
tt0012192,tt0018159,0.6
tt0012194,tt0007755,-1.3
tt0012194,tt0008271,0.8
tt0012194,tt0008551,0.0
tt0012194,tt0008634,-1.6
tt0012194,tt0008978,-0.5
tt0012194,tt0009153,-1.2
tt0012194,tt0009494,0.6
tt0012194,tt0009580,-0.5
tt0012194,tt0009690,0.8
tt0012194,tt0009696,0.8
tt0012194,tt0009811,0.5
tt0012194,tt0009837,0.9
tt0012194,tt0009859,0.2
tt0012194,tt0010119,0.6
tt0012194,tt0010198,0.1
tt0012194,tt0010438,0.0
tt0012194,tt0010544,0.6
tt0012194,tt0010628,0.6
tt0012194,tt0011298,0.0
tt0012194,tt0011358,-1.7
tt0012194,tt0011906,0.0
tt0012194,tt0011968,0.5
tt0012194,tt0012102,0.9
tt0012194,tt0012328,-0.1
tt0012194,tt0012734,0.7
tt0012194,tt0012818,0.9
tt0012194,tt0013735,-0.6
tt0012194,tt0013909,-0.9
tt0012194,tt0014321,-1.0
tt0012194,tt0014539,0.8
tt0012194,tt0014999,0.8
tt0012194,tt0015973,-1.4
tt0012194,tt0016022,-1.2
tt0012194,tt0016417,0.5
tt0012194,tt0016664,-0.9
tt0012194,tt0017374,-1.4
tt0012194,tt0017463,-2.7
tt0012194,tt0018530,-1.4
tt0012194,tt0018909,-2.4
tt0012202,tt0010929,0.8
tt0012205,tt0013830,0.1
tt0012205,tt0016481,-0.1
tt0012227,tt0003657,0.3
tt0012227,tt0005149,0.8
tt0012227,tt0005193,-1.4
tt0012227,tt0006375,0.8
tt0012227,tt0008044,0.2
tt0012227,tt0009960,0.0
tt0012227,tt0010032,0.2
tt0012227,tt0011091,0.8
tt0012227,tt0014024,0.9
tt0012227,tt0016523,-0.3
tt0012227,tt0016880,0.6
tt0012235,tt0017248,0.4
tt0012238,tt0012117,0.7
tt0012238,tt0012938,0.5
tt0012238,tt0013229,-0.1
tt0012238,tt0013877,0.3
tt0012238,tt0014379,0.7
tt0012238,tt0015140,0.6
tt0012238,tt0016844,-0.1
tt0012238,tt0017233,0.4
tt0012238,tt0018301,-0.6
tt0012238,tt0018338,0.4
tt0012248,tt0014141,0.9
tt0012249,tt0015803,0.9
tt0012281,tt0008527,0.3
tt0012281,tt0017739,0.8
tt0012284,tt0017063,0.4
tt0012284,tt0018351,0.6
tt0012284,tt0018882,0.6
tt0012293,tt0008028,0.4
tt0012293,tt0008742,-0.5
tt0012293,tt0013376,0.5
tt0012298,tt0005974,0.7
tt0012298,tt0009204,0.8
tt0012298,tt0014365,-1.0
tt0012298,tt0014927,-0.1
tt0012298,tt0016480,0.7
tt0012298,tt0017687,0.9
tt0012298,tt0018771,-0.2
tt0012305,tt0008217,0.7
tt0012305,tt0009722,-0.7
tt0012322,tt0009251,-0.3
tt0012322,tt0011238,0.6
tt0012322,tt0011890,0.9
tt0012322,tt0014391,0.6
tt0012328,tt0007755,-0.2
tt0012328,tt0008634,-0.5
tt0012328,tt0008978,0.6
tt0012328,tt0009153,-0.1
tt0012328,tt0009580,0.6
tt0012328,tt0011358,-0.6
tt0012328,tt0013735,0.5
tt0012328,tt0013909,0.2
tt0012328,tt0014321,0.1
tt0012328,tt0015973,-0.3
tt0012328,tt0016022,-0.1
tt0012328,tt0016664,0.2
tt0012328,tt0017374,-0.3
tt0012328,tt0017463,-1.6
tt0012328,tt0018530,-0.3
tt0012328,tt0018909,-1.3
tt0012329,tt0012541,0.5
tt0012334,tt0010247,0.7
tt0012334,tt0014108,0.8
tt0012334,tt0014109,0.8
tt0012337,tt0016691,0.9
tt0012342,tt0005903,0.1
tt0012342,tt0006241,-0.4
tt0012342,tt0007183,0.8
tt0012342,tt0008536,0.7
tt0012342,tt0015958,0.8
tt0012342,tt0016559,0.5
tt0012342,tt0017293,0.3
tt0012342,tt0017418,0.5
tt0012342,tt0017748,0.3
tt0012342,tt0018844,0.6
tt0012344,tt0009916,0.4
tt0012345,tt0006505,0.7
tt0012350,tt0005883,0.9
tt0012350,tt0014439,0.1
tt0012358,tt0017905,0.4
tt0012362,tt0010754,0.8
tt0012362,tt0011765,0.6
tt0012362,tt0012422,0.5
tt0012362,tt0013301,0.5
tt0012362,tt0014168,0.8
tt0012362,tt0015968,0.1
tt0012362,tt0016910,0.9
tt0012365,tt0003735,0.9
tt0012365,tt0004712,0.0
tt0012365,tt0006666,0.6
tt0012365,tt0007910,-0.3
tt0012365,tt0008725,0.4
tt0012365,tt0008826,0.5
tt0012365,tt0009853,0.8
tt0012365,tt0010358,0.4
tt0012365,tt0013619,0.3
tt0012365,tt0014191,0.8
tt0012365,tt0015339,0.4
tt0012365,tt0016384,0.4
tt0012365,tt0016850,0.4
tt0012365,tt0017946,0.8
tt0012365,tt0018159,0.6
tt0012366,tt0006040,0.0
tt0012366,tt0006373,0.8
tt0012366,tt0006709,0.8
tt0012366,tt0007021,-0.7
tt0012366,tt0007034,0.6
tt0012366,tt0007094,-0.4
tt0012366,tt0009017,0.4
tt0012368,tt0006011,-0.2
tt0012368,tt0006819,0.9
tt0012368,tt0007702,0.1
tt0012368,tt0009011,0.6
tt0012368,tt0009677,-0.5
tt0012368,tt0009878,-0.2
tt0012368,tt0010622,-0.2
tt0012368,tt0010821,0.4
tt0012368,tt0011617,0.9
tt0012368,tt0012386,-0.4
tt0012368,tt0013342,0.3
tt0012368,tt0014762,0.1
tt0012368,tt0016814,-0.2
tt0012368,tt0018739,0.4
tt0012374,tt0012990,0.4
tt0012380,tt0011898,0.6
tt0012382,tt0010835,0.7
tt0012382,tt0010929,0.0
tt0012382,tt0012077,0.3
tt0012382,tt0012114,0.9
tt0012382,tt0012202,0.2
tt0012382,tt0013951,0.5
tt0012382,tt0014137,0.3
tt0012382,tt0014892,0.9
tt0012382,tt0017117,0.3
tt0012382,tt0017226,0.2
tt0012386,tt0009677,0.9
tt0012397,tt0016307,0.8
tt0012397,tt0016822,0.8
tt0012397,tt0016999,0.9
tt0012405,tt0012920,0.5
tt0012406,tt0016390,0.1
tt0012409,tt0011344,0.7
tt0012409,tt0013488,0.6
tt0012409,tt0014968,0.3
tt0012409,tt0015498,0.5
tt0012409,tt0015500,0.9
tt0012409,tt0015624,-0.7
tt0012409,tt0016627,0.1
tt0012409,tt0016669,0.0
tt0012409,tt0018806,-0.8
tt0012410,tt0013679,0.3
tt0012410,tt0014767,0.3
tt0012410,tt0017619,-0.6
tt0012410,tt0017750,0.6
tt0012422,tt0015968,0.6
tt0012434,tt0010879,-0.9
tt0012434,tt0011474,-0.6
tt0012434,tt0014553,0.9
tt0012434,tt0014782,0.6
tt0012434,tt0016037,0.6
tt0012434,tt0017119,-0.9
tt0012434,tt0018016,-0.4
tt0012434,tt0018613,0.9
tt0012434,tt0018666,0.7
tt0012439,tt0011694,0.9
tt0012439,tt0012397,0.6
tt0012439,tt0012755,0.6
tt0012439,tt0016307,0.4
tt0012439,tt0016822,0.4
tt0012439,tt0016999,0.5
tt0012445,tt0008579,0.4
tt0012445,tt0009145,-0.3
tt0012445,tt0010630,0.2
tt0012445,tt0012980,0.8
tt0012445,tt0013255,0.6
tt0012456,tt0013219,-0.2
tt0012465,tt0006437,0.3
tt0012465,tt0011070,0.7
tt0012465,tt0016894,0.4
tt0012468,tt0011128,0.9
tt0012468,tt0014029,0.5
tt0012468,tt0014522,0.8
tt0012468,tt0017918,0.2
tt0012472,tt0014217,0.9
tt0012476,tt0006358,0.2
tt0012476,tt0009209,0.6
tt0012476,tt0009879,0.3
tt0012476,tt0011721,0.7
tt0012484,tt0014186,0.9
tt0012484,tt0015771,0.8
tt0012490,tt0008919,0.3
tt0012490,tt0011667,0.7
tt0012490,tt0015738,-0.5
tt0012490,tt0016237,0.6
tt0012490,tt0016438,0.0
tt0012490,tt0016867,0.9
tt0012490,tt0017218,0.9
tt0012492,tt0005621,0.8
tt0012492,tt0006299,-0.7
tt0012492,tt0011079,0.8
tt0012492,tt0012087,0.5
tt0012492,tt0014051,0.4
tt0012494,tt0013086,0.8
tt0012494,tt0015174,0.7
tt0012494,tt0015175,0.5
tt0012494,tt0017136,0.4
tt0012514,tt0007903,-0.3
tt0012514,tt0008362,-1.2
tt0012514,tt0009550,-1.0
tt0012514,tt0010314,0.7
tt0012514,tt0010733,0.3
tt0012514,tt0010853,-0.5
tt0012514,tt0011078,0.1
tt0012514,tt0011651,-0.8
tt0012514,tt0011756,-0.3
tt0012514,tt0011779,-0.2
tt0012514,tt0012754,-0.5
tt0012514,tt0012839,-0.2
tt0012514,tt0012843,0.2
tt0012514,tt0013606,-1.1
tt0012514,tt0014463,-0.3
tt0012514,tt0014503,-0.7
tt0012514,tt0014696,-0.2
tt0012514,tt0018548,-0.4
tt0012514,tt0018718,0.9
tt0012515,tt0005061,0.4
tt0012515,tt0005879,-1.3
tt0012515,tt0005960,-2.0
tt0012515,tt0006441,0.6
tt0012515,tt0007184,-0.1
tt0012515,tt0007325,-0.1
tt0012515,tt0007697,0.2
tt0012515,tt0007820,0.4
tt0012515,tt0008117,-0.6
tt0012515,tt0008138,0.8
tt0012515,tt0008457,-0.2
tt0012515,tt0008671,0.2
tt0012515,tt0009219,0.2
tt0012515,tt0009444,0.8
tt0012515,tt0009524,-0.2
tt0012515,tt0009832,-0.4
tt0012515,tt0010091,-0.2
tt0012515,tt0011213,0.8
tt0012515,tt0011739,0.6
tt0012515,tt0013293,-0.7
tt0012515,tt0014213,0.8
tt0012515,tt0015400,-2.9
tt0012515,tt0015776,0.2
tt0012515,tt0016379,-0.1
tt0012515,tt0016500,-0.2
tt0012515,tt0017089,-0.2
tt0012515,tt0017540,-2.0
tt0012515,tt0018118,-1.3
tt0012515,tt0018170,-1.4
tt0012520,tt0006847,0.3
tt0012520,tt0007188,0.3
tt0012520,tt0007867,-1.0
tt0012520,tt0008065,0.8
tt0012520,tt0008541,0.9
tt0012520,tt0008698,0.8
tt0012520,tt0010227,0.1
tt0012520,tt0014915,-0.7
tt0012520,tt0016964,0.3
tt0012529,tt0016703,-0.9
tt0012529,tt0018259,0.2
tt0012529,tt0018382,0.1
tt0012532,tt0006864,0.7
tt0012538,tt0009284,0.5
tt0012538,tt0009544,-0.4
tt0012538,tt0014003,0.9
tt0012538,tt0016142,0.9
tt0012538,tt0016473,0.4
tt0012538,tt0016655,0.8
tt0012538,tt0018097,0.8
tt0012538,tt0018397,0.6
tt0012538,tt0018528,-0.2
tt0012538,tt0018697,0.7
tt0012548,tt0002844,0.6
tt0012548,tt0003037,0.6
tt0012548,tt0003165,0.6
tt0012548,tt0003930,0.7
tt0012548,tt0003952,0.8
tt0012548,tt0006206,0.2
tt0012548,tt0006886,0.3
tt0012548,tt0008371,0.5
tt0012548,tt0009701,0.4
tt0012548,tt0009757,0.5
tt0012548,tt0009905,-0.1
tt0012548,tt0010089,0.4
tt0012548,tt0011110,0.4
tt0012548,tt0013125,0.1
tt0012548,tt0014897,-0.1
tt0012548,tt0015232,0.7
tt0012555,tt0007927,0.8
tt0012555,tt0011952,-0.2
tt0012555,tt0016030,0.1
tt0012562,tt0002973,0.8
tt0012563,tt0012117,0.6
tt0012563,tt0012238,0.9
tt0012563,tt0012938,0.4
tt0012563,tt0013229,-0.2
tt0012563,tt0013877,0.2
tt0012563,tt0014379,0.6
tt0012563,tt0015140,0.5
tt0012563,tt0016844,-0.2
tt0012563,tt0017233,0.3
tt0012563,tt0018301,-0.7
tt0012563,tt0018338,0.3
tt0012565,tt0005392,0.4
tt0012565,tt0008406,0.2
tt0012565,tt0009143,0.4
tt0012565,tt0009400,0.9
tt0012565,tt0010049,-0.2
tt0012565,tt0013556,0.6
tt0012565,tt0014981,0.9
tt0012565,tt0015116,0.9
tt0012565,tt0015349,-0.1
tt0012565,tt0015465,0.3
tt0012565,tt0016394,0.8
tt0012565,tt0017242,0.3
tt0012565,tt0017841,0.5
tt0012591,tt0007248,0.2
tt0012591,tt0009118,-0.3
tt0012591,tt0010315,0.3
tt0012591,tt0010719,0.4
tt0012591,tt0011929,0.3
tt0012591,tt0011990,0.3
tt0012591,tt0013658,0.2
tt0012591,tt0015163,-0.2
tt0012591,tt0015758,0.5
tt0012591,tt0017586,0.2
tt0012591,tt0017829,-0.2
tt0012591,tt0018532,0.6
tt0012600,tt0005367,0.4
tt0012600,tt0007271,0.6
tt0012600,tt0007524,0.9
tt0012600,tt0007769,0.7
tt0012600,tt0008241,0.8
tt0012600,tt0009601,0.2
tt0012600,tt0009637,0.5
tt0012600,tt0011325,0.4
tt0012600,tt0015168,0.8
tt0012619,tt0008028,0.3
tt0012619,tt0008742,-0.6
tt0012619,tt0012293,0.9
tt0012619,tt0013376,0.4
tt0012622,tt0014577,-0.4
tt0012622,tt0016499,-0.4
tt0012622,tt0018155,-1.3
tt0012622,tt0018592,-0.7
tt0012636,tt0018742,0.0
tt0012642,tt0013075,0.7
tt0012642,tt0013201,0.8
tt0012642,tt0014429,-0.3
tt0012642,tt0014611,0.5
tt0012642,tt0014945,0.2
tt0012642,tt0015002,0.7
tt0012642,tt0015841,0.3
tt0012645,tt0014174,0.9
tt0012645,tt0015225,0.7
tt0012650,tt0017248,0.4
tt0012651,tt0010330,0.6
tt0012651,tt0010947,0.6
tt0012651,tt0011217,0.9
tt0012651,tt0011348,-0.1
tt0012651,tt0011654,0.4
tt0012651,tt0011676,0.1
tt0012651,tt0012973,0.2
tt0012651,tt0013373,0.8
tt0012651,tt0013442,-0.7
tt0012651,tt0013496,0.4
tt0012651,tt0014900,0.9
tt0012651,tt0015064,-0.9
tt0012651,tt0016847,-1.0
tt0012651,tt0017448,0.0
tt0012651,tt0018455,-1.0
tt0012657,tt0017662,0.0
tt0012657,tt0018846,0.7
tt0012672,tt0007623,0.1
tt0012672,tt0010847,0.8
tt0012672,tt0012067,-0.1
tt0012672,tt0013402,0.2
tt0012672,tt0015110,0.5
tt0012672,tt0015727,0.3
tt0012672,tt0015775,0.0
tt0012675,tt0005535,-0.1
tt0012675,tt0007462,0.8
tt0012675,tt0009666,0.8
tt0012675,tt0013404,0.8
tt0012675,tt0018137,-0.5
tt0012685,tt0005415,0.9
tt0012685,tt0008622,-0.9
tt0012685,tt0010134,0.7
tt0012685,tt0016524,-0.8
tt0012695,tt0013737,-1.6
tt0012695,tt0013891,-2.8
tt0012699,tt0011172,0.9
tt0012699,tt0011344,0.6
tt0012699,tt0012409,0.9
tt0012699,tt0013488,0.5
tt0012699,tt0014968,0.2
tt0012699,tt0015498,0.4
tt0012699,tt0015500,0.8
tt0012699,tt0015624,-0.8
tt0012699,tt0016627,0.0
tt0012699,tt0016669,-0.1
tt0012699,tt0018806,-0.9
tt0012701,tt0015728,-0.3
tt0012701,tt0017936,0.0
tt0012701,tt0018673,0.2
tt0012706,tt0003657,-0.7
tt0012706,tt0004740,0.6
tt0012706,tt0004838,0.0
tt0012706,tt0004874,0.2
tt0012706,tt0005149,-0.2
tt0012706,tt0005193,-2.4
tt0012706,tt0005832,0.1
tt0012706,tt0006375,-0.2
tt0012706,tt0006517,0.0
tt0012706,tt0008044,-0.8
tt0012706,tt0008951,0.5
tt0012706,tt0009960,-1.0
tt0012706,tt0010032,-0.8
tt0012706,tt0011091,-0.2
tt0012706,tt0012227,0.0
tt0012706,tt0014024,-0.1
tt0012706,tt0016523,-1.3
tt0012706,tt0016880,-0.4
tt0012710,tt0015189,0.8
tt0012710,tt0016806,-0.1
tt0012710,tt0018537,0.9
tt0012710,tt0018888,0.9
tt0012716,tt0010915,0.8
tt0012716,tt0012045,0.8
tt0012716,tt0013311,0.7
tt0012716,tt0017132,0.3
tt0012720,tt0003632,-0.8
tt0012720,tt0007534,0.2
tt0012720,tt0007983,-0.8
tt0012720,tt0010323,-2.7
tt0012720,tt0011221,-0.6
tt0012720,tt0011502,-0.4
tt0012720,tt0013699,0.5
tt0012720,tt0014146,-0.9
tt0012720,tt0014397,-1.4
tt0012720,tt0015202,-1.7
tt0012720,tt0017338,-0.7
tt0012728,tt0010483,0.8
tt0012728,tt0012879,0.0
tt0012734,tt0007755,-1.0
tt0012734,tt0008551,0.3
tt0012734,tt0008634,-1.3
tt0012734,tt0008978,-0.2
tt0012734,tt0009153,-0.9
tt0012734,tt0009494,0.9
tt0012734,tt0009580,-0.2
tt0012734,tt0009811,0.8
tt0012734,tt0009859,0.5
tt0012734,tt0010119,0.9
tt0012734,tt0010198,0.4
tt0012734,tt0010438,0.3
tt0012734,tt0010544,0.9
tt0012734,tt0010628,0.9
tt0012734,tt0011298,0.3
tt0012734,tt0011358,-1.4
tt0012734,tt0011906,0.3
tt0012734,tt0011968,0.8
tt0012734,tt0012328,0.2
tt0012734,tt0013735,-0.3
tt0012734,tt0013909,-0.6
tt0012734,tt0014321,-0.7
tt0012734,tt0015973,-1.1
tt0012734,tt0016022,-0.9
tt0012734,tt0016417,0.8
tt0012734,tt0016664,-0.6
tt0012734,tt0017374,-1.1
tt0012734,tt0017463,-2.4
tt0012734,tt0018530,-1.1
tt0012734,tt0018909,-2.1
tt0012735,tt0010915,0.3
tt0012735,tt0012045,0.3
tt0012735,tt0012716,0.5
tt0012735,tt0013311,0.2
tt0012735,tt0017132,-0.2
tt0012740,tt0014066,-0.2
tt0012740,tt0017027,-0.6
tt0012740,tt0017912,-0.4
tt0012740,tt0018491,-0.4
tt0012745,tt0009720,0.4
tt0012745,tt0011294,0.5
tt0012746,tt0011812,-2.2
tt0012746,tt0012109,-3.6
tt0012746,tt0013773,-3.3
tt0012747,tt0008381,-1.0
tt0012747,tt0010058,0.8
tt0012747,tt0010587,0.3
tt0012747,tt0011977,0.8
tt0012752,tt0011439,0.9
tt0012752,tt0015268,0.7
tt0012752,tt0016641,0.1
tt0012752,tt0017850,0.4
tt0012754,tt0008362,0.3
tt0012754,tt0009550,0.5
tt0012754,tt0011651,0.7
tt0012754,tt0013606,0.4
tt0012754,tt0014503,0.8
tt0012755,tt0016307,0.8
tt0012755,tt0016822,0.8
tt0012755,tt0016999,0.9
tt0012763,tt0016395,0.8
tt0012769,tt0005556,-1.1
tt0012769,tt0006614,0.5
tt0012769,tt0007340,-0.1
tt0012769,tt0008041,0.1
tt0012769,tt0011979,0.2
tt0012769,tt0012827,0.6
tt0012772,tt0006333,-3.5
tt0012772,tt0008028,-4.2
tt0012772,tt0008742,-5.1
tt0012772,tt0012293,-3.6
tt0012772,tt0012619,-3.5
tt0012772,tt0013376,-4.1
tt0012772,tt0013903,-2.4
tt0012772,tt0017863,0.5
tt0012775,tt0007270,-1.2
tt0012775,tt0008814,-0.8
tt0012775,tt0009053,-0.2
tt0012775,tt0009972,0.2
tt0012775,tt0011036,0.0
tt0012775,tt0013284,-0.4
tt0012775,tt0013607,0.3
tt0012775,tt0015770,0.1
tt0012775,tt0016259,0.5
tt0012775,tt0016288,0.1
tt0012775,tt0016693,0.1
tt0012775,tt0016724,0.4
tt0012775,tt0017112,0.0
tt0012794,tt0011045,-0.6
tt0012806,tt0010203,0.0
tt0012806,tt0010248,0.9
tt0012806,tt0010726,0.4
tt0012806,tt0011723,0.8
tt0012806,tt0011837,0.9
tt0012806,tt0012494,-0.7
tt0012806,tt0013086,-0.9
tt0012806,tt0015174,-1.0
tt0012806,tt0015175,-1.2
tt0012806,tt0017136,-1.3
tt0012807,tt0010754,-0.1
tt0012807,tt0011256,0.7
tt0012807,tt0011765,-0.3
tt0012807,tt0012362,0.1
tt0012807,tt0012422,-0.4
tt0012807,tt0013301,-0.4
tt0012807,tt0014144,0.4
tt0012807,tt0014168,-0.1
tt0012807,tt0015233,0.5
tt0012807,tt0015968,-0.8
tt0012807,tt0016910,0.0
tt0012814,tt0011565,0.6
tt0012814,tt0014142,0.7
tt0012818,tt0007755,-1.2
tt0012818,tt0008271,0.9
tt0012818,tt0008551,0.1
tt0012818,tt0008634,-1.5
tt0012818,tt0008978,-0.4
tt0012818,tt0009153,-1.1
tt0012818,tt0009494,0.7
tt0012818,tt0009580,-0.4
tt0012818,tt0009690,0.9
tt0012818,tt0009696,0.9
tt0012818,tt0009811,0.6
tt0012818,tt0009859,0.3
tt0012818,tt0010119,0.7
tt0012818,tt0010198,0.2
tt0012818,tt0010438,0.1
tt0012818,tt0010544,0.7
tt0012818,tt0010628,0.7
tt0012818,tt0011298,0.1
tt0012818,tt0011358,-1.6
tt0012818,tt0011906,0.1
tt0012818,tt0011968,0.6
tt0012818,tt0012328,-0.0
tt0012818,tt0012734,0.8
tt0012818,tt0013735,-0.5
tt0012818,tt0013909,-0.8
tt0012818,tt0014321,-0.9
tt0012818,tt0014539,0.9
tt0012818,tt0014999,0.9
tt0012818,tt0015973,-1.3
tt0012818,tt0016022,-1.1
tt0012818,tt0016417,0.6
tt0012818,tt0016664,-0.8
tt0012818,tt0017374,-1.3
tt0012818,tt0017463,-2.6
tt0012818,tt0018530,-1.3
tt0012818,tt0018909,-2.3
tt0012827,tt0005556,-0.7
tt0012827,tt0006614,0.9
tt0012827,tt0007340,0.3
tt0012827,tt0008041,0.5
tt0012827,tt0011979,0.6
tt0012836,tt0005979,0.7
tt0012836,tt0006557,0.8
tt0012836,tt0009306,0.5
tt0012838,tt0005626,0.5
tt0012838,tt0006703,0.8
tt0012838,tt0006773,0.6
tt0012838,tt0010499,-0.3
tt0012838,tt0010548,-0.6
tt0012838,tt0013978,0.7
tt0012839,tt0007903,0.9
tt0012839,tt0008362,0.0
tt0012839,tt0009550,0.2
tt0012839,tt0010853,0.7
tt0012839,tt0011651,0.4
tt0012839,tt0011756,0.9
tt0012839,tt0012754,0.7
tt0012839,tt0013606,0.1
tt0012839,tt0014463,0.9
tt0012839,tt0014503,0.5
tt0012839,tt0018548,0.8
tt0012843,tt0007903,0.5
tt0012843,tt0008362,-0.4
tt0012843,tt0009550,-0.2
tt0012843,tt0010853,0.3
tt0012843,tt0011078,0.9
tt0012843,tt0011651,0.0
tt0012843,tt0011756,0.5
tt0012843,tt0011779,0.6
tt0012843,tt0012754,0.3
tt0012843,tt0012839,0.6
tt0012843,tt0013606,-0.3
tt0012843,tt0014463,0.5
tt0012843,tt0014503,0.1
tt0012843,tt0014696,0.6
tt0012843,tt0018548,0.4
tt0012855,tt0006358,0.1
tt0012855,tt0009209,0.5
tt0012855,tt0009879,0.2
tt0012855,tt0009987,0.9
tt0012855,tt0011721,0.6
tt0012855,tt0012476,0.9
tt0012856,tt0004369,0.2
tt0012856,tt0005452,0.4
tt0012856,tt0005460,0.6
tt0012856,tt0005716,-0.8
tt0012856,tt0007142,-1.0
tt0012856,tt0009369,0.1
tt0012856,tt0012107,0.1
tt0012856,tt0013380,0.6
tt0012856,tt0013451,-0.6
tt0012856,tt0016469,0.2
tt0012856,tt0016640,-0.2
tt0012856,tt0017831,-0.1
tt0012862,tt0010879,-1.5
tt0012862,tt0011474,-1.2
tt0012862,tt0012434,0.4
tt0012862,tt0013540,0.5
tt0012862,tt0013906,0.8
tt0012862,tt0014553,0.3
tt0012862,tt0014782,0.0
tt0012862,tt0014866,0.9
tt0012862,tt0015542,0.6
tt0012862,tt0015749,0.7
tt0012862,tt0016037,0.0
tt0012862,tt0017119,-1.5
tt0012862,tt0018016,-1.0
tt0012862,tt0018613,0.3
tt0012862,tt0018666,0.1
tt0012864,tt0007927,0.4
tt0012864,tt0008201,0.8
tt0012864,tt0011952,-0.6
tt0012864,tt0012555,0.6
tt0012864,tt0015224,0.6
tt0012864,tt0016030,-0.3
tt0012864,tt0016634,0.6
tt0012864,tt0017033,0.7
tt0012868,tt0013263,0.9
tt0012875,tt0008392,0.9
tt0012875,tt0009273,-1.3
tt0012875,tt0011093,-1.4
tt0012875,tt0011265,0.8
tt0012875,tt0011939,0.8
tt0012875,tt0013145,0.3
tt0012875,tt0013391,0.4
tt0012875,tt0013759,0.8
tt0012875,tt0013986,0.3
tt0012875,tt0014203,0.8
tt0012875,tt0014283,0.9
tt0012875,tt0014703,0.4
tt0012875,tt0014950,-1.3
tt0012875,tt0014965,0.8
tt0012875,tt0015094,0.3
tt0012875,tt0015501,0.8
tt0012875,tt0015602,0.0
tt0012875,tt0015903,0.2
tt0012875,tt0016433,0.8
tt0012875,tt0016449,0.6
tt0012875,tt0016916,0.6
tt0012875,tt0017527,0.8
tt0012875,tt0017727,-0.2
tt0012875,tt0017858,-1.4
tt0012875,tt0017902,0.7
tt0012875,tt0017976,0.3
tt0012875,tt0018438,-1.1
tt0012875,tt0018579,0.4
tt0012877,tt0013802,-0.3
tt0012877,tt0014644,0.0
tt0012877,tt0015644,-0.4
tt0012877,tt0015902,-0.1
tt0012877,tt0016833,0.1
tt0012877,tt0018450,-1.9
tt0012881,tt0010190,0.8
tt0012881,tt0011191,-0.2
tt0012881,tt0013527,0.3
tt0012885,tt0002094,0.7
tt0012885,tt0006715,0.0
tt0012885,tt0014776,-0.3
tt0012890,tt0016834,0.0
tt0012891,tt0007903,-0.6
tt0012891,tt0008362,-1.5
tt0012891,tt0009550,-1.3
tt0012891,tt0010314,0.4
tt0012891,tt0010733,0.0
tt0012891,tt0010853,-0.8
tt0012891,tt0011078,-0.2
tt0012891,tt0011651,-1.1
tt0012891,tt0011756,-0.6
tt0012891,tt0011779,-0.5
tt0012891,tt0012514,0.7
tt0012891,tt0012754,-0.8
tt0012891,tt0012839,-0.5
tt0012891,tt0012843,-0.1
tt0012891,tt0013606,-1.4
tt0012891,tt0014463,-0.6
tt0012891,tt0014503,-1.0
tt0012891,tt0014696,-0.5
tt0012891,tt0018548,-0.7
tt0012891,tt0018718,0.6
tt0012894,tt0013833,0.7
tt0012894,tt0015907,0.4
tt0012894,tt0016843,-0.4
tt0012898,tt0010879,-2.3
tt0012898,tt0011474,-2.0
tt0012898,tt0012434,-0.4
tt0012898,tt0012862,0.2
tt0012898,tt0013051,0.7
tt0012898,tt0013303,0.7
tt0012898,tt0013540,-0.3
tt0012898,tt0013906,0.0
tt0012898,tt0014553,-0.5
tt0012898,tt0014782,-0.8
tt0012898,tt0014866,0.1
tt0012898,tt0015542,-0.2
tt0012898,tt0015749,-0.1
tt0012898,tt0016037,-0.8
tt0012898,tt0016374,0.6
tt0012898,tt0016658,0.6
tt0012898,tt0017119,-2.3
tt0012898,tt0018016,-1.8
tt0012898,tt0018613,-0.5
tt0012898,tt0018666,-0.7
tt0012917,tt0006907,0.6
tt0012917,tt0014322,0.7
tt0012917,tt0016013,0.4
tt0012917,tt0016875,0.2
tt0012917,tt0018379,0.1
tt0012926,tt0015494,0.9
tt0012928,tt0004052,0.6
tt0012928,tt0007326,0.4
tt0012928,tt0010483,0.1
tt0012928,tt0012728,0.3
tt0012928,tt0012879,-0.7
tt0012928,tt0013750,0.8
tt0012933,tt0015981,-0.1
tt0012937,tt0002305,-0.6
tt0012937,tt0004223,0.8
tt0012937,tt0004854,0.8
tt0012937,tt0006688,0.6
tt0012937,tt0007368,0.7
tt0012937,tt0018646,-0.3
tt0012938,tt0013229,0.4
tt0012938,tt0013877,0.8
tt0012938,tt0016844,0.4
tt0012938,tt0017233,0.9
tt0012938,tt0018301,-0.1
tt0012938,tt0018338,0.9
tt0012949,tt0011565,0.2
tt0012949,tt0011904,0.7
tt0012949,tt0012814,0.6
tt0012949,tt0014142,0.3
tt0012952,tt0009354,0.7
tt0012952,tt0010215,0.7
tt0012952,tt0011439,0.3
tt0012952,tt0012752,0.4
tt0012952,tt0015268,0.1
tt0012952,tt0016641,-0.5
tt0012952,tt0017449,0.4
tt0012952,tt0017850,-0.2
tt0012960,tt0012877,-1.7
tt0012960,tt0013802,-3.0
tt0012960,tt0014644,-2.7
tt0012960,tt0015644,-3.1
tt0012960,tt0015902,-2.8
tt0012960,tt0016833,-2.6
tt0012960,tt0017760,-1.3
tt0012960,tt0018450,-4.6
tt0012961,tt0010010,-4.4
tt0012961,tt0011098,-4.9
tt0012961,tt0011793,-2.9
tt0012961,tt0018454,-3.5
tt0012961,tt0018778,-2.3
tt0012966,tt0008000,0.3
tt0012966,tt0008168,0.8
tt0012966,tt0008287,0.3
tt0012966,tt0008392,0.1
tt0012966,tt0008495,0.6
tt0012966,tt0009273,-2.1
tt0012966,tt0011093,-2.2
tt0012966,tt0011265,0.0
tt0012966,tt0011939,0.0
tt0012966,tt0012118,0.3
tt0012966,tt0012875,0.2
tt0012966,tt0013145,-0.5
tt0012966,tt0013391,-0.4
tt0012966,tt0013759,0.0
tt0012966,tt0013986,-0.5
tt0012966,tt0014203,0.0
tt0012966,tt0014283,0.1
tt0012966,tt0014703,-0.4
tt0012966,tt0014950,-2.1
tt0012966,tt0014965,0.0
tt0012966,tt0015094,-0.5
tt0012966,tt0015501,0.0
tt0012966,tt0015602,-0.8
tt0012966,tt0015746,0.2
tt0012966,tt0015903,-0.6
tt0012966,tt0016266,0.3
tt0012966,tt0016433,0.0
tt0012966,tt0016449,-0.2
tt0012966,tt0016916,-0.2
tt0012966,tt0017527,0.0
tt0012966,tt0017727,-1.0
tt0012966,tt0017858,-2.2
tt0012966,tt0017902,-0.1
tt0012966,tt0017976,-0.5
tt0012966,tt0018438,-1.9
tt0012966,tt0018579,-0.4
tt0012973,tt0011348,0.7
tt0012973,tt0011676,0.9
tt0012973,tt0013442,0.1
tt0012973,tt0015064,-0.1
tt0012973,tt0016847,-0.2
tt0012973,tt0017448,0.8
tt0012973,tt0018455,-0.2
tt0012975,tt0015739,0.4
tt0012980,tt0008579,0.6
tt0012980,tt0009145,-0.1
tt0012980,tt0010630,0.4
tt0012980,tt0013255,0.8
tt0012997,tt0016921,-0.4
tt0012997,tt0017518,0.1
tt0012997,tt0018571,0.2
tt0012998,tt0004052,-2.5
tt0012998,tt0006586,-2.9
tt0012998,tt0008491,-0.8
tt0012998,tt0009325,-1.0
tt0012998,tt0010386,-1.9
tt0012998,tt0010446,-1.6
tt0012998,tt0011812,-0.7
tt0012998,tt0013236,-1.7
tt0012998,tt0013367,-1.0
tt0012998,tt0013491,-0.4
tt0012998,tt0014845,-1.7
tt0012998,tt0015813,-1.1
tt0012998,tt0016031,-2.3
tt0012998,tt0016061,-1.0
tt0012998,tt0016213,-3.6
tt0012998,tt0016508,-1.8
tt0012998,tt0016573,-0.9
tt0012998,tt0016749,-1.3
tt0012998,tt0017080,-1.3
tt0012998,tt0017316,-3.0
tt0012998,tt0017325,-1.8
tt0012998,tt0017327,-0.5
tt0012998,tt0017504,-0.5
tt0012998,tt0018313,-1.5
tt0012998,tt0018464,-0.8
tt0012998,tt0018565,-2.2
tt0012998,tt0018621,-2.4
tt0012998,tt0018767,0.7
tt0012998,tt0018831,-0.5
tt0012999,tt0012890,0.0
tt0012999,tt0013962,0.3
tt0012999,tt0015533,0.0
tt0012999,tt0016834,-1.0
tt0012999,tt0017266,0.6
tt0013000,tt0006463,-1.5
tt0013000,tt0007272,-0.8
tt0013000,tt0014989,0.4
tt0013022,tt0011694,0.9
tt0013022,tt0012397,0.6
tt0013022,tt0012755,0.6
tt0013022,tt0016307,0.4
tt0013022,tt0016822,0.4
tt0013022,tt0016999,0.5
tt0013024,tt0010534,0.7
tt0013024,tt0011172,-0.2
tt0013024,tt0011344,-0.5
tt0013024,tt0012409,-0.2
tt0013024,tt0012699,-0.1
tt0013024,tt0013091,0.6
tt0013024,tt0013488,-0.6
tt0013024,tt0013535,0.1
tt0013024,tt0014542,0.5
tt0013024,tt0014968,-0.9
tt0013024,tt0014991,0.7
tt0013024,tt0015498,-0.7
tt0013024,tt0015500,-0.3
tt0013024,tt0015624,-1.9
tt0013024,tt0016251,0.9
tt0013024,tt0016530,0.4
tt0013024,tt0016627,-1.1
tt0013024,tt0016669,-1.2
tt0013024,tt0018806,-2.0
tt0013033,tt0016491,0.4
tt0013034,tt0005621,-3.4
tt0013034,tt0006299,-4.9
tt0013034,tt0006933,-2.6
tt0013034,tt0007047,-2.9
tt0013034,tt0007061,-1.2
tt0013034,tt0007587,-0.8
tt0013034,tt0007699,-1.8
tt0013034,tt0008010,-2.8
tt0013034,tt0008539,-1.7
tt0013034,tt0008822,-2.7
tt0013034,tt0009257,-2.6
tt0013034,tt0010425,-1.8
tt0013034,tt0011079,-3.4
tt0013034,tt0011588,-3.0
tt0013034,tt0012087,-3.7
tt0013034,tt0012492,-3.2
tt0013034,tt0014051,-3.8
tt0013034,tt0015589,-2.1
tt0013034,tt0017212,-2.7
tt0013034,tt0017796,-2.7
tt0013051,tt0010879,-2.0
tt0013051,tt0011474,-1.7
tt0013051,tt0012434,-0.1
tt0013051,tt0012862,0.5
tt0013051,tt0013540,0.0
tt0013051,tt0013906,0.3
tt0013051,tt0014553,-0.2
tt0013051,tt0014782,-0.5
tt0013051,tt0014866,0.4
tt0013051,tt0015542,0.1
tt0013051,tt0015749,0.2
tt0013051,tt0016037,-0.5
tt0013051,tt0016374,0.9
tt0013051,tt0016658,0.9
tt0013051,tt0017119,-2.0
tt0013051,tt0018016,-1.5
tt0013051,tt0018613,-0.2
tt0013051,tt0018666,-0.4
tt0013059,tt0010598,0.7
tt0013059,tt0011000,0.7
tt0013059,tt0011607,0.2
tt0013059,tt0013169,0.8
tt0013059,tt0015136,0.2
tt0013059,tt0015768,0.3
tt0013059,tt0015861,0.7
tt0013064,tt0010641,-0.6
tt0013064,tt0010978,0.3
tt0013064,tt0011179,-2.0
tt0013064,tt0011923,-0.4
tt0013064,tt0013513,-0.5
tt0013071,tt0010219,-1.5
tt0013071,tt0010393,0.3
tt0013071,tt0010635,-2.0
tt0013071,tt0010835,-2.7
tt0013071,tt0010929,-3.4
tt0013071,tt0011753,-1.7
tt0013071,tt0012077,-3.1
tt0013071,tt0012114,-2.5
tt0013071,tt0012202,-3.2
tt0013071,tt0012382,-2.4
tt0013071,tt0013449,-1.5
tt0013071,tt0013459,-2.3
tt0013071,tt0013951,-2.9
tt0013071,tt0014137,-3.1
tt0013071,tt0014423,-2.1
tt0013071,tt0014552,0.9
tt0013071,tt0014777,-1.5
tt0013071,tt0014892,-2.5
tt0013071,tt0015131,-1.5
tt0013071,tt0015612,-2.2
tt0013071,tt0016235,-2.2
tt0013071,tt0016497,-2.2
tt0013071,tt0017117,-3.1
tt0013071,tt0017226,-3.2
tt0013071,tt0017755,-2.2
tt0013071,tt0018870,-1.8
tt0013075,tt0014429,0.0
tt0013075,tt0014611,0.8
tt0013075,tt0014945,0.5
tt0013075,tt0015841,0.6
tt0013076,tt0011738,-0.2
tt0013076,tt0013571,0.1
tt0013084,tt0016205,0.9
tt0013084,tt0017307,0.9
tt0013084,tt0018033,0.7
tt0013085,tt0007952,0.8
tt0013085,tt0015471,-0.5
tt0013085,tt0018597,-1.5
tt0013086,tt0015174,0.9
tt0013086,tt0015175,0.7
tt0013086,tt0017136,0.6
tt0013091,tt0011172,0.2
tt0013091,tt0011344,-0.1
tt0013091,tt0012409,0.2
tt0013091,tt0012699,0.3
tt0013091,tt0013488,-0.2
tt0013091,tt0013535,0.5
tt0013091,tt0014542,0.9
tt0013091,tt0014968,-0.5
tt0013091,tt0015498,-0.3
tt0013091,tt0015500,0.1
tt0013091,tt0015624,-1.5
tt0013091,tt0016530,0.8
tt0013091,tt0016627,-0.7
tt0013091,tt0016669,-0.8
tt0013091,tt0018806,-1.6
tt0013095,tt0003686,-1.0
tt0013095,tt0005535,-2.1
tt0013095,tt0005847,-0.7
tt0013095,tt0006327,-0.6
tt0013095,tt0007462,-1.2
tt0013095,tt0008361,0.6
tt0013095,tt0009666,-1.2
tt0013095,tt0011647,-0.9
tt0013095,tt0012675,-1.0
tt0013095,tt0013404,-1.2
tt0013095,tt0016878,-0.2
tt0013095,tt0016927,-0.8
tt0013095,tt0018137,-2.5
tt0013104,tt0005561,-0.2
tt0013104,tt0007000,-0.5
tt0013104,tt0008305,0.7
tt0013104,tt0010419,0.9
tt0013104,tt0013450,0.8
tt0013104,tt0013841,0.9
tt0013104,tt0014619,0.9
tt0013104,tt0015310,0.3
tt0013104,tt0016541,0.3
tt0013104,tt0017751,0.9
tt0013107,tt0012997,0.1
tt0013107,tt0016430,0.1
tt0013107,tt0016921,-1.3
tt0013107,tt0017518,-0.8
tt0013107,tt0018389,0.6
tt0013107,tt0018571,-0.7
tt0013109,tt0007645,-0.2
tt0013109,tt0008159,0.4
tt0013109,tt0011193,0.6
tt0013109,tt0012324,-1.0
tt0013109,tt0015632,0.4
tt0013109,tt0016804,0.0
tt0013109,tt0017667,0.0
tt0013109,tt0018037,0.6
tt0013109,tt0018218,0.6
tt0013109,tt0018566,0.0
tt0013110,tt0017014,-1.9
tt0013114,tt0017905,0.4
tt0013125,tt0009905,0.8
tt0013125,tt0014897,0.8
tt0013134,tt0015290,-0.8
tt0013134,tt0015745,0.2
tt0013134,tt0016642,0.2
tt0013134,tt0017010,0.4
tt0013134,tt0018851,0.5
tt0013139,tt0007623,-0.4
tt0013139,tt0010847,0.3
tt0013139,tt0012067,-0.6
tt0013139,tt0012672,0.5
tt0013139,tt0013402,-0.3
tt0013139,tt0015110,0.0
tt0013139,tt0015727,-0.2
tt0013139,tt0015775,-0.5
tt0013139,tt0017580,0.6
tt0013140,tt0015881,0.0
tt0013140,tt0016104,0.8
tt0013145,tt0009273,-0.6
tt0013145,tt0011093,-0.7
tt0013145,tt0014950,-0.6
tt0013145,tt0015602,0.7
tt0013145,tt0015903,0.9
tt0013145,tt0017727,0.5
tt0013145,tt0017858,-0.7
tt0013145,tt0018438,-0.4
tt0013169,tt0010598,0.9
tt0013169,tt0011000,0.9
tt0013169,tt0011607,0.4
tt0013169,tt0015136,0.4
tt0013169,tt0015768,0.5
tt0013169,tt0015861,0.9
tt0013170,tt0011694,0.0
tt0013170,tt0012397,-0.3
tt0013170,tt0012439,0.1
tt0013170,tt0012755,-0.3
tt0013170,tt0013022,0.1
tt0013170,tt0015013,0.4
tt0013170,tt0015229,0.5
tt0013170,tt0016307,-0.5
tt0013170,tt0016822,-0.5
tt0013170,tt0016999,-0.4
tt0013182,tt0007817,0.2
tt0013182,tt0008787,-1.2
tt0013182,tt0014580,0.0
tt0013201,tt0013075,0.9
tt0013201,tt0014429,-0.1
tt0013201,tt0014611,0.7
tt0013201,tt0014945,0.4
tt0013201,tt0015002,0.9
tt0013201,tt0015841,0.5
tt0013221,tt0010209,0.2
tt0013221,tt0011848,0.9
tt0013221,tt0014211,-1.2
tt0013221,tt0014733,-1.2
tt0013221,tt0015765,0.4
tt0013221,tt0016284,0.9
tt0013221,tt0018906,-0.1
tt0013225,tt0004272,-0.6
tt0013225,tt0005005,-0.2
tt0013225,tt0008353,0.7
tt0013225,tt0008476,-0.9
tt0013225,tt0008978,0.9
tt0013225,tt0016214,0.8
tt0013225,tt0016237,0.2
tt0013225,tt0017218,0.5
tt0013225,tt0018740,0.9
tt0013227,tt0013189,0.8
tt0013229,tt0018301,0.5
tt0013230,tt0011163,0.7
tt0013230,tt0011691,0.5
tt0013230,tt0012117,-0.1
tt0013230,tt0012238,0.2
tt0013230,tt0012563,0.3
tt0013230,tt0012938,-0.3
tt0013230,tt0013229,-0.9
tt0013230,tt0013264,0.4
tt0013230,tt0013877,-0.5
tt0013230,tt0014379,-0.1
tt0013230,tt0014884,0.4
tt0013230,tt0015140,-0.2
tt0013230,tt0016844,-0.9
tt0013230,tt0017233,-0.4
tt0013230,tt0017860,0.6
tt0013230,tt0018301,-1.4
tt0013230,tt0018338,-0.4
tt0013236,tt0004052,0.2
tt0013236,tt0016213,-0.9
tt0013236,tt0016508,0.9
tt0013236,tt0017316,-0.3
tt0013236,tt0017325,0.9
tt0013236,tt0018565,0.5
tt0013242,tt0012249,-1.0
tt0013253,tt0012472,0.0
tt0013253,tt0013975,0.3
tt0013253,tt0014217,-0.1
tt0013253,tt0015924,0.4
tt0013253,tt0016461,0.6
tt0013253,tt0018210,0.7
tt0013254,tt0013965,0.8
tt0013254,tt0017506,0.5
tt0013254,tt0017929,0.5
tt0013254,tt0018184,0.9
tt0013255,tt0008579,0.8
tt0013255,tt0009145,0.1
tt0013255,tt0010630,0.6
tt0013264,tt0012117,0.5
tt0013264,tt0012238,0.8
tt0013264,tt0012563,0.9
tt0013264,tt0012938,0.3
tt0013264,tt0013229,-0.3
tt0013264,tt0013877,0.1
tt0013264,tt0014379,0.5
tt0013264,tt0015140,0.4
tt0013264,tt0016844,-0.3
tt0013264,tt0017233,0.2
tt0013264,tt0018301,-0.8
tt0013264,tt0018338,0.2
tt0013267,tt0002031,0.7
tt0013267,tt0004369,-0.4
tt0013267,tt0005452,-0.2
tt0013267,tt0005460,0.0
tt0013267,tt0005716,-1.4
tt0013267,tt0007042,0.9
tt0013267,tt0007142,-1.6
tt0013267,tt0009369,-0.5
tt0013267,tt0012107,-0.5
tt0013267,tt0012856,0.4
tt0013267,tt0013380,0.0
tt0013267,tt0013451,-1.2
tt0013267,tt0016469,-0.4
tt0013267,tt0016640,-0.8
tt0013267,tt0017831,-0.7
tt0013274,tt0010180,0.9
tt0013274,tt0015039,0.8
tt0013274,tt0017376,0.6
tt0013276,tt0007009,-0.5
tt0013276,tt0007992,-2.0
tt0013276,tt0008026,-0.7
tt0013276,tt0009989,-1.9
tt0013276,tt0010935,-0.4
tt0013276,tt0011898,-1.6
tt0013276,tt0012380,-0.2
tt0013284,tt0007270,0.2
tt0013284,tt0008814,0.6
tt0013288,tt0012472,-0.7
tt0013288,tt0013253,0.3
tt0013288,tt0013975,-0.4
tt0013288,tt0014217,-0.8
tt0013288,tt0015924,-0.3
tt0013288,tt0016461,-0.1
tt0013288,tt0018210,0.0
tt0013293,tt0005879,0.4
tt0013293,tt0005960,-0.3
tt0013293,tt0015400,-1.2
tt0013293,tt0017540,-0.3
tt0013293,tt0018118,0.4
tt0013293,tt0018170,0.3
tt0013301,tt0015968,0.6
tt0013303,tt0010879,-2.0
tt0013303,tt0011474,-1.7
tt0013303,tt0012434,-0.1
tt0013303,tt0012862,0.5
tt0013303,tt0013540,0.0
tt0013303,tt0013906,0.3
tt0013303,tt0014553,-0.2
tt0013303,tt0014782,-0.5
tt0013303,tt0014866,0.4
tt0013303,tt0015542,0.1
tt0013303,tt0015749,0.2
tt0013303,tt0016037,-0.5
tt0013303,tt0016374,0.9
tt0013303,tt0016658,0.9
tt0013303,tt0017119,-2.0
tt0013303,tt0018016,-1.5
tt0013303,tt0018613,-0.2
tt0013303,tt0018666,-0.4
tt0013311,tt0017132,0.6
tt0013312,tt0011387,0.5
tt0013312,tt0014752,0.2
tt0013312,tt0015331,0.5
tt0013312,tt0015772,0.5
tt0013312,tt0015872,0.2
tt0013312,tt0016361,0.3
tt0013312,tt0016884,-0.5
tt0013312,tt0017029,0.3
tt0013313,tt0011855,0.9
tt0013321,tt0007755,-1.6
tt0013321,tt0008271,0.5
tt0013321,tt0008551,-0.3
tt0013321,tt0008634,-1.9
tt0013321,tt0008978,-0.8
tt0013321,tt0009153,-1.5
tt0013321,tt0009494,0.3
tt0013321,tt0009580,-0.8
tt0013321,tt0009690,0.5
tt0013321,tt0009696,0.5
tt0013321,tt0009811,0.2
tt0013321,tt0009837,0.6
tt0013321,tt0009859,-0.1
tt0013321,tt0009903,0.7
tt0013321,tt0010119,0.3
tt0013321,tt0010198,-0.2
tt0013321,tt0010438,-0.3
tt0013321,tt0010544,0.3
tt0013321,tt0010628,0.3
tt0013321,tt0010640,0.9
tt0013321,tt0011298,-0.3
tt0013321,tt0011358,-2.0
tt0013321,tt0011906,-0.3
tt0013321,tt0011968,0.2
tt0013321,tt0012102,0.6
tt0013321,tt0012194,0.7
tt0013321,tt0012328,-0.4
tt0013321,tt0012734,0.4
tt0013321,tt0012818,0.6
tt0013321,tt0013603,0.7
tt0013321,tt0013735,-0.9
tt0013321,tt0013909,-1.2
tt0013321,tt0014321,-1.3
tt0013321,tt0014539,0.5
tt0013321,tt0014999,0.5
tt0013321,tt0015973,-1.7
tt0013321,tt0016022,-1.5
tt0013321,tt0016417,0.2
tt0013321,tt0016664,-1.2
tt0013321,tt0017374,-1.7
tt0013321,tt0017463,-3.0
tt0013321,tt0018530,-1.7
tt0013321,tt0018909,-2.7
tt0013332,tt0008443,0.9
tt0013332,tt0008891,0.7
tt0013332,tt0009020,0.3
tt0013332,tt0011785,0.5
tt0013332,tt0014158,0.1
tt0013332,tt0014602,0.6
tt0013336,tt0009334,0.9
tt0013336,tt0010244,-0.1
tt0013336,tt0010766,-0.1
tt0013336,tt0011130,0.5
tt0013336,tt0013662,0.4
tt0013336,tt0014869,0.5
tt0013336,tt0016346,0.2
tt0013336,tt0017632,0.7
tt0013336,tt0017735,0.5
tt0013336,tt0018332,0.5
tt0013342,tt0006011,0.5
tt0013342,tt0007702,0.8
tt0013342,tt0009677,0.2
tt0013342,tt0009878,0.5
tt0013342,tt0010622,0.5
tt0013342,tt0012386,0.3
tt0013342,tt0014762,0.8
tt0013342,tt0016814,0.5
tt0013343,tt0012815,-0.8
tt0013344,tt0002591,0.5
tt0013344,tt0003330,0.9
tt0013344,tt0004708,-0.1
tt0013344,tt0009220,0.2
tt0013344,tt0017516,0.6
tt0013356,tt0013134,0.3
tt0013356,tt0013896,0.4
tt0013356,tt0014012,0.3
tt0013356,tt0015290,-1.5
tt0013356,tt0015745,-0.5
tt0013356,tt0016642,-0.5
tt0013356,tt0017010,-0.3
tt0013356,tt0018851,-0.2
tt0013363,tt0013567,0.7
tt0013363,tt0015443,0.8
tt0013367,tt0006586,-0.9
tt0013367,tt0010386,0.1
tt0013367,tt0010446,0.4
tt0013367,tt0016031,-0.3
tt0013367,tt0018621,-0.4
tt0013368,tt0008321,-1.0
tt0013368,tt0009405,0.8
tt0013368,tt0015393,-0.8
tt0013369,tt0005764,0.2
tt0013369,tt0006217,0.9
tt0013369,tt0010905,-0.1
tt0013369,tt0013867,0.6
tt0013369,tt0014023,0.7
tt0013369,tt0014816,0.7
tt0013369,tt0015735,0.1
tt0013369,tt0017416,0.9
tt0013369,tt0018203,0.5
tt0013369,tt0018674,0.6
tt0013372,tt0004294,0.7
tt0013372,tt0004792,0.7
tt0013372,tt0005059,0.8
tt0013372,tt0005402,0.7
tt0013372,tt0006605,0.7
tt0013372,tt0007038,0.5
tt0013372,tt0007857,0.2
tt0013372,tt0008150,0.9
tt0013372,tt0009781,0.0
tt0013372,tt0009796,0.6
tt0013372,tt0010071,0.7
tt0013372,tt0010418,0.3
tt0013372,tt0011865,0.6
tt0013372,tt0011909,0.7
tt0013372,tt0012181,0.6
tt0013372,tt0012187,0.7
tt0013372,tt0013574,0.6
tt0013372,tt0014532,0.5
tt0013372,tt0014881,0.7
tt0013372,tt0015867,0.3
tt0013372,tt0017519,0.6
tt0013372,tt0018054,0.0
tt0013373,tt0010330,0.8
tt0013373,tt0010947,0.8
tt0013373,tt0011348,0.1
tt0013373,tt0011654,0.6
tt0013373,tt0011676,0.3
tt0013373,tt0012973,0.4
tt0013373,tt0013442,-0.5
tt0013373,tt0013496,0.6
tt0013373,tt0015064,-0.7
tt0013373,tt0016847,-0.8
tt0013373,tt0017448,0.2
tt0013373,tt0018455,-0.8
tt0013376,tt0008028,0.9
tt0013376,tt0008742,0.0
tt0013380,tt0004369,0.6
tt0013380,tt0005452,0.8
tt0013380,tt0005716,-0.4
tt0013380,tt0007142,-0.6
tt0013380,tt0009369,0.5
tt0013380,tt0012107,0.5
tt0013380,tt0013451,-0.2
tt0013380,tt0016469,0.6
tt0013380,tt0016640,0.2
tt0013380,tt0017831,0.3
tt0013386,tt0009252,0.9
tt0013386,tt0016220,0.1
tt0013386,tt0017776,0.9
tt0013388,tt0002445,0.3
tt0013388,tt0004022,0.1
tt0013391,tt0009273,-0.7
tt0013391,tt0011093,-0.8
tt0013391,tt0013145,0.9
tt0013391,tt0013986,0.9
tt0013391,tt0014950,-0.7
tt0013391,tt0015094,0.9
tt0013391,tt0015602,0.6
tt0013391,tt0015903,0.8
tt0013391,tt0017727,0.4
tt0013391,tt0017858,-0.8
tt0013391,tt0017976,0.9
tt0013391,tt0018438,-0.5
tt0013402,tt0007623,0.9
tt0013402,tt0012067,0.7
tt0013402,tt0015775,0.8
tt0013404,tt0005535,0.1
tt0013404,tt0018137,-0.3
tt0013423,tt0009833,-2.0
tt0013423,tt0011973,-3.1
tt0013423,tt0012178,-3.1
tt0013423,tt0013436,-1.8
tt0013423,tt0014359,-2.1
tt0013423,tt0014759,-3.4
tt0013423,tt0015600,-2.9
tt0013423,tt0016198,-2.4
tt0013425,tt0010795,0.5
tt0013425,tt0011980,0.3
tt0013425,tt0016328,0.6
tt0013433,tt0004434,0.7
tt0013433,tt0006437,-1.5
tt0013433,tt0007998,-0.8
tt0013433,tt0008550,-0.1
tt0013433,tt0011070,-1.1
tt0013433,tt0011462,-0.4
tt0013433,tt0011912,-0.2
tt0013433,tt0012465,-0.8
tt0013433,tt0014706,-0.6
tt0013433,tt0016894,-1.4
tt0013434,tt0004182,-1.9
tt0013434,tt0013793,0.0
tt0013436,tt0009833,0.8
tt0013436,tt0011973,-0.3
tt0013436,tt0012178,-0.3
tt0013436,tt0014359,0.7
tt0013436,tt0014759,-0.6
tt0013436,tt0015600,-0.1
tt0013436,tt0016198,0.4
tt0013439,tt0008442,0.9
tt0013442,tt0015064,0.8
tt0013442,tt0016847,0.7
tt0013442,tt0018455,0.7
tt0013449,tt0010635,0.5
tt0013449,tt0010835,-0.2
tt0013449,tt0010929,-0.9
tt0013449,tt0011753,0.8
tt0013449,tt0012077,-0.6
tt0013449,tt0012114,0.0
tt0013449,tt0012202,-0.7
tt0013449,tt0012382,0.1
tt0013449,tt0013459,0.2
tt0013449,tt0013951,-0.4
tt0013449,tt0014137,-0.6
tt0013449,tt0014423,0.4
tt0013449,tt0014892,0.0
tt0013449,tt0015612,0.3
tt0013449,tt0016235,0.3
tt0013449,tt0016497,0.3
tt0013449,tt0017117,-0.6
tt0013449,tt0017226,-0.7
tt0013449,tt0017755,0.3
tt0013449,tt0018870,0.7
tt0013450,tt0005561,0.0
tt0013450,tt0007000,-0.3
tt0013450,tt0008305,0.9
tt0013450,tt0015310,0.5
tt0013450,tt0016541,0.5
tt0013451,tt0005716,0.8
tt0013451,tt0007142,0.6
tt0013452,tt0006108,0.7
tt0013452,tt0012364,0.6
tt0013452,tt0014972,0.9
tt0013455,tt0009915,0.7
tt0013455,tt0015467,-0.3
tt0013455,tt0015572,0.7
tt0013455,tt0016301,0.5
tt0013456,tt0010915,0.2
tt0013456,tt0012045,0.2
tt0013456,tt0012716,0.4
tt0013456,tt0012735,0.9
tt0013456,tt0013311,0.1
tt0013456,tt0017132,-0.3
tt0013458,tt0003167,0.5
tt0013458,tt0003643,-0.2
tt0013458,tt0003665,-0.1
tt0013458,tt0003890,0.4
tt0013458,tt0004181,0.0
tt0013458,tt0004972,0.1
tt0013458,tt0006864,-1.4
tt0013458,tt0009109,-0.1
tt0013458,tt0009130,-0.6
tt0013458,tt0009133,-1.0
tt0013458,tt0009150,-0.3
tt0013458,tt0009559,0.0
tt0013458,tt0009968,-1.0
tt0013458,tt0010108,-0.5
tt0013458,tt0010193,0.2
tt0013458,tt0010484,-0.8
tt0013458,tt0010662,0.8
tt0013458,tt0010806,-0.7
tt0013458,tt0011415,0.2
tt0013458,tt0011841,-1.1
tt0013458,tt0012122,0.7
tt0013458,tt0012532,-1.1
tt0013458,tt0014604,0.1
tt0013458,tt0014672,-0.1
tt0013458,tt0015018,-0.6
tt0013458,tt0016308,-0.4
tt0013458,tt0016420,0.2
tt0013458,tt0017419,-0.1
tt0013458,tt0018678,-0.3
tt0013458,tt0018854,0.6
tt0013459,tt0010835,0.6
tt0013459,tt0010929,-0.1
tt0013459,tt0012077,0.2
tt0013459,tt0012114,0.8
tt0013459,tt0012202,0.1
tt0013459,tt0012382,0.9
tt0013459,tt0013951,0.4
tt0013459,tt0014137,0.2
tt0013459,tt0014892,0.8
tt0013459,tt0017117,0.2
tt0013459,tt0017226,0.1
tt0013469,tt0012092,0.8
tt0013469,tt0012645,0.8
tt0013469,tt0014174,0.7
tt0013469,tt0015225,0.5
tt0013488,tt0014968,0.7
tt0013488,tt0015498,0.9
tt0013488,tt0015624,-0.3
tt0013488,tt0016627,0.5
tt0013488,tt0016669,0.4
tt0013488,tt0018806,-0.4
tt0013490,tt0009652,0.7
tt0013490,tt0012406,0.6
tt0013490,tt0014854,0.8
tt0013490,tt0016390,-0.3
tt0013491,tt0004052,-1.1
tt0013491,tt0006270,-1.1
tt0013491,tt0008491,0.6
tt0013491,tt0009325,0.4
tt0013491,tt0011087,-0.3
tt0013491,tt0011812,0.7
tt0013491,tt0013236,-0.3
tt0013491,tt0014079,-0.1
tt0013491,tt0014845,-0.3
tt0013491,tt0015813,0.3
tt0013491,tt0015814,-1.5
tt0013491,tt0015875,0.1
tt0013491,tt0016213,-2.2
tt0013491,tt0016508,-0.4
tt0013491,tt0016573,0.5
tt0013491,tt0016749,0.1
tt0013491,tt0017080,0.1
tt0013491,tt0017316,-1.6
tt0013491,tt0017325,-0.4
tt0013491,tt0017327,0.9
tt0013491,tt0017504,0.9
tt0013491,tt0018313,-0.1
tt0013491,tt0018464,0.6
tt0013491,tt0018565,-0.8
tt0013491,tt0018831,0.9
tt0013496,tt0011348,0.5
tt0013496,tt0011676,0.7
tt0013496,tt0012973,0.8
tt0013496,tt0013442,-0.1
tt0013496,tt0015064,-0.3
tt0013496,tt0016847,-0.4
tt0013496,tt0017448,0.6
tt0013496,tt0018455,-0.4
tt0013511,tt0006907,-0.2
tt0013511,tt0008723,0.7
tt0013511,tt0009137,0.3
tt0013511,tt0009630,0.5
tt0013511,tt0011317,0.7
tt0013511,tt0012917,0.2
tt0013511,tt0013727,0.3
tt0013511,tt0014322,-0.1
tt0013511,tt0015312,0.5
tt0013511,tt0015684,0.4
tt0013511,tt0016006,0.4
tt0013511,tt0016013,-0.4
tt0013511,tt0016875,-0.6
tt0013511,tt0018379,-0.7
tt0013512,tt0009721,0.8
tt0013512,tt0010267,0.7
tt0013512,tt0013093,-0.4
tt0013512,tt0013611,0.4
tt0013512,tt0014982,0.5
tt0013512,tt0015909,0.6
tt0013512,tt0016646,0.7
tt0013512,tt0016812,0.2
tt0013512,tt0018297,0.8
tt0013513,tt0010641,0.9
tt0013513,tt0011179,-0.5
tt0013515,tt0012190,0.7
tt0013515,tt0013710,0.2
tt0013515,tt0014440,0.7
tt0013518,tt0015222,0.1
tt0013527,tt0011191,0.5
tt0013534,tt0009900,-0.8
tt0013534,tt0011513,-0.3
tt0013535,tt0011172,0.7
tt0013535,tt0011344,0.4
tt0013535,tt0012409,0.7
tt0013535,tt0012699,0.8
tt0013535,tt0013488,0.3
tt0013535,tt0014968,0.0
tt0013535,tt0015498,0.2
tt0013535,tt0015500,0.6
tt0013535,tt0015624,-1.0
tt0013535,tt0016627,-0.2
tt0013535,tt0016669,-0.3
tt0013535,tt0018806,-1.1
tt0013538,tt0003324,0.8
tt0013538,tt0014858,-0.1
tt0013538,tt0017077,0.5
tt0013540,tt0010879,-1.0
tt0013540,tt0011474,-0.7
tt0013540,tt0012434,0.9
tt0013540,tt0014553,0.8
tt0013540,tt0014782,0.5
tt0013540,tt0016037,0.5
tt0013540,tt0017119,-1.0
tt0013540,tt0018016,-0.5
tt0013540,tt0018613,0.8
tt0013540,tt0018666,0.6
tt0013556,tt0005392,0.8
tt0013556,tt0008406,0.6
tt0013556,tt0009143,0.8
tt0013556,tt0010049,0.2
tt0013556,tt0015349,0.3
tt0013556,tt0015465,0.7
tt0013556,tt0017242,0.7
tt0013556,tt0017841,0.9
tt0013562,tt0013811,0.0
tt0013570,tt0004837,0.6
tt0013570,tt0012583,0.1
tt0013571,tt0011738,0.7
tt0013572,tt0007110,0.1
tt0013572,tt0011604,0.0
tt0013572,tt0013700,0.4
tt0013572,tt0017099,0.5
tt0013574,tt0007038,0.9
tt0013574,tt0007857,0.6
tt0013574,tt0009781,0.4
tt0013574,tt0010418,0.7
tt0013574,tt0014532,0.9
tt0013574,tt0015867,0.7
tt0013574,tt0018054,0.4
tt0013590,tt0006283,0.8
tt0013590,tt0010729,0.5
tt0013590,tt0012763,0.4
tt0013590,tt0014068,0.5
tt0013590,tt0014605,0.6
tt0013590,tt0016395,0.2
tt0013590,tt0017567,0.6
tt0013592,tt0015284,0.7
tt0013592,tt0016106,0.4
tt0013596,tt0012376,-2.1
tt0013597,tt0009593,-1.0
tt0013597,tt0010331,0.0
tt0013597,tt0016654,-0.2
tt0013597,tt0018113,0.5
tt0013603,tt0003595,0.3
tt0013603,tt0006730,-1.3
tt0013603,tt0007362,-0.4
tt0013603,tt0007755,-1.3
tt0013603,tt0008271,0.8
tt0013603,tt0008551,0.0
tt0013603,tt0008634,-1.6
tt0013603,tt0008978,-0.5
tt0013603,tt0009153,-1.2
tt0013603,tt0009494,0.6
tt0013603,tt0009580,-0.5
tt0013603,tt0009690,0.8
tt0013603,tt0009696,0.8
tt0013603,tt0009811,0.5
tt0013603,tt0009837,0.9
tt0013603,tt0009859,0.2
tt0013603,tt0010119,0.6
tt0013603,tt0010198,0.1
tt0013603,tt0010438,0.0
tt0013603,tt0010544,0.6
tt0013603,tt0010628,0.6
tt0013603,tt0011298,0.0
tt0013603,tt0011339,-0.2
tt0013603,tt0011358,-1.7
tt0013603,tt0011906,0.0
tt0013603,tt0011968,0.5
tt0013603,tt0012102,0.9
tt0013603,tt0012328,-0.1
tt0013603,tt0012734,0.7
tt0013603,tt0012818,0.9
tt0013603,tt0013735,-0.6
tt0013603,tt0013909,-0.9
tt0013603,tt0014321,-1.0
tt0013603,tt0014539,0.8
tt0013603,tt0014999,0.8
tt0013603,tt0015353,-0.6
tt0013603,tt0015973,-1.4
tt0013603,tt0016022,-1.2
tt0013603,tt0016417,0.5
tt0013603,tt0016664,-0.9
tt0013603,tt0017374,-1.4
tt0013603,tt0017463,-2.7
tt0013603,tt0018318,-0.2
tt0013603,tt0018530,-1.4
tt0013603,tt0018909,-2.4
tt0013606,tt0008362,0.9
tt0013607,tt0007270,-0.5
tt0013607,tt0008814,-0.1
tt0013607,tt0009053,0.5
tt0013607,tt0009972,0.9
tt0013607,tt0011036,0.7
tt0013607,tt0013284,0.3
tt0013607,tt0015770,0.8
tt0013607,tt0016288,0.8
tt0013607,tt0016693,0.8
tt0013607,tt0017112,0.7
tt0013611,tt0013093,0.2
tt0013611,tt0016812,0.8
tt0013617,tt0015253,0.6
tt0013619,tt0004712,0.7
tt0013619,tt0007910,0.4
tt0013624,tt0006745,0.9
tt0013624,tt0009721,0.7
tt0013624,tt0012408,0.9
tt0013624,tt0013688,0.7
tt0013624,tt0014600,0.5
tt0013624,tt0018825,0.0
tt0013627,tt0009233,0.8
tt0013627,tt0010356,0.8
tt0013627,tt0014734,0.3
tt0013627,tt0015742,0.1
tt0013627,tt0016687,0.2
tt0013627,tt0016950,0.8
tt0013629,tt0009334,0.8
tt0013629,tt0010244,-0.2
tt0013629,tt0010766,-0.2
tt0013629,tt0011130,0.4
tt0013629,tt0013336,0.9
tt0013629,tt0013662,0.3
tt0013629,tt0014869,0.4
tt0013629,tt0016346,0.1
tt0013629,tt0017632,0.6
tt0013629,tt0017735,0.4
tt0013629,tt0018332,0.4
tt0013631,tt0004651,0.6
tt0013631,tt0014223,0.2
tt0013631,tt0018017,0.7
tt0013658,tt0009118,0.5
tt0013658,tt0015163,0.6
tt0013658,tt0017829,0.6
tt0013662,tt0010244,0.5
tt0013662,tt0010766,0.5
tt0013662,tt0016346,0.8
tt0013672,tt0005764,0.1
tt0013672,tt0006217,0.8
tt0013672,tt0010905,-0.2
tt0013672,tt0013369,0.9
tt0013672,tt0013867,0.5
tt0013672,tt0014023,0.6
tt0013672,tt0014816,0.6
tt0013672,tt0015735,0.0
tt0013672,tt0017416,0.8
tt0013672,tt0018203,0.4
tt0013672,tt0018674,0.5
tt0013679,tt0017619,0.1
tt0013681,tt0013908,-0.1
tt0013681,tt0015038,0.0
tt0013681,tt0015627,0.3
tt0013681,tt0018204,0.0
tt0013682,tt0006027,0.3
tt0013682,tt0014100,0.8
tt0013682,tt0014205,0.9
tt0013682,tt0015004,0.1
tt0013682,tt0017757,0.6
tt0013688,tt0014600,0.8
tt0013688,tt0018825,0.3
tt0013699,tt0003632,-0.3
tt0013699,tt0007534,0.7
tt0013699,tt0007983,-0.3
tt0013699,tt0010323,-2.2
tt0013699,tt0011221,-0.1
tt0013699,tt0011502,0.1
tt0013699,tt0014146,-0.4
tt0013699,tt0014397,-0.9
tt0013699,tt0015202,-1.2
tt0013699,tt0017338,-0.2
tt0013700,tt0007110,0.7
tt0013700,tt0011604,0.6
tt0013704,tt0008381,-1.4
tt0013704,tt0010058,0.4
tt0013704,tt0010587,-0.1
tt0013704,tt0011977,0.4
tt0013704,tt0012191,0.8
tt0013704,tt0012747,0.6
tt0013705,tt0013661,0.4
tt0013713,tt0012486,-0.6
tt0013716,tt0012068,0.7
tt0013716,tt0012190,0.4
tt0013716,tt0013515,0.7
tt0013716,tt0013710,-0.1
tt0013716,tt0014440,0.4
tt0013716,tt0017103,0.7
tt0013716,tt0017120,0.7
tt0013716,tt0017917,0.8
tt0013719,tt0009001,0.6
tt0013719,tt0009284,0.1
tt0013719,tt0009544,-0.8
tt0013719,tt0010890,0.7
tt0013719,tt0012538,0.6
tt0013719,tt0014003,0.5
tt0013719,tt0016142,0.5
tt0013719,tt0016473,0.0
tt0013719,tt0016655,0.4
tt0013719,tt0017329,0.8
tt0013719,tt0018097,0.4
tt0013719,tt0018397,0.2
tt0013719,tt0018528,-0.6
tt0013719,tt0018697,0.3
tt0013724,tt0007664,-0.1
tt0013724,tt0017599,-0.3
tt0013727,tt0006907,0.5
tt0013727,tt0012917,0.9
tt0013727,tt0014322,0.6
tt0013727,tt0016013,0.3
tt0013727,tt0016875,0.1
tt0013727,tt0018379,0.0
tt0013728,tt0016563,0.2
tt0013730,tt0003014,0.8
tt0013730,tt0003150,0.6
tt0013730,tt0004047,0.9
tt0013730,tt0006108,-0.1
tt0013730,tt0008663,0.5
tt0013730,tt0008879,0.6
tt0013730,tt0010298,0.6
tt0013730,tt0011370,0.9
tt0013730,tt0011499,0.5
tt0013730,tt0012364,-0.2
tt0013730,tt0013452,0.2
tt0013730,tt0014014,0.9
tt0013730,tt0014972,0.1
tt0013730,tt0016446,0.2
tt0013730,tt0017350,0.2
tt0013730,tt0018836,0.8
tt0013735,tt0007755,0.3
tt0013735,tt0008634,0.0
tt0013735,tt0009153,0.4
tt0013735,tt0011358,-0.1
tt0013735,tt0013909,0.7
tt0013735,tt0014321,0.6
tt0013735,tt0015973,0.2
tt0013735,tt0016022,0.4
tt0013735,tt0016664,0.7
tt0013735,tt0017374,0.2
tt0013735,tt0017463,-1.1
tt0013735,tt0018530,0.2
tt0013735,tt0018909,-0.8
tt0013737,tt0013891,-0.2
tt0013739,tt0014497,-1.5
tt0013741,tt0002423,0.8
tt0013741,tt0009893,0.3
tt0013741,tt0010281,0.7
tt0013741,tt0010600,0.1
tt0013741,tt0011960,0.6
tt0013741,tt0015119,0.5
tt0013741,tt0016004,0.3
tt0013741,tt0017409,0.4
tt0013741,tt0018451,0.0
tt0013744,tt0011284,0.6
tt0013744,tt0011797,0.5
tt0013744,tt0013882,0.4
tt0013750,tt0004052,0.8
tt0013750,tt0007326,0.6
tt0013750,tt0010483,0.3
tt0013750,tt0012728,0.5
tt0013750,tt0012879,-0.5
tt0013759,tt0009273,-1.1
tt0013759,tt0011093,-1.2
tt0013759,tt0013145,0.5
tt0013759,tt0013391,0.6
tt0013759,tt0013681,-0.2
tt0013759,tt0013908,-1.3
tt0013759,tt0013986,0.5
tt0013759,tt0014703,0.6
tt0013759,tt0014950,-1.1
tt0013759,tt0015038,-1.2
tt0013759,tt0015094,0.5
tt0013759,tt0015602,0.2
tt0013759,tt0015627,-0.9
tt0013759,tt0015903,0.4
tt0013759,tt0016449,0.8
tt0013759,tt0016782,-0.2
tt0013759,tt0016916,0.8
tt0013759,tt0017727,0.0
tt0013759,tt0017858,-1.2
tt0013759,tt0017902,0.9
tt0013759,tt0017976,0.5
tt0013759,tt0018204,-1.2
tt0013759,tt0018438,-0.9
tt0013759,tt0018579,0.6
tt0013766,tt0011396,-2.0
tt0013766,tt0012788,-3.1
tt0013766,tt0014651,-3.1
tt0013766,tt0016226,-2.3
tt0013766,tt0018889,-0.7
tt0013773,tt0012109,0.7
tt0013773,tt0013864,0.0
tt0013773,tt0014985,0.7
tt0013773,tt0016912,0.2
tt0013792,tt0011197,0.0
tt0013792,tt0011459,0.1
tt0013792,tt0011858,0.8
tt0013792,tt0012830,-0.3
tt0013792,tt0016733,0.0
tt0013793,tt0004182,-0.9
tt0013795,tt0009915,0.4
tt0013795,tt0010195,0.9
tt0013795,tt0013455,0.7
tt0013795,tt0015467,-0.6
tt0013795,tt0015572,0.4
tt0013795,tt0016301,0.2
tt0013802,tt0015644,0.9
tt0013802,tt0018450,-0.6
tt0013817,tt0003698,0.7
tt0013817,tt0004294,0.2
tt0013817,tt0004792,0.2
tt0013817,tt0005059,0.3
tt0013817,tt0005060,0.5
tt0013817,tt0005402,0.2
tt0013817,tt0005589,0.5
tt0013817,tt0006605,0.2
tt0013817,tt0006770,0.8
tt0013817,tt0007038,0.0
tt0013817,tt0007473,0.7
tt0013817,tt0007857,-0.3
tt0013817,tt0008150,0.4
tt0013817,tt0008519,0.6
tt0013817,tt0008786,0.8
tt0013817,tt0009440,0.6
tt0013817,tt0009781,-0.5
tt0013817,tt0009796,0.1
tt0013817,tt0010071,0.2
tt0013817,tt0010137,0.8
tt0013817,tt0010418,-0.2
tt0013817,tt0011865,0.1
tt0013817,tt0011909,0.2
tt0013817,tt0012181,0.1
tt0013817,tt0012187,0.2
tt0013817,tt0013372,0.5
tt0013817,tt0013574,0.1
tt0013817,tt0014532,0.0
tt0013817,tt0014881,0.2
tt0013817,tt0015433,0.6
tt0013817,tt0015867,-0.2
tt0013817,tt0016294,0.5
tt0013817,tt0017519,0.1
tt0013817,tt0018054,-0.5
tt0013822,tt0011978,-0.4
tt0013822,tt0012657,-0.8
tt0013822,tt0017662,-1.8
tt0013822,tt0018846,-1.1
tt0013822,tt0018892,-0.5
tt0013824,tt0009915,0.3
tt0013824,tt0010195,0.8
tt0013824,tt0013455,0.6
tt0013824,tt0013795,0.9
tt0013824,tt0015467,-0.7
tt0013824,tt0015572,0.3
tt0013824,tt0016301,0.1
tt0013825,tt0012234,0.3
tt0013827,tt0014764,0.0
tt0013827,tt0016066,0.7
tt0013830,tt0016481,0.8
tt0013833,tt0015907,0.7
tt0013833,tt0016843,-0.1
tt0013834,tt0012248,-0.2
tt0013834,tt0014141,-0.3
tt0013834,tt0014496,0.4
tt0013839,tt0010190,-0.3
tt0013839,tt0011007,0.2
tt0013839,tt0011191,-1.3
tt0013839,tt0011575,0.3
tt0013839,tt0011908,0.7
tt0013839,tt0011966,-1.2
tt0013839,tt0012881,-0.1
tt0013839,tt0013527,-0.8
tt0013839,tt0014489,0.2
tt0013839,tt0015638,0.1
tt0013839,tt0015816,0.0
tt0013839,tt0017009,0.2
tt0013839,tt0017384,0.6
tt0013841,tt0005561,-0.1
tt0013841,tt0007000,-0.4
tt0013841,tt0008305,0.8
tt0013841,tt0013450,0.9
tt0013841,tt0015310,0.4
tt0013841,tt0016541,0.4
tt0013846,tt0013868,0.8
tt0013846,tt0013933,0.3
tt0013846,tt0018410,0.8
tt0013846,tt0018770,0.5
tt0013867,tt0005764,0.6
tt0013867,tt0010905,0.3
tt0013867,tt0015735,0.5
tt0013867,tt0018203,0.9
tt0013868,tt0013933,0.5
tt0013868,tt0018770,0.7
tt0013871,tt0013961,0.5
tt0013871,tt0014248,0.7
tt0013871,tt0015184,0.5
tt0013871,tt0015453,0.5
tt0013871,tt0016515,0.7
tt0013871,tt0016672,-0.3
tt0013871,tt0016715,0.2
tt0013871,tt0017584,-1.7
tt0013871,tt0018578,-2.4
tt0013871,tt0018684,-2.4
tt0013877,tt0013229,0.6
tt0013877,tt0016844,0.6
tt0013877,tt0018301,0.1
tt0013879,tt0016885,0.9
tt0013886,tt0006745,0.9
tt0013886,tt0009721,0.7
tt0013886,tt0010267,0.6
tt0013886,tt0013093,-0.5
tt0013886,tt0013512,0.9
tt0013886,tt0013611,0.3
tt0013886,tt0014982,0.4
tt0013886,tt0015909,0.5
tt0013886,tt0016646,0.6
tt0013886,tt0016812,0.1
tt0013886,tt0018297,0.7
tt0013892,tt0009334,0.5
tt0013892,tt0010244,-0.5
tt0013892,tt0010766,-0.5
tt0013892,tt0011130,0.1
tt0013892,tt0013336,0.6
tt0013892,tt0013629,0.7
tt0013892,tt0013662,0.0
tt0013892,tt0014869,0.1
tt0013892,tt0016346,-0.2
tt0013892,tt0017632,0.3
tt0013892,tt0017735,0.1
tt0013892,tt0018332,0.1
tt0013896,tt0013134,0.9
tt0013896,tt0014012,0.9
tt0013896,tt0015290,-0.9
tt0013896,tt0015745,0.1
tt0013896,tt0016642,0.1
tt0013896,tt0017010,0.3
tt0013896,tt0018851,0.4
tt0013901,tt0014119,0.9
tt0013901,tt0016487,0.4
tt0013901,tt0017498,0.2
tt0013901,tt0018049,0.2
tt0013902,tt0010566,0.7
tt0013903,tt0006333,-0.1
tt0013903,tt0008028,-0.8
tt0013903,tt0008742,-1.7
tt0013903,tt0012293,-0.2
tt0013903,tt0012619,-0.1
tt0013903,tt0013376,-0.7
tt0013906,tt0010879,-1.3
tt0013906,tt0011474,-1.0
tt0013906,tt0012434,0.6
tt0013906,tt0013540,0.7
tt0013906,tt0014553,0.5
tt0013906,tt0014782,0.2
tt0013906,tt0015542,0.8
tt0013906,tt0015749,0.9
tt0013906,tt0016037,0.2
tt0013906,tt0017119,-1.3
tt0013906,tt0018016,-0.8
tt0013906,tt0018613,0.5
tt0013906,tt0018666,0.3
tt0013909,tt0007755,0.6
tt0013909,tt0008634,0.3
tt0013909,tt0009153,0.7
tt0013909,tt0011358,0.2
tt0013909,tt0014321,0.9
tt0013909,tt0015973,0.5
tt0013909,tt0016022,0.7
tt0013909,tt0017374,0.5
tt0013909,tt0017463,-0.8
tt0013909,tt0018530,0.5
tt0013909,tt0018909,-0.5
tt0013917,tt0004325,0.9
tt0013917,tt0005556,-1.2
tt0013917,tt0006614,0.4
tt0013917,tt0007340,-0.2
tt0013917,tt0008041,0.0
tt0013917,tt0011979,0.1
tt0013917,tt0012769,0.9
tt0013917,tt0012827,0.5
tt0013920,tt0005764,-0.4
tt0013920,tt0006217,0.3
tt0013920,tt0009423,0.7
tt0013920,tt0010905,-0.7
tt0013920,tt0013369,0.4
tt0013920,tt0013672,0.5
tt0013920,tt0013867,0.0
tt0013920,tt0014023,0.1
tt0013920,tt0014816,0.1
tt0013920,tt0015399,0.5
tt0013920,tt0015735,-0.5
tt0013920,tt0017416,0.3
tt0013920,tt0018203,-0.1
tt0013920,tt0018674,0.0
tt0013925,tt0014839,0.4
tt0013925,tt0018127,-0.5
tt0013925,tt0018816,0.6
tt0013926,tt0014538,0.0
tt0013926,tt0014760,0.0
tt0013926,tt0015074,0.6
tt0013926,tt0016258,0.0
tt0013926,tt0017935,-0.4
tt0013949,tt0015451,0.1
tt0013949,tt0015495,0.8
tt0013951,tt0010929,0.5
tt0013951,tt0012077,0.8
tt0013951,tt0012202,0.7
tt0013951,tt0014137,0.8
tt0013951,tt0017117,0.8
tt0013951,tt0017226,0.7
tt0013961,tt0016672,0.2
tt0013961,tt0016715,0.7
tt0013961,tt0017584,-1.2
tt0013961,tt0018578,-1.9
tt0013961,tt0018684,-1.9
tt0013962,tt0012890,0.7
tt0013962,tt0015533,0.7
tt0013962,tt0016834,-0.3
tt0013965,tt0017506,0.7
tt0013965,tt0017929,0.7
tt0013975,tt0012472,0.7
tt0013975,tt0014217,0.6
tt0013978,tt0005626,0.8
tt0013978,tt0006773,0.9
tt0013978,tt0010499,0.0
tt0013978,tt0010548,-0.3
tt0013984,tt0009233,0.7
tt0013984,tt0014707,0.7
tt0013984,tt0016770,-1.3
tt0013984,tt0017079,0.2
tt0013984,tt0017399,0.5
tt0013986,tt0009273,-0.6
tt0013986,tt0011093,-0.7
tt0013986,tt0014950,-0.6
tt0013986,tt0015602,0.7
tt0013986,tt0015903,0.9
tt0013986,tt0017727,0.5
tt0013986,tt0017858,-0.7
tt0013986,tt0018438,-0.4
tt0013997,tt0014118,0.0
tt0013997,tt0014692,0.8
tt0014003,tt0009284,0.6
tt0014003,tt0009544,-0.3
tt0014003,tt0016473,0.5
tt0014003,tt0016655,0.9
tt0014003,tt0018097,0.9
tt0014003,tt0018397,0.7
tt0014003,tt0018528,-0.1
tt0014003,tt0018697,0.8
tt0014012,tt0015290,-0.8
tt0014012,tt0015745,0.2
tt0014012,tt0016642,0.2
tt0014012,tt0017010,0.4
tt0014012,tt0018851,0.5
tt0014014,tt0003014,0.9
tt0014014,tt0003150,0.7
tt0014014,tt0006108,0.0
tt0014014,tt0008663,0.6
tt0014014,tt0008879,0.7
tt0014014,tt0010298,0.7
tt0014014,tt0011499,0.6
tt0014014,tt0012364,-0.1
tt0014014,tt0013452,0.3
tt0014014,tt0014972,0.2
tt0014014,tt0016446,0.3
tt0014014,tt0017350,0.3
tt0014014,tt0018836,0.9
tt0014021,tt0007645,-1.6
tt0014021,tt0008159,-1.0
tt0014021,tt0009737,-0.4
tt0014021,tt0011193,-0.8
tt0014021,tt0012324,-2.4
tt0014021,tt0013109,-0.4
tt0014021,tt0014568,0.0
tt0014021,tt0015408,0.1
tt0014021,tt0015632,-1.0
tt0014021,tt0016804,-1.4
tt0014021,tt0017667,-1.4
tt0014021,tt0018037,-0.8
tt0014021,tt0018218,-0.8
tt0014021,tt0018566,-1.4
tt0014022,tt0012281,0.0
tt0014023,tt0005764,0.5
tt0014023,tt0010905,0.2
tt0014023,tt0013867,0.9
tt0014023,tt0015735,0.4
tt0014023,tt0018203,0.8
tt0014023,tt0018674,0.9
tt0014024,tt0003657,0.4
tt0014024,tt0005149,0.9
tt0014024,tt0005193,-1.3
tt0014024,tt0006375,0.9
tt0014024,tt0008044,0.3
tt0014024,tt0009960,0.1
tt0014024,tt0010032,0.3
tt0014024,tt0011091,0.9
tt0014024,tt0016523,-0.2
tt0014024,tt0016880,0.7
tt0014029,tt0017918,0.7
tt0014031,tt0007755,-1.8
tt0014031,tt0008271,0.3
tt0014031,tt0008551,-0.5
tt0014031,tt0008634,-2.1
tt0014031,tt0008978,-1.0
tt0014031,tt0009153,-1.7
tt0014031,tt0009494,0.1
tt0014031,tt0009580,-1.0
tt0014031,tt0009690,0.3
tt0014031,tt0009696,0.3
tt0014031,tt0009811,0.0
tt0014031,tt0009837,0.4
tt0014031,tt0009859,-0.3
tt0014031,tt0009903,0.5
tt0014031,tt0010119,0.1
tt0014031,tt0010198,-0.4
tt0014031,tt0010438,-0.5
tt0014031,tt0010544,0.1
tt0014031,tt0010628,0.1
tt0014031,tt0010629,0.8
tt0014031,tt0010640,0.7
tt0014031,tt0011298,-0.5
tt0014031,tt0011358,-2.2
tt0014031,tt0011906,-0.5
tt0014031,tt0011968,0.0
tt0014031,tt0012102,0.4
tt0014031,tt0012194,0.5
tt0014031,tt0012328,-0.6
tt0014031,tt0012734,0.2
tt0014031,tt0012818,0.4
tt0014031,tt0013321,0.8
tt0014031,tt0013603,0.5
tt0014031,tt0013735,-1.1
tt0014031,tt0013909,-1.4
tt0014031,tt0014321,-1.5
tt0014031,tt0014539,0.3
tt0014031,tt0014977,0.8
tt0014031,tt0014999,0.3
tt0014031,tt0015973,-1.9
tt0014031,tt0016022,-1.7
tt0014031,tt0016417,0.0
tt0014031,tt0016664,-1.4
tt0014031,tt0017374,-1.9
tt0014031,tt0017463,-3.2
tt0014031,tt0018530,-1.9
tt0014031,tt0018909,-2.9
tt0014039,tt0009334,0.5
tt0014039,tt0010244,-0.5
tt0014039,tt0010766,-0.5
tt0014039,tt0011130,0.1
tt0014039,tt0013336,0.6
tt0014039,tt0013629,0.7
tt0014039,tt0013662,0.0
tt0014039,tt0014869,0.1
tt0014039,tt0016346,-0.2
tt0014039,tt0017632,0.3
tt0014039,tt0017735,0.1
tt0014039,tt0018332,0.1
tt0014040,tt0015577,0.8
tt0014040,tt0016548,0.8
tt0014040,tt0016935,0.6
tt0014040,tt0017382,0.8
tt0014040,tt0017411,0.9
tt0014040,tt0017698,0.1
tt0014042,tt0012636,0.7
tt0014042,tt0018742,-0.3
tt0014045,tt0008882,0.2
tt0014051,tt0006299,-0.1
tt0014066,tt0017027,0.6
tt0014066,tt0017912,0.8
tt0014066,tt0018491,0.8
tt0014068,tt0012763,0.9
tt0014068,tt0016395,0.7
tt0014069,tt0002844,0.6
tt0014069,tt0003037,0.6
tt0014069,tt0003165,0.6
tt0014069,tt0003930,0.7
tt0014069,tt0003952,0.8
tt0014069,tt0006206,0.2
tt0014069,tt0006886,0.3
tt0014069,tt0008371,0.5
tt0014069,tt0009701,0.4
tt0014069,tt0009757,0.5
tt0014069,tt0009905,-0.1
tt0014069,tt0010089,0.4
tt0014069,tt0011110,0.4
tt0014069,tt0013125,0.1
tt0014069,tt0014897,-0.1
tt0014069,tt0015232,0.7
tt0014079,tt0015814,-0.4
tt0014090,tt0008585,-1.5
tt0014090,tt0010892,-0.1
tt0014090,tt0011118,-0.4
tt0014090,tt0014239,-1.4
tt0014090,tt0014702,-0.4
tt0014090,tt0015091,-0.9
tt0014100,tt0006027,0.5
tt0014100,tt0015004,0.3
tt0014100,tt0017757,0.8
tt0014108,tt0010247,0.9
tt0014109,tt0010247,0.9
tt0014119,tt0016487,0.5
tt0014119,tt0017498,0.3
tt0014119,tt0018049,0.3
tt0014137,tt0010929,0.7
tt0014137,tt0012202,0.9
tt0014137,tt0017226,0.9
tt0014138,tt0003324,-0.2
tt0014138,tt0003587,0.9
tt0014138,tt0005400,0.4
tt0014138,tt0005579,0.3
tt0014138,tt0006052,0.6
tt0014138,tt0013538,0.0
tt0014138,tt0014858,-1.1
tt0014138,tt0017077,-0.5
tt0014142,tt0011565,0.9
tt0014144,tt0010754,0.5
tt0014144,tt0011765,0.3
tt0014144,tt0012362,0.7
tt0014144,tt0012422,0.2
tt0014144,tt0013301,0.2
tt0014144,tt0014168,0.5
tt0014144,tt0015968,-0.2
tt0014144,tt0016910,0.6
tt0014145,tt0012111,-2.0
tt0014146,tt0010323,-0.8
tt0014146,tt0014397,0.5
tt0014146,tt0015202,0.2
tt0014149,tt0007057,0.6
tt0014160,tt0004939,-1.4
tt0014160,tt0015053,0.3
tt0014160,tt0015364,-0.1
tt0014160,tt0016751,-1.1
tt0014160,tt0017765,-0.7
tt0014160,tt0018698,0.6
tt0014164,tt0009159,0.8
tt0014164,tt0010964,0.4
tt0014164,tt0018893,0.3
tt0014165,tt0002785,0.1
tt0014165,tt0004473,0.7
tt0014165,tt0004825,-0.7
tt0014165,tt0004872,-0.8
tt0014165,tt0005041,-0.9
tt0014165,tt0005163,-0.3
tt0014165,tt0006182,0.1
tt0014165,tt0006755,-0.9
tt0014165,tt0007678,-0.9
tt0014165,tt0008011,-0.4
tt0014165,tt0008443,-1.0
tt0014165,tt0008458,-0.5
tt0014165,tt0008764,0.3
tt0014165,tt0008891,-1.2
tt0014165,tt0009020,-1.6
tt0014165,tt0009523,-0.6
tt0014165,tt0009567,-0.9
tt0014165,tt0009827,0.4
tt0014165,tt0009969,-0.7
tt0014165,tt0010352,0.4
tt0014165,tt0010844,-0.7
tt0014165,tt0010882,-0.6
tt0014165,tt0011076,0.1
tt0014165,tt0011387,-0.9
tt0014165,tt0011785,-1.4
tt0014165,tt0013332,-0.9
tt0014165,tt0014158,-1.8
tt0014165,tt0014602,-1.3
tt0014165,tt0015492,-0.9
tt0014165,tt0016150,-0.7
tt0014165,tt0016389,0.4
tt0014165,tt0016598,0.0
tt0014168,tt0011765,0.8
tt0014168,tt0012422,0.7
tt0014168,tt0013301,0.7
tt0014168,tt0015968,0.3
tt0014171,tt0003735,0.4
tt0014171,tt0004712,-0.5
tt0014171,tt0006666,0.1
tt0014171,tt0007910,-0.8
tt0014171,tt0008725,-0.1
tt0014171,tt0008826,0.0
tt0014171,tt0009419,0.6
tt0014171,tt0009853,0.3
tt0014171,tt0010358,-0.1
tt0014171,tt0011011,0.8
tt0014171,tt0012192,0.5
tt0014171,tt0012365,0.5
tt0014171,tt0013619,-0.2
tt0014171,tt0014191,0.3
tt0014171,tt0015339,-0.1
tt0014171,tt0016384,-0.1
tt0014171,tt0016850,-0.1
tt0014171,tt0016930,0.9
tt0014171,tt0017462,0.7
tt0014171,tt0017946,0.3
tt0014171,tt0018159,0.1
tt0014174,tt0015225,0.8
tt0014181,tt0014183,-0.6
tt0014181,tt0015847,0.9
tt0014181,tt0016159,0.5
tt0014181,tt0017020,-1.1
tt0014181,tt0017022,0.0
tt0014181,tt0017023,-0.5
tt0014181,tt0017049,0.2
tt0014183,tt0017020,0.5
tt0014186,tt0015771,0.9
tt0014187,tt0015918,0.0
tt0014188,tt0003508,0.1
tt0014188,tt0012285,0.1
tt0014189,tt0010879,-2.3
tt0014189,tt0011474,-2.0
tt0014189,tt0012434,-0.4
tt0014189,tt0012862,0.2
tt0014189,tt0013051,0.7
tt0014189,tt0013303,0.7
tt0014189,tt0013540,-0.3
tt0014189,tt0013906,0.0
tt0014189,tt0014553,-0.5
tt0014189,tt0014782,-0.8
tt0014189,tt0014866,0.1
tt0014189,tt0015542,-0.2
tt0014189,tt0015749,-0.1
tt0014189,tt0016037,-0.8
tt0014189,tt0016374,0.6
tt0014189,tt0016658,0.6
tt0014189,tt0017119,-2.3
tt0014189,tt0018016,-1.8
tt0014189,tt0018613,-0.5
tt0014189,tt0018666,-0.7
tt0014191,tt0004712,0.2
tt0014191,tt0006666,0.8
tt0014191,tt0007910,-0.1
tt0014191,tt0008725,0.6
tt0014191,tt0008826,0.7
tt0014191,tt0010358,0.6
tt0014191,tt0013619,0.5
tt0014191,tt0015339,0.6
tt0014191,tt0016384,0.6
tt0014191,tt0016850,0.6
tt0014191,tt0018159,0.8
tt0014193,tt0011393,0.3
tt0014193,tt0011394,-1.2
tt0014196,tt0012997,0.0
tt0014196,tt0013107,0.9
tt0014196,tt0016430,0.0
tt0014196,tt0016921,-1.4
tt0014196,tt0017518,-0.9
tt0014196,tt0018389,0.5
tt0014196,tt0018571,-0.8
tt0014202,tt0012926,-0.1
tt0014202,tt0014817,0.7
tt0014202,tt0014874,0.7
tt0014202,tt0014978,0.7
tt0014202,tt0014990,0.7
tt0014202,tt0015494,-0.2
tt0014202,tt0016063,0.7
tt0014202,tt0017401,0.1
tt0014202,tt0017539,0.4
tt0014203,tt0009273,-1.1
tt0014203,tt0011093,-1.2
tt0014203,tt0013145,0.5
tt0014203,tt0013391,0.6
tt0014203,tt0013986,0.5
tt0014203,tt0014703,0.6
tt0014203,tt0014950,-1.1
tt0014203,tt0015094,0.5
tt0014203,tt0015602,0.2
tt0014203,tt0015903,0.4
tt0014203,tt0016449,0.8
tt0014203,tt0016916,0.8
tt0014203,tt0017727,0.0
tt0014203,tt0017858,-1.2
tt0014203,tt0017902,0.9
tt0014203,tt0017976,0.5
tt0014203,tt0018438,-0.9
tt0014203,tt0018579,0.6
tt0014205,tt0006027,0.4
tt0014205,tt0014100,0.9
tt0014205,tt0015004,0.2
tt0014205,tt0017757,0.7
tt0014207,tt0014298,0.8
tt0014213,tt0005061,0.6
tt0014213,tt0005879,-1.1
tt0014213,tt0005960,-1.8
tt0014213,tt0006441,0.8
tt0014213,tt0007184,0.1
tt0014213,tt0007325,0.1
tt0014213,tt0007697,0.4
tt0014213,tt0007820,0.6
tt0014213,tt0008117,-0.4
tt0014213,tt0008457,0.0
tt0014213,tt0008671,0.4
tt0014213,tt0009219,0.4
tt0014213,tt0009524,0.0
tt0014213,tt0009832,-0.2
tt0014213,tt0010091,0.0
tt0014213,tt0011739,0.8
tt0014213,tt0013293,-0.5
tt0014213,tt0015400,-2.7
tt0014213,tt0015776,0.4
tt0014213,tt0016379,0.1
tt0014213,tt0016500,0.0
tt0014213,tt0017089,0.0
tt0014213,tt0017540,-1.8
tt0014213,tt0018118,-1.1
tt0014213,tt0018170,-1.2
tt0014229,tt0005883,0.1
tt0014229,tt0012350,0.2
tt0014229,tt0014439,-0.7
tt0014229,tt0014563,0.9
tt0014229,tt0016300,0.7
tt0014229,tt0016690,0.9
tt0014229,tt0018638,0.5
tt0014239,tt0008585,0.9
tt0014248,tt0013961,0.8
tt0014248,tt0015184,0.8
tt0014248,tt0015453,0.8
tt0014248,tt0016672,0.0
tt0014248,tt0016715,0.5
tt0014248,tt0017584,-1.4
tt0014248,tt0018578,-2.1
tt0014248,tt0018684,-2.1
tt0014249,tt0015092,-0.4
tt0014249,tt0017683,0.6
tt0014249,tt0018791,-0.5
tt0014264,tt0007339,0.6
tt0014264,tt0015491,0.7
tt0014264,tt0015499,0.8
tt0014264,tt0017457,-0.4
tt0014269,tt0017923,0.5
tt0014283,tt0009273,-1.2
tt0014283,tt0011093,-1.3
tt0014283,tt0011265,0.9
tt0014283,tt0011939,0.9
tt0014283,tt0013145,0.4
tt0014283,tt0013391,0.5
tt0014283,tt0013759,0.9
tt0014283,tt0013986,0.4
tt0014283,tt0014203,0.9
tt0014283,tt0014703,0.5
tt0014283,tt0014950,-1.2
tt0014283,tt0014965,0.9
tt0014283,tt0015094,0.4
tt0014283,tt0015501,0.9
tt0014283,tt0015602,0.1
tt0014283,tt0015903,0.3
tt0014283,tt0016433,0.9
tt0014283,tt0016449,0.7
tt0014283,tt0016916,0.7
tt0014283,tt0017527,0.9
tt0014283,tt0017727,-0.1
tt0014283,tt0017858,-1.3
tt0014283,tt0017902,0.8
tt0014283,tt0017976,0.4
tt0014283,tt0018438,-1.0
tt0014283,tt0018579,0.5
tt0014301,tt0014640,0.9
tt0014301,tt0015947,0.5
tt0014301,tt0017470,0.8
tt0014302,tt0003014,0.7
tt0014302,tt0003150,0.5
tt0014302,tt0004047,0.8
tt0014302,tt0006108,-0.2
tt0014302,tt0008663,0.4
tt0014302,tt0008879,0.5
tt0014302,tt0010298,0.5
tt0014302,tt0011370,0.8
tt0014302,tt0011499,0.4
tt0014302,tt0012364,-0.3
tt0014302,tt0013452,0.1
tt0014302,tt0013730,0.9
tt0014302,tt0014014,0.8
tt0014302,tt0014972,0.0
tt0014302,tt0016446,0.1
tt0014302,tt0017350,0.1
tt0014302,tt0018836,0.7
tt0014303,tt0002555,-0.1
tt0014303,tt0002996,0.9
tt0014303,tt0003309,0.2
tt0014303,tt0003630,-0.1
tt0014303,tt0003735,-0.8
tt0014303,tt0004199,0.5
tt0014303,tt0004712,-1.7
tt0014303,tt0004847,0.4
tt0014303,tt0004869,0.3
tt0014303,tt0006600,0.7
tt0014303,tt0006666,-1.1
tt0014303,tt0006893,0.1
tt0014303,tt0007005,-0.1
tt0014303,tt0007012,0.2
tt0014303,tt0007765,0.5
tt0014303,tt0007910,-2.0
tt0014303,tt0007984,0.5
tt0014303,tt0008039,0.4
tt0014303,tt0008558,0.3
tt0014303,tt0008651,0.9
tt0014303,tt0008658,0.4
tt0014303,tt0008725,-1.3
tt0014303,tt0008745,0.6
tt0014303,tt0008804,0.6
tt0014303,tt0008806,0.4
tt0014303,tt0008810,0.2
tt0014303,tt0008826,-1.2
tt0014303,tt0008983,0.6
tt0014303,tt0009247,0.6
tt0014303,tt0009322,0.5
tt0014303,tt0009419,-0.6
tt0014303,tt0009622,0.1
tt0014303,tt0009754,0.2
tt0014303,tt0009771,-0.2
tt0014303,tt0009853,-0.9
tt0014303,tt0010186,0.7
tt0014303,tt0010337,0.4
tt0014303,tt0010358,-1.3
tt0014303,tt0011011,-0.4
tt0014303,tt0011137,-0.2
tt0014303,tt0011487,0.6
tt0014303,tt0011731,0.6
tt0014303,tt0012192,-0.7
tt0014303,tt0012365,-0.7
tt0014303,tt0013619,-1.4
tt0014303,tt0014171,-0.2
tt0014303,tt0014191,-0.9
tt0014303,tt0014970,0.9
tt0014303,tt0015339,-1.3
tt0014303,tt0015356,0.6
tt0014303,tt0016384,-1.3
tt0014303,tt0016850,-1.3
tt0014303,tt0016930,-0.3
tt0014303,tt0017462,-0.5
tt0014303,tt0017805,0.5
tt0014303,tt0017946,-0.9
tt0014303,tt0018159,-1.1
tt0014321,tt0007755,0.7
tt0014321,tt0008634,0.4
tt0014321,tt0009153,0.8
tt0014321,tt0011358,0.3
tt0014321,tt0015973,0.6
tt0014321,tt0016022,0.8
tt0014321,tt0017374,0.6
tt0014321,tt0017463,-0.7
tt0014321,tt0018530,0.6
tt0014321,tt0018909,-0.4
tt0014322,tt0006907,0.9
tt0014322,tt0016013,0.7
tt0014322,tt0016875,0.5
tt0014322,tt0018379,0.4
tt0014332,tt0015243,0.0
tt0014332,tt0018056,0.3
tt0014332,tt0018713,-2.1
tt0014339,tt0005607,0.8
tt0014341,tt0015324,0.6
tt0014341,tt0016332,0.9
tt0014341,tt0016948,0.5
tt0014341,tt0017925,0.6
tt0014344,tt0015217,-1.0
tt0014344,tt0015493,-0.6
tt0014344,tt0015508,-1.6
tt0014344,tt0016246,-1.5
tt0014344,tt0017311,-1.5
tt0014344,tt0017773,0.6
tt0014344,tt0018507,-0.7
tt0014353,tt0016706,0.6
tt0014353,tt0017423,0.5
tt0014359,tt0011973,0.0
tt0014359,tt0012178,0.0
tt0014359,tt0014759,-0.3
tt0014359,tt0015600,0.2
tt0014359,tt0016198,0.7
tt0014367,tt0007248,-0.7
tt0014367,tt0009118,-1.2
tt0014367,tt0010315,-0.6
tt0014367,tt0010719,-0.5
tt0014367,tt0011929,-0.6
tt0014367,tt0011990,-0.6
tt0014367,tt0012591,0.1
tt0014367,tt0013658,-0.7
tt0014367,tt0015163,-1.1
tt0014367,tt0015758,-0.4
tt0014367,tt0017441,0.6
tt0014367,tt0017586,-0.7
tt0014367,tt0017829,-1.1
tt0014367,tt0017877,0.2
tt0014367,tt0018532,-0.3
tt0014367,tt0018792,0.6
tt0014379,tt0012938,0.8
tt0014379,tt0013229,0.2
tt0014379,tt0013877,0.6
tt0014379,tt0015140,0.9
tt0014379,tt0016844,0.2
tt0014379,tt0017233,0.7
tt0014379,tt0018301,-0.3
tt0014379,tt0018338,0.7
tt0014382,tt0014452,0.9
tt0014382,tt0015980,-1.2
tt0014382,tt0016051,0.2
tt0014382,tt0016114,0.4
tt0014382,tt0016603,0.1
tt0014382,tt0017028,0.0
tt0014382,tt0017082,0.8
tt0014382,tt0018861,0.9
tt0014388,tt0005883,-1.0
tt0014388,tt0012096,0.3
tt0014388,tt0012350,-0.9
tt0014388,tt0014229,-0.1
tt0014388,tt0014439,-1.8
tt0014388,tt0014563,-0.2
tt0014388,tt0016300,-0.4
tt0014388,tt0016690,-0.2
tt0014388,tt0018513,0.2
tt0014388,tt0018638,-0.6
tt0014388,tt0018722,0.3
tt0014391,tt0009251,0.1
tt0014397,tt0010323,-0.3
tt0014397,tt0015202,0.7
tt0014398,tt0010055,0.8
tt0014398,tt0013084,0.3
tt0014398,tt0016205,0.2
tt0014398,tt0016947,0.7
tt0014398,tt0017158,0.4
tt0014398,tt0017307,0.2
tt0014398,tt0018033,0.0
tt0014398,tt0018381,0.6
tt0014401,tt0016232,-0.2
tt0014401,tt0017594,0.7
tt0014401,tt0018142,0.7
tt0014401,tt0018187,0.1
tt0014408,tt0009224,0.2
tt0014408,tt0009445,-0.7
tt0014408,tt0010507,0.3
tt0014414,tt0004238,0.6
tt0014414,tt0004837,-0.4
tt0014414,tt0012583,-0.9
tt0014414,tt0013570,0.0
tt0014415,tt0012890,-0.2
tt0014415,tt0012999,0.8
tt0014415,tt0013962,0.1
tt0014415,tt0015533,-0.2
tt0014415,tt0016834,-1.2
tt0014415,tt0017266,0.4
tt0014416,tt0002423,0.8
tt0014416,tt0009893,0.3
tt0014416,tt0010281,0.7
tt0014416,tt0010600,0.1
tt0014416,tt0011960,0.6
tt0014416,tt0015119,0.5
tt0014416,tt0016004,0.3
tt0014416,tt0017409,0.4
tt0014416,tt0018451,0.0
tt0014417,tt0010307,0.8
tt0014417,tt0018192,0.3
tt0014423,tt0010835,0.4
tt0014423,tt0010929,-0.3
tt0014423,tt0012077,0.0
tt0014423,tt0012114,0.6
tt0014423,tt0012202,-0.1
tt0014423,tt0012382,0.7
tt0014423,tt0013459,0.8
tt0014423,tt0013951,0.2
tt0014423,tt0014137,0.0
tt0014423,tt0014892,0.6
tt0014423,tt0015612,0.9
tt0014423,tt0016235,0.9
tt0014423,tt0016497,0.9
tt0014423,tt0017117,0.0
tt0014423,tt0017226,-0.1
tt0014423,tt0017755,0.9
tt0014426,tt0006895,0.6
tt0014426,tt0008259,-0.2
tt0014426,tt0008735,0.2
tt0014426,tt0008875,0.3
tt0014426,tt0011135,0.9
tt0014440,tt0013710,0.5
tt0014443,tt0014615,0.1
tt0014443,tt0016526,0.2
tt0014443,tt0017112,0.8
tt0014443,tt0017367,0.4
tt0014443,tt0018233,0.0
tt0014446,tt0015842,0.6
tt0014446,tt0016914,0.9
tt0014446,tt0018087,0.5
tt0014446,tt0018615,0.6
tt0014446,tt0018737,0.0
tt0014447,tt0014516,0.7
tt0014447,tt0015778,0.5
tt0014451,tt0007664,-1.1
tt0014451,tt0008175,0.0
tt0014451,tt0008389,0.4
tt0014451,tt0010088,0.7
tt0014451,tt0013724,0.0
tt0014451,tt0016615,0.3
tt0014451,tt0017599,-1.3
tt0014451,tt0018748,0.6
tt0014452,tt0015980,-1.1
tt0014452,tt0016051,0.3
tt0014452,tt0016114,0.5
tt0014452,tt0016603,0.2
tt0014452,tt0017028,0.1
tt0014452,tt0017082,0.9
tt0014453,tt0013871,0.7
tt0014453,tt0013961,0.2
tt0014453,tt0014248,0.4
tt0014453,tt0015184,0.2
tt0014453,tt0015453,0.2
tt0014453,tt0016515,0.4
tt0014453,tt0016672,-0.6
tt0014453,tt0016715,-0.1
tt0014453,tt0017584,-2.0
tt0014453,tt0018578,-2.7
tt0014453,tt0018684,-2.7
tt0014455,tt0004066,0.0
tt0014455,tt0005529,0.2
tt0014455,tt0013257,-0.8
tt0014455,tt0016783,0.1
tt0014455,tt0018166,0.0
tt0014463,tt0008362,0.1
tt0014463,tt0009550,0.3
tt0014463,tt0010853,0.8
tt0014463,tt0011651,0.5
tt0014463,tt0012754,0.8
tt0014463,tt0013606,0.2
tt0014463,tt0014503,0.6
tt0014463,tt0018548,0.9
tt0014467,tt0009369,0.6
tt0014467,tt0011128,0.4
tt0014467,tt0012468,0.5
tt0014467,tt0014029,0.0
tt0014467,tt0014522,0.3
tt0014467,tt0017918,-0.3
tt0014468,tt0009425,0.7
tt0014468,tt0010020,0.6
tt0014468,tt0012317,-0.5
tt0014468,tt0014588,0.6
tt0014468,tt0015831,0.7
tt0014468,tt0017998,-0.1
tt0014469,tt0005367,-0.5
tt0014469,tt0007271,-0.3
tt0014469,tt0007498,0.3
tt0014469,tt0007524,0.0
tt0014469,tt0007769,-0.2
tt0014469,tt0007801,0.2
tt0014469,tt0008241,-0.1
tt0014469,tt0009573,0.3
tt0014469,tt0009601,-0.7
tt0014469,tt0009637,-0.4
tt0014469,tt0010912,0.8
tt0014469,tt0011133,0.1
tt0014469,tt0011325,-0.5
tt0014469,tt0011353,0.2
tt0014469,tt0012600,0.1
tt0014469,tt0015168,-0.1
tt0014483,tt0003324,-3.2
tt0014483,tt0005232,-3.7
tt0014483,tt0005811,-3.2
tt0014483,tt0008765,-3.6
tt0014483,tt0010008,-4.9
tt0014483,tt0012016,-2.7
tt0014483,tt0015272,-2.8
tt0014489,tt0010190,0.5
tt0014489,tt0011191,-0.5
tt0014489,tt0012881,0.7
tt0014489,tt0013527,0.0
tt0014496,tt0012248,0.4
tt0014496,tt0014141,0.3
tt0014499,tt0007927,0.3
tt0014499,tt0008201,0.7
tt0014499,tt0011952,-0.7
tt0014499,tt0012555,0.5
tt0014499,tt0012864,0.9
tt0014499,tt0015224,0.5
tt0014499,tt0016030,-0.4
tt0014499,tt0016634,0.5
tt0014499,tt0016762,0.9
tt0014499,tt0017033,0.6
tt0014502,tt0014262,0.4
tt0014503,tt0008362,0.5
tt0014503,tt0009550,0.7
tt0014503,tt0011651,0.9
tt0014503,tt0013606,0.6
tt0014504,tt0012872,-0.8
tt0014504,tt0018707,-0.4
tt0014508,tt0008730,-0.5
tt0014508,tt0009063,-0.4
tt0014508,tt0011693,0.0
tt0014508,tt0012164,0.0
tt0014510,tt0015299,0.4
tt0014510,tt0018266,0.3
tt0014516,tt0015778,0.8
tt0014522,tt0014029,0.7
tt0014522,tt0017918,0.4
tt0014524,tt0012235,0.8
tt0014524,tt0012650,0.8
tt0014524,tt0017248,0.2
tt0014532,tt0007857,0.7
tt0014532,tt0009781,0.5
tt0014532,tt0010418,0.8
tt0014532,tt0015867,0.8
tt0014532,tt0018054,0.5
tt0014538,tt0014341,0.3
tt0014538,tt0015163,0.5
tt0014538,tt0015324,-0.1
tt0014538,tt0015863,0.9
tt0014538,tt0016332,0.2
tt0014538,tt0017925,-0.1
tt0014538,tt0017935,0.6
tt0014539,tt0007755,-1.1
tt0014539,tt0008551,0.2
tt0014539,tt0008634,-1.4
tt0014539,tt0008978,-0.3
tt0014539,tt0009153,-1.0
tt0014539,tt0009494,0.8
tt0014539,tt0009580,-0.3
tt0014539,tt0009811,0.7
tt0014539,tt0009859,0.4
tt0014539,tt0010119,0.8
tt0014539,tt0010198,0.3
tt0014539,tt0010438,0.2
tt0014539,tt0010544,0.8
tt0014539,tt0010628,0.8
tt0014539,tt0011298,0.2
tt0014539,tt0011358,-1.5
tt0014539,tt0011906,0.2
tt0014539,tt0011968,0.7
tt0014539,tt0012328,0.1
tt0014539,tt0012734,0.9
tt0014539,tt0013735,-0.4
tt0014539,tt0013909,-0.7
tt0014539,tt0014321,-0.8
tt0014539,tt0015973,-1.2
tt0014539,tt0016022,-1.0
tt0014539,tt0016417,0.7
tt0014539,tt0016664,-0.7
tt0014539,tt0017374,-1.2
tt0014539,tt0017463,-2.5
tt0014539,tt0018530,-1.2
tt0014539,tt0018909,-2.2
tt0014542,tt0011172,0.3
tt0014542,tt0011344,0.0
tt0014542,tt0012409,0.3
tt0014542,tt0012699,0.4
tt0014542,tt0013488,-0.1
tt0014542,tt0013535,0.6
tt0014542,tt0014968,-0.4
tt0014542,tt0015498,-0.2
tt0014542,tt0015500,0.2
tt0014542,tt0015624,-1.4
tt0014542,tt0016530,0.9
tt0014542,tt0016627,-0.6
tt0014542,tt0016669,-0.7
tt0014542,tt0018806,-1.5
tt0014543,tt0012636,-0.8
tt0014543,tt0014042,-0.5
tt0014543,tt0016038,0.0
tt0014543,tt0016881,0.1
tt0014543,tt0017534,-0.4
tt0014543,tt0017714,0.5
tt0014543,tt0018413,0.6
tt0014543,tt0018440,-0.2
tt0014543,tt0018742,-1.8
tt0014547,tt0006745,0.8
tt0014547,tt0009721,0.6
tt0014547,tt0010227,0.9
tt0014547,tt0010267,0.5
tt0014547,tt0013093,-0.6
tt0014547,tt0013512,0.8
tt0014547,tt0013611,0.2
tt0014547,tt0013886,0.9
tt0014547,tt0014982,0.3
tt0014547,tt0015909,0.4
tt0014547,tt0016646,0.5
tt0014547,tt0016812,0.0
tt0014547,tt0018297,0.6
tt0014552,tt0010219,-1.4
tt0014552,tt0010393,0.4
tt0014552,tt0010635,-1.9
tt0014552,tt0010835,-2.6
tt0014552,tt0010929,-3.3
tt0014552,tt0011753,-1.6
tt0014552,tt0012077,-3.0
tt0014552,tt0012114,-2.4
tt0014552,tt0012202,-3.1
tt0014552,tt0012382,-2.3
tt0014552,tt0013449,-1.4
tt0014552,tt0013459,-2.2
tt0014552,tt0013951,-2.8
tt0014552,tt0014137,-3.0
tt0014552,tt0014423,-2.0
tt0014552,tt0014777,-1.4
tt0014552,tt0014892,-2.4
tt0014552,tt0015131,-1.4
tt0014552,tt0015612,-2.1
tt0014552,tt0016235,-2.1
tt0014552,tt0016497,-2.1
tt0014552,tt0017117,-3.0
tt0014552,tt0017226,-3.1
tt0014552,tt0017755,-2.1
tt0014552,tt0018870,-1.7
tt0014553,tt0010879,-0.8
tt0014553,tt0011474,-0.5
tt0014553,tt0014782,0.7
tt0014553,tt0016037,0.7
tt0014553,tt0017119,-0.8
tt0014553,tt0018016,-0.3
tt0014553,tt0018666,0.8
tt0014563,tt0005883,0.2
tt0014563,tt0012350,0.3
tt0014563,tt0014439,-0.6
tt0014563,tt0016300,0.8
tt0014563,tt0018638,0.6
tt0014568,tt0007645,-0.6
tt0014568,tt0008159,0.0
tt0014568,tt0009737,0.6
tt0014568,tt0011193,0.2
tt0014568,tt0012324,-1.4
tt0014568,tt0013109,0.6
tt0014568,tt0015632,0.0
tt0014568,tt0016804,-0.4
tt0014568,tt0017667,-0.4
tt0014568,tt0018037,0.2
tt0014568,tt0018218,0.2
tt0014568,tt0018566,-0.4
tt0014569,tt0008998,0.7
tt0014570,tt0004337,-0.3
tt0014570,tt0004937,0.9
tt0014570,tt0005423,0.9
tt0014570,tt0006037,0.1
tt0014570,tt0011738,0.8
tt0014577,tt0018155,0.1
tt0014577,tt0018592,0.7
tt0014580,tt0008787,-0.2
tt0014582,tt0015284,0.7
tt0014582,tt0016106,0.4
tt0014583,tt0005377,0.1
tt0014583,tt0005561,-2.0
tt0014583,tt0006482,-0.4
tt0014583,tt0006865,-0.6
tt0014583,tt0007000,-2.3
tt0014583,tt0007590,-0.6
tt0014583,tt0008305,-1.1
tt0014583,tt0008652,-0.5
tt0014583,tt0009552,0.1
tt0014583,tt0009726,0.6
tt0014583,tt0010419,-0.9
tt0014583,tt0010572,-0.2
tt0014583,tt0010859,-0.2
tt0014583,tt0010920,-0.5
tt0014583,tt0011695,-0.5
tt0014583,tt0013104,-0.8
tt0014583,tt0013450,-1.0
tt0014583,tt0013841,-0.9
tt0014583,tt0014619,-0.9
tt0014583,tt0014721,-0.3
tt0014583,tt0015310,-1.5
tt0014583,tt0016541,-1.5
tt0014583,tt0016815,0.9
tt0014583,tt0017751,-0.9
tt0014583,tt0018622,-0.8
tt0014586,tt0008527,0.0
tt0014586,tt0012281,0.7
tt0014586,tt0017739,0.5
tt0014588,tt0012317,-0.1
tt0014588,tt0017998,0.3
tt0014600,tt0018825,0.5
tt0014602,tt0009020,0.7
tt0014602,tt0011785,0.9
tt0014602,tt0014158,0.5
tt0014604,tt0003643,0.7
tt0014604,tt0003665,0.8
tt0014604,tt0004181,0.9
tt0014604,tt0006864,-0.5
tt0014604,tt0009109,0.8
tt0014604,tt0009130,0.3
tt0014604,tt0009133,-0.1
tt0014604,tt0009150,0.6
tt0014604,tt0009559,0.9
tt0014604,tt0009968,-0.1
tt0014604,tt0010108,0.4
tt0014604,tt0010484,0.1
tt0014604,tt0010806,0.2
tt0014604,tt0011841,-0.2
tt0014604,tt0012532,-0.2
tt0014604,tt0014672,0.8
tt0014604,tt0015018,0.3
tt0014604,tt0016308,0.5
tt0014604,tt0017419,0.8
tt0014604,tt0018678,0.6
tt0014605,tt0010729,0.9
tt0014605,tt0012763,0.8
tt0014605,tt0014068,0.9
tt0014605,tt0016395,0.6
tt0014606,tt0009001,0.6
tt0014606,tt0009284,0.1
tt0014606,tt0009544,-0.8
tt0014606,tt0010890,0.7
tt0014606,tt0012538,0.6
tt0014606,tt0014003,0.5
tt0014606,tt0016142,0.5
tt0014606,tt0016473,0.0
tt0014606,tt0016655,0.4
tt0014606,tt0017329,0.8
tt0014606,tt0018097,0.4
tt0014606,tt0018397,0.2
tt0014606,tt0018528,-0.6
tt0014606,tt0018697,0.3
tt0014611,tt0014429,-0.8
tt0014611,tt0014945,-0.3
tt0014611,tt0015841,-0.2
tt0014611,tt0016895,0.8
tt0014611,tt0018183,0.9
tt0014615,tt0018233,0.9
tt0014619,tt0005561,-0.1
tt0014619,tt0007000,-0.4
tt0014619,tt0008305,0.8
tt0014619,tt0013450,0.9
tt0014619,tt0015310,0.4
tt0014619,tt0016541,0.4
tt0014624,tt0012349,-0.3
tt0014624,tt0015864,-0.2
tt0014624,tt0018773,-0.2
tt0014636,tt0005392,0.4
tt0014636,tt0008406,0.2
tt0014636,tt0009143,0.4
tt0014636,tt0009400,0.9
tt0014636,tt0010049,-0.2
tt0014636,tt0013556,0.6
tt0014636,tt0014981,0.9
tt0014636,tt0015116,0.9
tt0014636,tt0015349,-0.1
tt0014636,tt0015465,0.3
tt0014636,tt0016394,0.8
tt0014636,tt0017242,0.3
tt0014636,tt0017841,0.5
tt0014639,tt0012940,0.6
tt0014640,tt0015947,0.6
tt0014640,tt0017470,0.9
tt0014644,tt0013802,0.7
tt0014644,tt0015644,0.6
tt0014644,tt0015902,0.9
tt0014644,tt0018450,-0.9
tt0014646,tt0005903,0.0
tt0014646,tt0006241,-0.5
tt0014646,tt0007183,0.7
tt0014646,tt0008536,0.6
tt0014646,tt0012342,0.9
tt0014646,tt0015958,0.7
tt0014646,tt0016559,0.4
tt0014646,tt0017293,0.2
tt0014646,tt0017418,0.4
tt0014646,tt0017748,0.2
tt0014646,tt0018844,0.5
tt0014650,tt0015866,0.6
tt0014650,tt0017346,0.4
tt0014672,tt0003643,0.9
tt0014672,tt0006864,-0.3
tt0014672,tt0009130,0.5
tt0014672,tt0009133,0.1
tt0014672,tt0009150,0.8
tt0014672,tt0009968,0.1
tt0014672,tt0010108,0.6
tt0014672,tt0010484,0.3
tt0014672,tt0010806,0.4
tt0014672,tt0011841,0.0
tt0014672,tt0012532,0.0
tt0014672,tt0015018,0.5
tt0014672,tt0016308,0.7
tt0014672,tt0018678,0.8
tt0014673,tt0004939,-1.6
tt0014673,tt0014160,0.8
tt0014673,tt0015053,0.1
tt0014673,tt0015364,-0.3
tt0014673,tt0016751,-1.3
tt0014673,tt0017765,-0.9
tt0014673,tt0018698,0.4
tt0014679,tt0007959,0.8
tt0014679,tt0012068,0.3
tt0014679,tt0012190,0.0
tt0014679,tt0013515,0.3
tt0014679,tt0013710,-0.5
tt0014679,tt0013716,0.6
tt0014679,tt0014440,0.0
tt0014679,tt0017103,0.3
tt0014679,tt0017120,0.3
tt0014679,tt0017917,0.4
tt0014689,tt0002305,-0.7
tt0014689,tt0004223,0.7
tt0014689,tt0004854,0.7
tt0014689,tt0006688,0.5
tt0014689,tt0007368,0.6
tt0014689,tt0012937,0.9
tt0014689,tt0018646,-0.4
tt0014692,tt0006375,0.8
tt0014692,tt0014118,0.2
tt0014692,tt0014443,0.6
tt0014692,tt0014615,-0.3
tt0014692,tt0014893,0.7
tt0014692,tt0016526,-0.2
tt0014692,tt0017112,0.4
tt0014692,tt0017367,0.0
tt0014692,tt0017558,0.8
tt0014692,tt0018233,-0.4
tt0014696,tt0007903,0.9
tt0014696,tt0008362,0.0
tt0014696,tt0009550,0.2
tt0014696,tt0010853,0.7
tt0014696,tt0011651,0.4
tt0014696,tt0011756,0.9
tt0014696,tt0012754,0.7
tt0014696,tt0013606,0.1
tt0014696,tt0014463,0.9
tt0014696,tt0014503,0.5
tt0014696,tt0018548,0.8
tt0014701,tt0017652,0.0
tt0014701,tt0018051,-0.5
tt0014702,tt0008585,-0.1
tt0014702,tt0014239,0.0
tt0014702,tt0015091,0.5
tt0014703,tt0009273,-0.7
tt0014703,tt0011093,-0.8
tt0014703,tt0013145,0.9
tt0014703,tt0013986,0.9
tt0014703,tt0014950,-0.7
tt0014703,tt0015094,0.9
tt0014703,tt0015602,0.6
tt0014703,tt0015903,0.8
tt0014703,tt0017727,0.4
tt0014703,tt0017858,-0.8
tt0014703,tt0017976,0.9
tt0014703,tt0018438,-0.5
tt0014706,tt0006437,0.1
tt0014706,tt0007998,0.8
tt0014706,tt0011070,0.5
tt0014706,tt0012465,0.8
tt0014706,tt0016894,0.2
tt0014707,tt0016770,-1.0
tt0014707,tt0017079,0.5
tt0014707,tt0017399,0.8
tt0014713,tt0012868,0.6
tt0014713,tt0013263,0.5
tt0014720,tt0016134,0.6
tt0014720,tt0016305,0.5
tt0014720,tt0017882,-0.1
tt0014720,tt0018715,-0.1
tt0014720,tt0018725,0.4
tt0014721,tt0005561,-0.7
tt0014721,tt0006482,0.9
tt0014721,tt0006865,0.7
tt0014721,tt0007000,-1.0
tt0014721,tt0007590,0.7
tt0014721,tt0008305,0.2
tt0014721,tt0008652,0.8
tt0014721,tt0010419,0.4
tt0014721,tt0010920,0.8
tt0014721,tt0011695,0.8
tt0014721,tt0013104,0.5
tt0014721,tt0013450,0.3
tt0014721,tt0013841,0.4
tt0014721,tt0014619,0.4
tt0014721,tt0015310,-0.2
tt0014721,tt0016541,-0.2
tt0014721,tt0017751,0.4
tt0014721,tt0018622,0.5
tt0014734,tt0015742,0.8
tt0014734,tt0016687,0.9
tt0014741,tt0011197,-2.3
tt0014741,tt0011459,-2.2
tt0014741,tt0011858,-1.5
tt0014741,tt0012830,-2.6
tt0014741,tt0013792,-1.3
tt0014741,tt0016733,-2.3
tt0014742,tt0015852,0.4
tt0014742,tt0016734,-0.2
tt0014742,tt0017493,0.7
tt0014742,tt0017804,0.7
tt0014752,tt0016884,0.3
tt0014756,tt0005195,0.1
tt0014756,tt0006339,0.3
tt0014756,tt0008411,-1.0
tt0014756,tt0008919,-1.1
tt0014756,tt0009304,0.1
tt0014756,tt0011667,-0.7
tt0014756,tt0012490,-0.4
tt0014756,tt0015738,-1.9
tt0014756,tt0016237,-0.8
tt0014756,tt0016438,-1.4
tt0014756,tt0016533,-0.4
tt0014756,tt0016867,-0.5
tt0014756,tt0017000,-1.4
tt0014756,tt0017218,-0.5
tt0014760,tt0017935,0.6
tt0014762,tt0006011,0.7
tt0014762,tt0009677,0.4
tt0014762,tt0009878,0.7
tt0014762,tt0010622,0.7
tt0014762,tt0012386,0.5
tt0014762,tt0016814,0.7
tt0014767,tt0017619,0.1
tt0014774,tt0009159,-0.2
tt0014774,tt0009929,0.0
tt0014774,tt0010060,0.9
tt0014774,tt0010964,-0.6
tt0014774,tt0011738,0.3
tt0014774,tt0014164,0.0
tt0014774,tt0017526,0.8
tt0014774,tt0018749,0.5
tt0014774,tt0018893,-0.7
tt0014775,tt0013871,0.2
tt0014775,tt0013961,-0.3
tt0014775,tt0014248,-0.1
tt0014775,tt0014453,0.5
tt0014775,tt0015184,-0.3
tt0014775,tt0015453,-0.3
tt0014775,tt0016515,-0.1
tt0014775,tt0016672,-1.1
tt0014775,tt0016715,-0.6
tt0014775,tt0017584,-2.5
tt0014775,tt0018578,-3.2
tt0014775,tt0018684,-3.2
tt0014777,tt0010635,0.5
tt0014777,tt0010835,-0.2
tt0014777,tt0010929,-0.9
tt0014777,tt0011753,0.8
tt0014777,tt0012077,-0.6
tt0014777,tt0012114,0.0
tt0014777,tt0012202,-0.7
tt0014777,tt0012382,0.1
tt0014777,tt0013459,0.2
tt0014777,tt0013951,-0.4
tt0014777,tt0014137,-0.6
tt0014777,tt0014423,0.4
tt0014777,tt0014892,0.0
tt0014777,tt0015612,0.3
tt0014777,tt0016235,0.3
tt0014777,tt0016497,0.3
tt0014777,tt0017117,-0.6
tt0014777,tt0017226,-0.7
tt0014777,tt0017755,0.3
tt0014777,tt0018870,0.7
tt0014782,tt0010879,-0.5
tt0014782,tt0011474,-0.2
tt0014782,tt0017119,-0.5
tt0014782,tt0018016,0.0
tt0014797,tt0016034,0.1
tt0014808,tt0010201,-0.7
tt0014808,tt0014401,-0.8
tt0014808,tt0015101,-0.8
tt0014808,tt0016232,-2.0
tt0014808,tt0017594,-1.1
tt0014808,tt0018142,-1.1
tt0014808,tt0018187,-1.7
tt0014816,tt0005764,0.5
tt0014816,tt0010905,0.2
tt0014816,tt0013867,0.9
tt0014816,tt0015735,0.4
tt0014816,tt0018203,0.8
tt0014816,tt0018674,0.9
tt0014817,tt0012926,0.2
tt0014817,tt0015494,0.1
tt0014817,tt0017401,0.4
tt0014817,tt0017539,0.7
tt0014826,tt0014528,0.2
tt0014826,tt0015831,0.2
tt0014837,tt0005195,-0.1
tt0014837,tt0006339,0.1
tt0014837,tt0008411,-1.2
tt0014837,tt0009304,-0.1
tt0014837,tt0014756,0.8
tt0014837,tt0017000,-1.6
tt0014839,tt0018127,0.1
tt0014845,tt0004052,0.2
tt0014845,tt0016213,-0.9
tt0014845,tt0016508,0.9
tt0014845,tt0017316,-0.3
tt0014845,tt0017325,0.9
tt0014845,tt0018565,0.5
tt0014854,tt0009652,0.9
tt0014854,tt0012406,0.8
tt0014854,tt0016390,-0.1
tt0014857,tt0014652,0.4
tt0014857,tt0016382,0.4
tt0014866,tt0010879,-1.4
tt0014866,tt0011474,-1.1
tt0014866,tt0012434,0.5
tt0014866,tt0013540,0.6
tt0014866,tt0013906,0.9
tt0014866,tt0014553,0.4
tt0014866,tt0014782,0.1
tt0014866,tt0015542,0.7
tt0014866,tt0015749,0.8
tt0014866,tt0016037,0.1
tt0014866,tt0017119,-1.4
tt0014866,tt0018016,-0.9
tt0014866,tt0018613,0.4
tt0014866,tt0018666,0.2
tt0014867,tt0015688,0.7
tt0014867,tt0016202,0.4
tt0014867,tt0017947,0.4
tt0014867,tt0018235,0.1
tt0014867,tt0018253,0.9
tt0014869,tt0010244,0.4
tt0014869,tt0010766,0.4
tt0014869,tt0013662,0.9
tt0014869,tt0016346,0.7
tt0014874,tt0012926,0.2
tt0014874,tt0015494,0.1
tt0014874,tt0017401,0.4
tt0014874,tt0017539,0.7
tt0014881,tt0007038,0.8
tt0014881,tt0007857,0.5
tt0014881,tt0009781,0.3
tt0014881,tt0009796,0.9
tt0014881,tt0010418,0.6
tt0014881,tt0011865,0.9
tt0014881,tt0012181,0.9
tt0014881,tt0013574,0.9
tt0014881,tt0014532,0.8
tt0014881,tt0015867,0.6
tt0014881,tt0017519,0.9
tt0014881,tt0018054,0.3
tt0014884,tt0012117,0.5
tt0014884,tt0012238,0.8
tt0014884,tt0012563,0.9
tt0014884,tt0012938,0.3
tt0014884,tt0013229,-0.3
tt0014884,tt0013877,0.1
tt0014884,tt0014379,0.5
tt0014884,tt0015140,0.4
tt0014884,tt0016844,-0.3
tt0014884,tt0017233,0.2
tt0014884,tt0018301,-0.8
tt0014884,tt0018338,0.2
tt0014888,tt0006413,0.7
tt0014888,tt0008353,0.6
tt0014888,tt0014284,-0.5
tt0014888,tt0015248,0.2
tt0014888,tt0015537,0.5
tt0014888,tt0018575,0.3
tt0014888,tt0018813,-0.2
tt0014891,tt0013592,0.4
tt0014891,tt0014582,0.4
tt0014891,tt0015284,0.1
tt0014891,tt0016106,-0.2
tt0014892,tt0010835,0.8
tt0014892,tt0010929,0.1
tt0014892,tt0012077,0.4
tt0014892,tt0012202,0.3
tt0014892,tt0013951,0.6
tt0014892,tt0014137,0.4
tt0014892,tt0017117,0.4
tt0014892,tt0017226,0.3
tt0014893,tt0014443,0.9
tt0014893,tt0014615,0.0
tt0014893,tt0016526,0.1
tt0014893,tt0017112,0.7
tt0014893,tt0017367,0.3
tt0014893,tt0018233,-0.1
tt0014900,tt0010330,0.7
tt0014900,tt0010947,0.7
tt0014900,tt0011348,0.0
tt0014900,tt0011654,0.5
tt0014900,tt0011676,0.2
tt0014900,tt0012973,0.3
tt0014900,tt0013373,0.9
tt0014900,tt0013442,-0.6
tt0014900,tt0013496,0.5
tt0014900,tt0015064,-0.8
tt0014900,tt0016847,-0.9
tt0014900,tt0017448,0.1
tt0014900,tt0018455,-0.9
tt0014901,tt0014040,-0.8
tt0014901,tt0015068,-0.5
tt0014901,tt0015577,-1.0
tt0014901,tt0016548,-1.0
tt0014901,tt0016935,-1.2
tt0014901,tt0017382,-1.0
tt0014901,tt0017411,-0.9
tt0014901,tt0017698,-1.7
tt0014901,tt0018896,-0.7
tt0014915,tt0007867,0.7
tt0014925,tt0002423,0.3
tt0014925,tt0009062,0.9
tt0014925,tt0009893,-0.2
tt0014925,tt0010281,0.2
tt0014925,tt0010600,-0.4
tt0014925,tt0010962,0.5
tt0014925,tt0011371,0.5
tt0014925,tt0011641,0.7
tt0014925,tt0011960,0.1
tt0014925,tt0013741,0.5
tt0014925,tt0014416,0.5
tt0014925,tt0015119,0.0
tt0014925,tt0015409,0.6
tt0014925,tt0015979,0.7
tt0014925,tt0016004,-0.2
tt0014925,tt0017409,-0.1
tt0014925,tt0018451,-0.5
tt0014927,tt0014365,0.1
tt0014927,tt0018771,0.9
tt0014945,tt0014429,-0.5
tt0014946,tt0015687,0.8
tt0014950,tt0011093,0.9
tt0014950,tt0017858,0.9
tt0014953,tt0013926,0.8
tt0014953,tt0014538,-0.2
tt0014953,tt0014760,-0.2
tt0014953,tt0015074,0.4
tt0014953,tt0016258,-0.2
tt0014953,tt0017935,-0.6
tt0014960,tt0014382,-0.5
tt0014960,tt0014452,-0.6
tt0014960,tt0015980,-2.7
tt0014960,tt0016051,-1.3
tt0014960,tt0016114,-1.1
tt0014960,tt0016603,-1.4
tt0014960,tt0017028,-1.5
tt0014960,tt0017082,-0.7
tt0014960,tt0017505,0.2
tt0014960,tt0018861,-0.6
tt0014965,tt0009273,-1.1
tt0014965,tt0011093,-1.2
tt0014965,tt0013145,0.5
tt0014965,tt0013391,0.6
tt0014965,tt0013986,0.5
tt0014965,tt0014703,0.6
tt0014965,tt0014950,-1.1
tt0014965,tt0015094,0.5
tt0014965,tt0015602,0.2
tt0014965,tt0015903,0.4
tt0014965,tt0016449,0.8
tt0014965,tt0016916,0.8
tt0014965,tt0017727,0.0
tt0014965,tt0017858,-1.2
tt0014965,tt0017902,0.9
tt0014965,tt0017976,0.5
tt0014965,tt0018438,-0.9
tt0014965,tt0018579,0.6
tt0014968,tt0015624,0.0
tt0014968,tt0016627,0.8
tt0014968,tt0016669,0.7
tt0014968,tt0018806,-0.1
tt0014969,tt0014742,-2.8
tt0014969,tt0015412,-0.2
tt0014969,tt0015852,-3.4
tt0014969,tt0016734,-4.0
tt0014969,tt0016858,-2.7
tt0014969,tt0017330,-2.6
tt0014969,tt0017493,-3.1
tt0014969,tt0017671,-2.7
tt0014969,tt0017804,-3.1
tt0014969,tt0017887,-2.6
tt0014969,tt0018251,-2.4
tt0014969,tt0018325,-2.0
tt0014969,tt0018672,-1.4
tt0014970,tt0002555,0.0
tt0014970,tt0003309,0.3
tt0014970,tt0003630,0.0
tt0014970,tt0003735,-0.7
tt0014970,tt0004199,0.6
tt0014970,tt0004712,-1.6
tt0014970,tt0004847,0.5
tt0014970,tt0004869,0.4
tt0014970,tt0006600,0.8
tt0014970,tt0006666,-1.0
tt0014970,tt0006893,0.2
tt0014970,tt0007005,0.0
tt0014970,tt0007012,0.3
tt0014970,tt0007765,0.6
tt0014970,tt0007910,-1.9
tt0014970,tt0007984,0.6
tt0014970,tt0008039,0.5
tt0014970,tt0008558,0.4
tt0014970,tt0008658,0.5
tt0014970,tt0008725,-1.2
tt0014970,tt0008745,0.7
tt0014970,tt0008804,0.7
tt0014970,tt0008806,0.5
tt0014970,tt0008810,0.3
tt0014970,tt0008826,-1.1
tt0014970,tt0008983,0.7
tt0014970,tt0009247,0.7
tt0014970,tt0009322,0.6
tt0014970,tt0009419,-0.5
tt0014970,tt0009622,0.2
tt0014970,tt0009754,0.3
tt0014970,tt0009771,-0.1
tt0014970,tt0009853,-0.8
tt0014970,tt0010186,0.8
tt0014970,tt0010337,0.5
tt0014970,tt0010358,-1.2
tt0014970,tt0011011,-0.3
tt0014970,tt0011137,-0.1
tt0014970,tt0011487,0.7
tt0014970,tt0011731,0.7
tt0014970,tt0012192,-0.6
tt0014970,tt0012365,-0.6
tt0014970,tt0013619,-1.3
tt0014970,tt0014171,-0.1
tt0014970,tt0014191,-0.8
tt0014970,tt0015339,-1.2
tt0014970,tt0015356,0.7
tt0014970,tt0016384,-1.2
tt0014970,tt0016850,-1.2
tt0014970,tt0016930,-0.2
tt0014970,tt0017462,-0.4
tt0014970,tt0017805,0.6
tt0014970,tt0017946,-0.8
tt0014970,tt0018159,-1.0
tt0014972,tt0006108,0.8
tt0014972,tt0012364,0.7
tt0014977,tt0007755,-1.6
tt0014977,tt0008271,0.5
tt0014977,tt0008551,-0.3
tt0014977,tt0008634,-1.9
tt0014977,tt0008978,-0.8
tt0014977,tt0009153,-1.5
tt0014977,tt0009494,0.3
tt0014977,tt0009580,-0.8
tt0014977,tt0009690,0.5
tt0014977,tt0009696,0.5
tt0014977,tt0009811,0.2
tt0014977,tt0009837,0.6
tt0014977,tt0009859,-0.1
tt0014977,tt0009903,0.7
tt0014977,tt0010119,0.3
tt0014977,tt0010198,-0.2
tt0014977,tt0010438,-0.3
tt0014977,tt0010544,0.3
tt0014977,tt0010628,0.3
tt0014977,tt0010640,0.9
tt0014977,tt0011298,-0.3
tt0014977,tt0011358,-2.0
tt0014977,tt0011906,-0.3
tt0014977,tt0011968,0.2
tt0014977,tt0012102,0.6
tt0014977,tt0012194,0.7
tt0014977,tt0012328,-0.4
tt0014977,tt0012734,0.4
tt0014977,tt0012818,0.6
tt0014977,tt0013603,0.7
tt0014977,tt0013735,-0.9
tt0014977,tt0013909,-1.2
tt0014977,tt0014321,-1.3
tt0014977,tt0014539,0.5
tt0014977,tt0014999,0.5
tt0014977,tt0015973,-1.7
tt0014977,tt0016022,-1.5
tt0014977,tt0016417,0.2
tt0014977,tt0016664,-1.2
tt0014977,tt0017374,-1.7
tt0014977,tt0017463,-3.0
tt0014977,tt0018530,-1.7
tt0014977,tt0018909,-2.7
tt0014978,tt0012926,0.2
tt0014978,tt0015494,0.1
tt0014978,tt0017401,0.4
tt0014978,tt0017539,0.7
tt0014981,tt0005392,0.5
tt0014981,tt0008406,0.3
tt0014981,tt0009143,0.5
tt0014981,tt0010049,-0.1
tt0014981,tt0013556,0.7
tt0014981,tt0015349,0.0
tt0014981,tt0015465,0.4
tt0014981,tt0016394,0.9
tt0014981,tt0017242,0.4
tt0014981,tt0017841,0.6
tt0014982,tt0013093,0.1
tt0014982,tt0013611,0.9
tt0014982,tt0016812,0.7
tt0014985,tt0013864,0.3
tt0014985,tt0016912,0.5
tt0014988,tt0016628,-0.1
tt0014988,tt0018471,0.1
tt0014988,tt0018795,0.4
tt0014989,tt0006463,-0.9
tt0014989,tt0007272,-0.2
tt0014990,tt0012926,0.2
tt0014990,tt0015494,0.1
tt0014990,tt0017401,0.4
tt0014990,tt0017539,0.7
tt0014991,tt0011172,0.1
tt0014991,tt0011344,-0.2
tt0014991,tt0012409,0.1
tt0014991,tt0012699,0.2
tt0014991,tt0013091,0.9
tt0014991,tt0013488,-0.3
tt0014991,tt0013535,0.4
tt0014991,tt0014542,0.8
tt0014991,tt0014968,-0.6
tt0014991,tt0015498,-0.4
tt0014991,tt0015500,0.0
tt0014991,tt0015624,-1.6
tt0014991,tt0016530,0.7
tt0014991,tt0016627,-0.8
tt0014991,tt0016669,-0.9
tt0014991,tt0018806,-1.7
tt0014999,tt0007755,-1.1
tt0014999,tt0008551,0.2
tt0014999,tt0008634,-1.4
tt0014999,tt0008978,-0.3
tt0014999,tt0009153,-1.0
tt0014999,tt0009494,0.8
tt0014999,tt0009580,-0.3
tt0014999,tt0009811,0.7
tt0014999,tt0009859,0.4
tt0014999,tt0010119,0.8
tt0014999,tt0010198,0.3
tt0014999,tt0010438,0.2
tt0014999,tt0010544,0.8
tt0014999,tt0010628,0.8
tt0014999,tt0011298,0.2
tt0014999,tt0011358,-1.5
tt0014999,tt0011906,0.2
tt0014999,tt0011968,0.7
tt0014999,tt0012328,0.1
tt0014999,tt0012734,0.9
tt0014999,tt0013735,-0.4
tt0014999,tt0013909,-0.7
tt0014999,tt0014321,-0.8
tt0014999,tt0015973,-1.2
tt0014999,tt0016022,-1.0
tt0014999,tt0016417,0.7
tt0014999,tt0016664,-0.7
tt0014999,tt0017374,-1.2
tt0014999,tt0017463,-2.5
tt0014999,tt0018530,-1.2
tt0014999,tt0018909,-2.2
tt0015002,tt0014429,-1.0
tt0015002,tt0014611,-0.2
tt0015002,tt0014945,-0.5
tt0015002,tt0015841,-0.4
tt0015002,tt0016895,0.6
tt0015002,tt0018183,0.7
tt0015005,tt0010915,-0.2
tt0015005,tt0012045,-0.2
tt0015005,tt0012716,0.0
tt0015005,tt0012735,0.5
tt0015005,tt0013311,-0.3
tt0015005,tt0013456,0.6
tt0015005,tt0017132,-0.7
tt0015005,tt0018024,0.8
tt0015013,tt0011694,0.6
tt0015013,tt0012397,0.3
tt0015013,tt0012439,0.7
tt0015013,tt0012755,0.3
tt0015013,tt0013022,0.7
tt0015013,tt0016307,0.1
tt0015013,tt0016822,0.1
tt0015013,tt0016999,0.2
tt0015015,tt0003897,0.8
tt0015015,tt0005974,0.1
tt0015015,tt0006867,0.8
tt0015015,tt0007932,0.7
tt0015015,tt0009204,0.2
tt0015015,tt0009936,0.9
tt0015015,tt0010357,0.7
tt0015015,tt0012298,0.4
tt0015015,tt0014365,-1.6
tt0015015,tt0014927,-0.7
tt0015015,tt0016480,0.1
tt0015015,tt0016534,0.4
tt0015015,tt0016989,0.8
tt0015015,tt0017060,0.9
tt0015015,tt0017687,0.3
tt0015015,tt0018771,-0.8
tt0015015,tt0018797,0.5
tt0015018,tt0006864,0.2
tt0015018,tt0009133,0.6
tt0015018,tt0009968,0.6
tt0015018,tt0010484,0.8
tt0015018,tt0010806,0.9
tt0015018,tt0011841,0.5
tt0015018,tt0012532,0.5
tt0015022,tt0008091,0.2
tt0015022,tt0013254,0.1
tt0015022,tt0013965,-0.1
tt0015022,tt0016597,0.4
tt0015022,tt0017506,-0.4
tt0015022,tt0017929,-0.4
tt0015022,tt0018184,0.0
tt0015022,tt0018710,0.6
tt0015030,tt0008990,0.2
tt0015030,tt0011336,0.9
tt0015030,tt0015263,0.7
tt0015030,tt0015663,0.5
tt0015030,tt0015937,-1.1
tt0015030,tt0016172,0.7
tt0015030,tt0016732,0.7
tt0015030,tt0017272,-0.1
tt0015030,tt0018524,-0.1
tt0015036,tt0017736,0.5
tt0015038,tt0013908,0.9
tt0015039,tt0017376,0.8
tt0015044,tt0014447,0.9
tt0015044,tt0014516,0.6
tt0015044,tt0015778,0.4
tt0015051,tt0014341,-0.6
tt0015051,tt0015617,0.4
tt0015051,tt0016948,-1.1
tt0015053,tt0004939,-0.7
tt0015053,tt0015364,0.6
tt0015053,tt0016751,-0.4
tt0015053,tt0017765,0.0
tt0015064,tt0016847,0.9
tt0015064,tt0018455,0.9
tt0015068,tt0014040,0.7
tt0015068,tt0015577,0.5
tt0015068,tt0016548,0.5
tt0015068,tt0016935,0.3
tt0015068,tt0017382,0.5
tt0015068,tt0017411,0.6
tt0015068,tt0017698,-0.2
tt0015068,tt0018896,0.8
tt0015071,tt0008882,0.1
tt0015071,tt0014045,0.9
tt0015074,tt0014538,0.4
tt0015074,tt0014760,0.4
tt0015074,tt0016258,0.4
tt0015074,tt0017935,0.0
tt0015091,tt0008585,0.4
tt0015091,tt0014239,0.5
tt0015092,tt0018791,0.9
tt0015094,tt0009273,-0.6
tt0015094,tt0011093,-0.7
tt0015094,tt0014950,-0.6
tt0015094,tt0015602,0.7
tt0015094,tt0015903,0.9
tt0015094,tt0017727,0.5
tt0015094,tt0017858,-0.7
tt0015094,tt0018438,-0.4
tt0015101,tt0016232,-0.2
tt0015101,tt0017594,0.7
tt0015101,tt0018142,0.7
tt0015101,tt0018187,0.1
tt0015103,tt0016920,0.9
tt0015103,tt0017096,-0.6
tt0015103,tt0017097,0.8
tt0015104,tt0009159,-0.3
tt0015104,tt0009929,-0.1
tt0015104,tt0010060,0.8
tt0015104,tt0010964,-0.7
tt0015104,tt0011738,0.2
tt0015104,tt0014164,-0.1
tt0015104,tt0014774,0.9
tt0015104,tt0017526,0.7
tt0015104,tt0018749,0.4
tt0015104,tt0018893,-0.8
tt0015110,tt0007623,0.6
tt0015110,tt0012067,0.4
tt0015110,tt0013402,0.7
tt0015110,tt0015727,0.8
tt0015110,tt0015775,0.5
tt0015116,tt0005392,0.5
tt0015116,tt0008406,0.3
tt0015116,tt0009143,0.5
tt0015116,tt0010049,-0.1
tt0015116,tt0013556,0.7
tt0015116,tt0015349,0.0
tt0015116,tt0015465,0.4
tt0015116,tt0016394,0.9
tt0015116,tt0017242,0.4
tt0015116,tt0017841,0.6
tt0015119,tt0009893,0.8
tt0015119,tt0010600,0.6
tt0015119,tt0016004,0.8
tt0015119,tt0017409,0.9
tt0015119,tt0018451,0.5
tt0015131,tt0010635,0.5
tt0015131,tt0010835,-0.2
tt0015131,tt0010929,-0.9
tt0015131,tt0011753,0.8
tt0015131,tt0012077,-0.6
tt0015131,tt0012114,0.0
tt0015131,tt0012202,-0.7
tt0015131,tt0012382,0.1
tt0015131,tt0013459,0.2
tt0015131,tt0013951,-0.4
tt0015131,tt0014137,-0.6
tt0015131,tt0014423,0.4
tt0015131,tt0014892,0.0
tt0015131,tt0015612,0.3
tt0015131,tt0016235,0.3
tt0015131,tt0016497,0.3
tt0015131,tt0017117,-0.6
tt0015131,tt0017226,-0.7
tt0015131,tt0017755,0.3
tt0015131,tt0018870,0.7
tt0015133,tt0014988,0.6
tt0015133,tt0016628,-0.5
tt0015133,tt0018471,-0.3
tt0015133,tt0018795,0.0
tt0015134,tt0012529,-3.2
tt0015134,tt0016703,-5.1
tt0015134,tt0017442,-3.0
tt0015134,tt0018259,-4.0
tt0015134,tt0018361,-3.2
tt0015134,tt0018382,-4.1
tt0015140,tt0012938,0.9
tt0015140,tt0013229,0.3
tt0015140,tt0013877,0.7
tt0015140,tt0016844,0.3
tt0015140,tt0017233,0.8
tt0015140,tt0018301,-0.2
tt0015140,tt0018338,0.8
tt0015141,tt0018045,0.8
tt0015145,tt0006027,0.0
tt0015145,tt0007202,0.9
tt0015145,tt0013682,0.7
tt0015145,tt0014100,0.5
tt0015145,tt0014205,0.6
tt0015145,tt0015004,-0.2
tt0015145,tt0017757,0.3
tt0015156,tt0014323,0.8
tt0015157,tt0004112,0.1
tt0015157,tt0017105,0.3
tt0015157,tt0017772,0.6
tt0015157,tt0018197,-0.3
tt0015157,tt0018794,0.7
tt0015163,tt0009118,0.9
tt0015163,tt0014341,0.8
tt0015163,tt0015324,0.4
tt0015163,tt0016332,0.7
tt0015163,tt0017925,0.4
tt0015167,tt0017271,-0.2
tt0015167,tt0018533,0.6
tt0015168,tt0005367,0.6
tt0015168,tt0007271,0.8
tt0015168,tt0007769,0.9
tt0015168,tt0009601,0.4
tt0015168,tt0009637,0.7
tt0015168,tt0011325,0.6
tt0015169,tt0014231,0.4
tt0015171,tt0012284,0.2
tt0015171,tt0016550,0.3
tt0015171,tt0017063,-0.4
tt0015171,tt0017410,0.2
tt0015171,tt0018351,-0.2
tt0015171,tt0018882,-0.2
tt0015174,tt0015175,0.8
tt0015174,tt0017136,0.7
tt0015175,tt0017136,0.9
tt0015177,tt0016915,0.9
tt0015177,tt0017826,0.6
tt0015180,tt0009915,0.0
tt0015180,tt0010195,0.5
tt0015180,tt0010987,0.8
tt0015180,tt0011127,0.8
tt0015180,tt0013455,0.3
tt0015180,tt0013795,0.6
tt0015180,tt0013824,0.7
tt0015180,tt0015467,-1.0
tt0015180,tt0015572,0.0
tt0015180,tt0016301,-0.2
tt0015184,tt0016672,0.2
tt0015184,tt0016715,0.7
tt0015184,tt0017584,-1.2
tt0015184,tt0018578,-1.9
tt0015184,tt0018684,-1.9
tt0015189,tt0016806,0.1
tt0015191,tt0014040,-0.2
tt0015197,tt0009079,-0.1
tt0015197,tt0010055,-0.3
tt0015197,tt0010316,0.2
tt0015197,tt0011303,0.1
tt0015197,tt0011350,-0.1
tt0015197,tt0013084,-0.8
tt0015197,tt0014398,-0.1
tt0015197,tt0015209,-0.1
tt0015197,tt0016205,-0.9
tt0015197,tt0016947,-0.4
tt0015197,tt0017158,-0.7
tt0015197,tt0017307,-0.9
tt0015197,tt0018033,-1.1
tt0015197,tt0018381,-0.5
tt0015197,tt0018386,0.6
tt0015200,tt0013221,0.2
tt0015200,tt0015765,-0.4
tt0015202,tt0010323,0.0
tt0015206,tt0016084,-0.3
tt0015209,tt0010055,0.8
tt0015209,tt0013084,0.3
tt0015209,tt0016205,0.2
tt0015209,tt0016947,0.7
tt0015209,tt0017158,0.4
tt0015209,tt0017307,0.2
tt0015209,tt0018033,0.0
tt0015209,tt0018381,0.6
tt0015211,tt0005095,-0.6
tt0015211,tt0007453,-1.3
tt0015211,tt0008784,0.4
tt0015211,tt0016042,0.8
tt0015211,tt0016477,-0.6
tt0015213,tt0015997,0.9
tt0015217,tt0015508,0.4
tt0015217,tt0016246,0.5
tt0015217,tt0017311,0.5
tt0015224,tt0007927,0.8
tt0015224,tt0011952,-0.2
tt0015224,tt0016030,0.1
tt0015229,tt0011694,0.5
tt0015229,tt0012397,0.2
tt0015229,tt0012439,0.6
tt0015229,tt0012755,0.2
tt0015229,tt0013022,0.6
tt0015229,tt0015013,0.9
tt0015229,tt0016307,0.0
tt0015229,tt0016822,0.0
tt0015229,tt0016999,0.1
tt0015232,tt0002844,0.9
tt0015232,tt0003037,0.9
tt0015232,tt0003165,0.9
tt0015232,tt0006206,0.5
tt0015232,tt0006886,0.6
tt0015232,tt0008371,0.8
tt0015232,tt0009701,0.7
tt0015232,tt0009757,0.8
tt0015232,tt0009905,0.2
tt0015232,tt0010089,0.7
tt0015232,tt0011110,0.7
tt0015232,tt0013125,0.4
tt0015232,tt0014897,0.2
tt0015233,tt0010754,0.4
tt0015233,tt0011765,0.2
tt0015233,tt0012362,0.6
tt0015233,tt0012422,0.1
tt0015233,tt0013301,0.1
tt0015233,tt0014144,0.9
tt0015233,tt0014168,0.4
tt0015233,tt0015968,-0.3
tt0015233,tt0016910,0.5
tt0015239,tt0003897,0.7
tt0015239,tt0004465,0.5
tt0015239,tt0007339,0.0
tt0015239,tt0014264,0.4
tt0015239,tt0015491,0.1
tt0015239,tt0015499,0.2
tt0015239,tt0016201,0.8
tt0015239,tt0017457,-1.0
tt0015243,tt0018713,-1.1
tt0015248,tt0014284,0.3
tt0015248,tt0018813,0.6
tt0015256,tt0012623,0.2
tt0015263,tt0008990,0.5
tt0015263,tt0015663,0.8
tt0015263,tt0015937,-0.8
tt0015263,tt0017272,0.2
tt0015263,tt0018524,0.2
tt0015268,tt0016641,0.4
tt0015268,tt0017850,0.7
tt0015270,tt0009593,-1.0
tt0015270,tt0010331,0.0
tt0015270,tt0016654,-0.2
tt0015270,tt0018113,0.5
tt0015272,tt0003324,0.6
tt0015272,tt0005232,0.1
tt0015272,tt0005811,0.6
tt0015272,tt0008765,0.2
tt0015272,tt0010008,-1.1
tt0015284,tt0016106,0.7
tt0015289,tt0006283,0.3
tt0015289,tt0006932,0.6
tt0015289,tt0008706,0.8
tt0015289,tt0010703,0.7
tt0015289,tt0010729,0.0
tt0015289,tt0012763,-0.1
tt0015289,tt0013590,0.5
tt0015289,tt0014068,0.0
tt0015289,tt0014605,0.1
tt0015289,tt0016395,-0.3
tt0015289,tt0017567,0.1
tt0015299,tt0018266,0.9
tt0015310,tt0005561,0.5
tt0015310,tt0007000,0.2
tt0015311,tt0009593,-2.5
tt0015311,tt0009608,-0.3
tt0015311,tt0010103,-0.5
tt0015311,tt0010331,-1.5
tt0015311,tt0013597,-0.5
tt0015311,tt0015270,-0.5
tt0015311,tt0016654,-1.7
tt0015311,tt0018113,-1.0
tt0015312,tt0006907,0.3
tt0015312,tt0009137,0.8
tt0015312,tt0012917,0.7
tt0015312,tt0013727,0.8
tt0015312,tt0014322,0.4
tt0015312,tt0015684,0.9
tt0015312,tt0016006,0.9
tt0015312,tt0016013,0.1
tt0015312,tt0016875,-0.1
tt0015312,tt0018379,-0.2
tt0015313,tt0004337,-1.0
tt0015313,tt0004937,0.2
tt0015313,tt0005423,0.2
tt0015313,tt0006037,-0.6
tt0015313,tt0011652,0.9
tt0015313,tt0011738,0.1
tt0015313,tt0014570,0.3
tt0015313,tt0015662,0.8
tt0015318,tt0012416,-0.6
tt0015331,tt0014752,0.7
tt0015331,tt0015872,0.7
tt0015331,tt0016361,0.8
tt0015331,tt0016884,0.0
tt0015331,tt0017029,0.8
tt0015332,tt0005613,-0.2
tt0015332,tt0006509,0.8
tt0015332,tt0006731,0.1
tt0015332,tt0006745,-0.4
tt0015332,tt0007353,0.6
tt0015332,tt0007617,0.8
tt0015332,tt0007669,0.8
tt0015332,tt0009721,-0.6
tt0015332,tt0013624,-0.3
tt0015332,tt0013688,-0.6
tt0015332,tt0014600,-0.8
tt0015332,tt0018480,0.8
tt0015332,tt0018825,-1.3
tt0015339,tt0004712,0.6
tt0015339,tt0007910,0.3
tt0015339,tt0013619,0.9
tt0015347,tt0011855,0.5
tt0015347,tt0013313,0.6
tt0015349,tt0010049,0.9
tt0015353,tt0006730,0.3
tt0015355,tt0014797,-1.0
tt0015355,tt0015714,-1.0
tt0015355,tt0015773,-0.6
tt0015355,tt0016034,-1.9
tt0015355,tt0016689,-0.4
tt0015356,tt0002555,0.3
tt0015356,tt0003309,0.6
tt0015356,tt0003630,0.3
tt0015356,tt0003735,-0.4
tt0015356,tt0004199,0.9
tt0015356,tt0004712,-1.3
tt0015356,tt0004847,0.8
tt0015356,tt0004869,0.7
tt0015356,tt0006666,-0.7
tt0015356,tt0006893,0.5
tt0015356,tt0007005,0.3
tt0015356,tt0007012,0.6
tt0015356,tt0007765,0.9
tt0015356,tt0007910,-1.6
tt0015356,tt0007984,0.9
tt0015356,tt0008039,0.8
tt0015356,tt0008558,0.7
tt0015356,tt0008658,0.8
tt0015356,tt0008725,-0.9
tt0015356,tt0008806,0.8
tt0015356,tt0008810,0.6
tt0015356,tt0008826,-0.8
tt0015356,tt0009322,0.9
tt0015356,tt0009419,-0.2
tt0015356,tt0009622,0.5
tt0015356,tt0009754,0.6
tt0015356,tt0009771,0.2
tt0015356,tt0009853,-0.5
tt0015356,tt0010337,0.8
tt0015356,tt0010358,-0.9
tt0015356,tt0011011,-0.0
tt0015356,tt0011137,0.2
tt0015356,tt0012192,-0.3
tt0015356,tt0012365,-0.3
tt0015356,tt0013619,-1.0
tt0015356,tt0014171,0.2
tt0015356,tt0014191,-0.5
tt0015356,tt0015339,-0.9
tt0015356,tt0016384,-0.9
tt0015356,tt0016850,-0.9
tt0015356,tt0016930,0.1
tt0015356,tt0017462,-0.1
tt0015356,tt0017805,0.9
tt0015356,tt0017946,-0.5
tt0015356,tt0018159,-0.7
tt0015361,tt0015648,0.7
tt0015364,tt0004939,-0.3
tt0015364,tt0016751,0.0
tt0015364,tt0017765,0.4
tt0015389,tt0014341,-3.1
tt0015389,tt0015051,-1.5
tt0015389,tt0015617,-2.1
tt0015389,tt0015750,-1.2
tt0015389,tt0016052,-0.6
tt0015389,tt0016948,-3.6
tt0015389,tt0017631,0.4
tt0015391,tt0008355,-3.0
tt0015391,tt0009842,-2.9
tt0015391,tt0011950,-3.3
tt0015393,tt0008321,0.8
tt0015394,tt0008196,-0.9
tt0015394,tt0008499,-1.1
tt0015394,tt0008827,-1.0
tt0015394,tt0009326,-1.2
tt0015394,tt0009652,-1.7
tt0015394,tt0010040,-1.4
tt0015394,tt0011117,-0.7
tt0015394,tt0011234,0.0
tt0015394,tt0011972,0.6
tt0015394,tt0012406,-1.8
tt0015394,tt0013490,-1.4
tt0015394,tt0014854,-1.6
tt0015394,tt0016390,-2.7
tt0015399,tt0005764,0.1
tt0015399,tt0006217,0.8
tt0015399,tt0010905,-0.2
tt0015399,tt0013369,0.9
tt0015399,tt0013867,0.5
tt0015399,tt0014023,0.6
tt0015399,tt0014816,0.6
tt0015399,tt0015735,0.0
tt0015399,tt0017416,0.8
tt0015399,tt0018203,0.4
tt0015399,tt0018674,0.5
tt0015408,tt0007645,-0.7
tt0015408,tt0008159,-0.1
tt0015408,tt0009737,0.5
tt0015408,tt0011193,0.1
tt0015408,tt0012324,-1.5
tt0015408,tt0013109,0.5
tt0015408,tt0014568,0.9
tt0015408,tt0015632,-0.1
tt0015408,tt0016804,-0.5
tt0015408,tt0017667,-0.5
tt0015408,tt0018037,0.1
tt0015408,tt0018218,0.1
tt0015408,tt0018566,-0.5
tt0015409,tt0002423,0.7
tt0015409,tt0009893,0.2
tt0015409,tt0010281,0.6
tt0015409,tt0010600,0.0
tt0015409,tt0010962,0.9
tt0015409,tt0011371,0.9
tt0015409,tt0011960,0.5
tt0015409,tt0013741,0.9
tt0015409,tt0014416,0.9
tt0015409,tt0015119,0.4
tt0015409,tt0016004,0.2
tt0015409,tt0017409,0.3
tt0015409,tt0018451,-0.1
tt0015412,tt0014742,-1.6
tt0015412,tt0015852,-2.2
tt0015412,tt0016734,-2.8
tt0015412,tt0016858,-1.5
tt0015412,tt0017330,-1.4
tt0015412,tt0017493,-1.9
tt0015412,tt0017671,-1.5
tt0015412,tt0017804,-1.9
tt0015412,tt0017887,-1.4
tt0015412,tt0018251,-1.2
tt0015412,tt0018325,-0.8
tt0015412,tt0018672,-0.2
tt0015413,tt0009354,0.7
tt0015413,tt0010215,0.7
tt0015413,tt0011439,0.3
tt0015413,tt0012752,0.4
tt0015413,tt0015268,0.1
tt0015413,tt0016641,-0.5
tt0015413,tt0017449,0.4
tt0015413,tt0017850,-0.2
tt0015419,tt0010762,-0.6
tt0015419,tt0010849,-0.1
tt0015419,tt0011414,0.6
tt0015419,tt0011567,-2.0
tt0015426,tt0006623,-0.9
tt0015426,tt0007110,-2.4
tt0015426,tt0007933,-1.5
tt0015426,tt0008843,-1.5
tt0015426,tt0009857,0.6
tt0015426,tt0011604,-2.5
tt0015426,tt0013572,-1.5
tt0015426,tt0013700,-2.1
tt0015426,tt0016467,-1.4
tt0015426,tt0017099,-2.0
tt0015426,tt0017835,0.2
tt0015426,tt0017979,-1.4
tt0015433,tt0004294,0.6
tt0015433,tt0004792,0.6
tt0015433,tt0005059,0.7
tt0015433,tt0005060,0.9
tt0015433,tt0005402,0.6
tt0015433,tt0005589,0.9
tt0015433,tt0006605,0.6
tt0015433,tt0007038,0.4
tt0015433,tt0007857,0.1
tt0015433,tt0008150,0.8
tt0015433,tt0009781,-0.1
tt0015433,tt0009796,0.5
tt0015433,tt0010071,0.6
tt0015433,tt0010418,0.2
tt0015433,tt0011865,0.5
tt0015433,tt0011909,0.6
tt0015433,tt0012181,0.5
tt0015433,tt0012187,0.6
tt0015433,tt0013372,0.9
tt0015433,tt0013574,0.5
tt0015433,tt0014532,0.4
tt0015433,tt0014881,0.6
tt0015433,tt0015867,0.2
tt0015433,tt0016294,0.9
tt0015433,tt0017519,0.5
tt0015433,tt0018054,-0.1
tt0015443,tt0013567,0.9
tt0015445,tt0010113,-2.2
tt0015453,tt0016672,0.2
tt0015453,tt0016715,0.7
tt0015453,tt0017584,-1.2
tt0015453,tt0018578,-1.9
tt0015453,tt0018684,-1.9
tt0015454,tt0015285,-0.1
tt0015465,tt0008406,0.9
tt0015465,tt0010049,0.5
tt0015465,tt0015349,0.6
tt0015471,tt0018597,0.0
tt0015491,tt0007339,0.9
tt0015491,tt0017457,-0.1
tt0015492,tt0008443,0.9
tt0015492,tt0008891,0.7
tt0015492,tt0009020,0.3
tt0015492,tt0011785,0.5
tt0015492,tt0014158,0.1
tt0015492,tt0014602,0.6
tt0015493,tt0015217,0.6
tt0015493,tt0015508,0.0
tt0015493,tt0016246,0.1
tt0015493,tt0017311,0.1
tt0015493,tt0018507,0.9
tt0015495,tt0015451,0.3
tt0015498,tt0014968,0.8
tt0015498,tt0015624,-0.2
tt0015498,tt0016627,0.6
tt0015498,tt0016669,0.5
tt0015498,tt0018806,-0.3
tt0015499,tt0007339,0.8
tt0015499,tt0015491,0.9
tt0015499,tt0017457,-0.2
tt0015500,tt0011344,0.8
tt0015500,tt0013488,0.7
tt0015500,tt0014968,0.4
tt0015500,tt0015498,0.6
tt0015500,tt0015624,-0.6
tt0015500,tt0016627,0.2
tt0015500,tt0016669,0.1
tt0015500,tt0018806,-0.7
tt0015501,tt0009273,-1.1
tt0015501,tt0011093,-1.2
tt0015501,tt0013145,0.5
tt0015501,tt0013391,0.6
tt0015501,tt0013986,0.5
tt0015501,tt0014703,0.6
tt0015501,tt0014950,-1.1
tt0015501,tt0015094,0.5
tt0015501,tt0015602,0.2
tt0015501,tt0015903,0.4
tt0015501,tt0016449,0.8
tt0015501,tt0016916,0.8
tt0015501,tt0017727,0.0
tt0015501,tt0017858,-1.2
tt0015501,tt0017902,0.9
tt0015501,tt0017976,0.5
tt0015501,tt0018438,-0.9
tt0015501,tt0018579,0.6
tt0015504,tt0010954,0.0
tt0015504,tt0014650,-0.4
tt0015504,tt0015866,-0.8
tt0015504,tt0016238,0.1
tt0015504,tt0017346,-1.0
tt0015505,tt0008730,-3.1
tt0015505,tt0009063,-3.0
tt0015505,tt0010428,-1.4
tt0015505,tt0011693,-2.6
tt0015505,tt0012164,-2.6
tt0015505,tt0014508,-1.6
tt0015518,tt0004052,0.5
tt0015518,tt0007326,0.3
tt0015518,tt0010483,0.0
tt0015518,tt0012728,0.2
tt0015518,tt0012879,-0.8
tt0015518,tt0012928,0.9
tt0015518,tt0013750,0.7
tt0015519,tt0010190,-0.5
tt0015519,tt0011191,-1.5
tt0015519,tt0011908,0.5
tt0015519,tt0012881,-0.3
tt0015519,tt0013527,-1.0
tt0015519,tt0013839,0.8
tt0015519,tt0014489,0.0
tt0015520,tt0013555,-4.9
tt0015520,tt0017910,0.7
tt0015533,tt0016834,0.0
tt0015537,tt0014284,0.0
tt0015537,tt0015248,0.7
tt0015537,tt0018575,0.8
tt0015537,tt0018813,0.3
tt0015539,tt0016659,0.8
tt0015539,tt0018716,-3.0
tt0015542,tt0010879,-1.1
tt0015542,tt0011474,-0.8
tt0015542,tt0012434,0.8
tt0015542,tt0013540,0.9
tt0015542,tt0014553,0.7
tt0015542,tt0014782,0.4
tt0015542,tt0016037,0.4
tt0015542,tt0017119,-1.1
tt0015542,tt0018016,-0.6
tt0015542,tt0018613,0.7
tt0015542,tt0018666,0.5
tt0015543,tt0002669,0.2
tt0015543,tt0009290,-1.5
tt0015547,tt0009915,0.0
tt0015547,tt0010195,0.5
tt0015547,tt0010987,0.8
tt0015547,tt0011127,0.8
tt0015547,tt0013455,0.3
tt0015547,tt0013795,0.6
tt0015547,tt0013824,0.7
tt0015547,tt0015467,-1.0
tt0015547,tt0015572,0.0
tt0015547,tt0016301,-0.2
tt0015569,tt0012472,-1.1
tt0015569,tt0013253,-0.1
tt0015569,tt0013288,0.6
tt0015569,tt0013975,-0.8
tt0015569,tt0014217,-1.2
tt0015569,tt0015924,-0.7
tt0015569,tt0016461,-0.5
tt0015569,tt0018210,-0.4
tt0015570,tt0005408,0.3
tt0015570,tt0008544,0.0
tt0015572,tt0015467,0.0
tt0015572,tt0016301,0.8
tt0015577,tt0016935,0.8
tt0015577,tt0017698,0.3
tt0015579,tt0013134,-1.1
tt0015579,tt0013356,-0.4
tt0015579,tt0013896,-1.0
tt0015579,tt0014012,-1.1
tt0015579,tt0015290,-2.9
tt0015579,tt0015745,-1.9
tt0015579,tt0016642,-1.9
tt0015579,tt0017010,-1.7
tt0015579,tt0018851,-1.6
tt0015589,tt0005621,-0.3
tt0015589,tt0006299,-1.8
tt0015589,tt0006933,0.5
tt0015589,tt0007047,0.2
tt0015589,tt0008010,0.3
tt0015589,tt0008822,0.4
tt0015589,tt0009257,0.5
tt0015589,tt0011079,-0.3
tt0015589,tt0011588,0.1
tt0015589,tt0012087,-0.6
tt0015589,tt0012492,-0.1
tt0015589,tt0014051,-0.7
tt0015589,tt0017212,0.4
tt0015589,tt0017796,0.4
tt0015600,tt0011973,0.8
tt0015600,tt0012178,0.8
tt0015600,tt0014759,0.5
tt0015602,tt0009273,-0.3
tt0015602,tt0011093,-0.4
tt0015602,tt0014950,-0.3
tt0015602,tt0017727,0.8
tt0015602,tt0017858,-0.4
tt0015602,tt0018438,-0.1
tt0015612,tt0010835,0.5
tt0015612,tt0010929,-0.2
tt0015612,tt0012077,0.1
tt0015612,tt0012114,0.7
tt0015612,tt0012202,0.0
tt0015612,tt0012382,0.8
tt0015612,tt0013459,0.9
tt0015612,tt0013951,0.3
tt0015612,tt0014137,0.1
tt0015612,tt0014892,0.7
tt0015612,tt0017117,0.1
tt0015612,tt0017226,0.0
tt0015613,tt0008855,0.7
tt0015613,tt0016624,0.5
tt0015616,tt0016972,0.1
tt0015616,tt0017205,0.1
tt0015616,tt0017894,0.9
tt0015617,tt0014341,0.0
tt0015617,tt0016948,-0.5
tt0015620,tt0011284,-0.1
tt0015620,tt0011797,-0.2
tt0015620,tt0013744,0.3
tt0015620,tt0013882,-0.3
tt0015620,tt0016776,0.7
tt0015623,tt0008939,-0.9
tt0015623,tt0008954,-0.6
tt0015623,tt0009527,0.5
tt0015623,tt0011880,0.8
tt0015623,tt0018018,0.6
tt0015624,tt0018806,0.9
tt0015626,tt0016491,0.4
tt0015627,tt0013908,0.6
tt0015627,tt0015038,0.7
tt0015627,tt0018204,0.7
tt0015632,tt0007645,0.4
tt0015632,tt0012324,-0.4
tt0015632,tt0016804,0.6
tt0015632,tt0017667,0.6
tt0015632,tt0018566,0.6
tt0015634,tt0011870,0.8
tt0015634,tt0014717,-0.2
tt0015638,tt0011966,-0.3
tt0015638,tt0015816,0.9
tt0015639,tt0017107,-0.8
tt0015644,tt0018450,-0.5
tt0015653,tt0012416,-2.5
tt0015653,tt0015318,-0.9
tt0015661,tt0015639,0.2
tt0015661,tt0016351,0.2
tt0015661,tt0017107,-1.6
tt0015661,tt0018032,0.2
tt0015662,tt0004337,-0.8
tt0015662,tt0004937,0.4
tt0015662,tt0005423,0.4
tt0015662,tt0006037,-0.4
tt0015662,tt0011738,0.3
tt0015662,tt0014570,0.5
tt0015663,tt0008990,0.7
tt0015663,tt0015937,-0.6
tt0015663,tt0017272,0.4
tt0015663,tt0018524,0.4
tt0015669,tt0014720,0.9
tt0015669,tt0016134,0.5
tt0015669,tt0016305,0.4
tt0015669,tt0017882,-0.2
tt0015669,tt0018715,-0.2
tt0015669,tt0018725,0.3
tt0015680,tt0015273,0.2
tt0015680,tt0015859,0.6
tt0015680,tt0016755,0.7
tt0015684,tt0006907,0.4
tt0015684,tt0009137,0.9
tt0015684,tt0012917,0.8
tt0015684,tt0013727,0.9
tt0015684,tt0014322,0.5
tt0015684,tt0016013,0.2
tt0015684,tt0016875,0.0
tt0015684,tt0018379,-0.1
tt0015688,tt0016202,0.7
tt0015688,tt0017947,0.7
tt0015688,tt0018235,0.4
tt0015689,tt0002785,-0.8
tt0015689,tt0004473,-0.2
tt0015689,tt0004825,-1.6
tt0015689,tt0004872,-1.7
tt0015689,tt0005041,-1.8
tt0015689,tt0005163,-1.2
tt0015689,tt0006182,-0.8
tt0015689,tt0006755,-1.8
tt0015689,tt0007678,-1.8
tt0015689,tt0008011,-1.3
tt0015689,tt0008443,-1.9
tt0015689,tt0008458,-1.4
tt0015689,tt0008764,-0.6
tt0015689,tt0008891,-2.1
tt0015689,tt0009020,-2.5
tt0015689,tt0009523,-1.5
tt0015689,tt0009567,-1.8
tt0015689,tt0009827,-0.5
tt0015689,tt0009969,-1.6
tt0015689,tt0010352,-0.5
tt0015689,tt0010844,-1.6
tt0015689,tt0010882,-1.5
tt0015689,tt0011076,-0.8
tt0015689,tt0011387,-1.8
tt0015689,tt0011785,-2.3
tt0015689,tt0013332,-1.8
tt0015689,tt0014158,-2.7
tt0015689,tt0014165,0.1
tt0015689,tt0014602,-2.2
tt0015689,tt0015492,-1.8
tt0015689,tt0016150,-1.6
tt0015689,tt0016389,-0.5
tt0015689,tt0016598,-0.9
tt0015689,tt0017227,0.6
tt0015690,tt0014652,-0.3
tt0015690,tt0014857,0.3
tt0015690,tt0016382,-0.3
tt0015690,tt0016453,0.6
tt0015690,tt0016545,0.6
tt0015690,tt0017465,0.7
tt0015693,tt0007931,0.9
tt0015693,tt0011998,0.4
tt0015693,tt0014510,0.3
tt0015693,tt0015299,-0.3
tt0015693,tt0017379,0.4
tt0015693,tt0018266,-0.4
tt0015694,tt0012997,-0.2
tt0015694,tt0013107,0.7
tt0015694,tt0014196,0.8
tt0015694,tt0016430,-0.2
tt0015694,tt0016921,-1.6
tt0015694,tt0017518,-1.1
tt0015694,tt0018389,0.3
tt0015694,tt0018571,-1.0
tt0015700,tt0016345,0.9
tt0015700,tt0016827,0.9
tt0015702,tt0003014,0.7
tt0015702,tt0003150,0.5
tt0015702,tt0004047,0.8
tt0015702,tt0006108,-0.2
tt0015702,tt0008663,0.4
tt0015702,tt0008879,0.5
tt0015702,tt0010298,0.5
tt0015702,tt0011370,0.8
tt0015702,tt0011499,0.4
tt0015702,tt0012364,-0.3
tt0015702,tt0013452,0.1
tt0015702,tt0013730,0.9
tt0015702,tt0014014,0.8
tt0015702,tt0014972,0.0
tt0015702,tt0016446,0.1
tt0015702,tt0017350,0.1
tt0015702,tt0018836,0.7
tt0015713,tt0017366,0.7
tt0015713,tt0018312,0.4
tt0015714,tt0016034,0.1
tt0015719,tt0014764,0.1
tt0015720,tt0015713,0.0
tt0015720,tt0015777,0.6
tt0015720,tt0017366,-0.3
tt0015720,tt0018312,-0.6
tt0015722,tt0006907,-0.2
tt0015722,tt0008723,0.7
tt0015722,tt0009137,0.3
tt0015722,tt0009630,0.5
tt0015722,tt0011317,0.7
tt0015722,tt0012917,0.2
tt0015722,tt0013727,0.3
tt0015722,tt0014322,-0.1
tt0015722,tt0015312,0.5
tt0015722,tt0015684,0.4
tt0015722,tt0016006,0.4
tt0015722,tt0016013,-0.4
tt0015722,tt0016875,-0.6
tt0015722,tt0018379,-0.7
tt0015727,tt0007623,0.8
tt0015727,tt0012067,0.6
tt0015727,tt0013402,0.9
tt0015727,tt0015775,0.7
tt0015735,tt0010905,0.8
tt0015740,tt0004052,0.0
tt0015740,tt0007326,-0.2
tt0015740,tt0008029,0.6
tt0015740,tt0010483,-0.5
tt0015740,tt0012136,0.6
tt0015740,tt0012728,-0.3
tt0015740,tt0012879,-1.3
tt0015740,tt0012928,0.4
tt0015740,tt0013750,0.2
tt0015740,tt0015518,0.5
tt0015745,tt0015290,0.0
tt0015746,tt0008392,0.9
tt0015746,tt0009273,-1.3
tt0015746,tt0011093,-1.4
tt0015746,tt0011265,0.8
tt0015746,tt0011939,0.8
tt0015746,tt0013145,0.3
tt0015746,tt0013391,0.4
tt0015746,tt0013759,0.8
tt0015746,tt0013986,0.3
tt0015746,tt0014203,0.8
tt0015746,tt0014283,0.9
tt0015746,tt0014703,0.4
tt0015746,tt0014950,-1.3
tt0015746,tt0014965,0.8
tt0015746,tt0015094,0.3
tt0015746,tt0015501,0.8
tt0015746,tt0015602,0.0
tt0015746,tt0015903,0.2
tt0015746,tt0016433,0.8
tt0015746,tt0016449,0.6
tt0015746,tt0016916,0.6
tt0015746,tt0017527,0.8
tt0015746,tt0017727,-0.2
tt0015746,tt0017858,-1.4
tt0015746,tt0017902,0.7
tt0015746,tt0017976,0.3
tt0015746,tt0018438,-1.1
tt0015746,tt0018579,0.4
tt0015749,tt0010879,-1.2
tt0015749,tt0011474,-0.9
tt0015749,tt0012434,0.7
tt0015749,tt0013540,0.8
tt0015749,tt0014553,0.6
tt0015749,tt0014782,0.3
tt0015749,tt0015542,0.9
tt0015749,tt0016037,0.3
tt0015749,tt0017119,-1.2
tt0015749,tt0018016,-0.7
tt0015749,tt0018613,0.6
tt0015749,tt0018666,0.4
tt0015750,tt0014341,-0.9
tt0015750,tt0015051,0.7
tt0015750,tt0015617,0.1
tt0015750,tt0016948,-1.4
tt0015758,tt0007248,0.7
tt0015758,tt0009118,0.2
tt0015758,tt0010315,0.8
tt0015758,tt0010719,0.9
tt0015758,tt0011929,0.8
tt0015758,tt0011990,0.8
tt0015758,tt0013658,0.7
tt0015758,tt0015163,0.3
tt0015758,tt0017586,0.7
tt0015758,tt0017829,0.3
tt0015768,tt0011607,0.9
tt0015768,tt0015136,0.9
tt0015770,tt0007270,-0.3
tt0015770,tt0008814,0.1
tt0015770,tt0009053,0.7
tt0015770,tt0011036,0.9
tt0015770,tt0013284,0.5
tt0015770,tt0017112,0.9
tt0015772,tt0014752,0.7
tt0015772,tt0015872,0.7
tt0015772,tt0016361,0.8
tt0015772,tt0016884,0.0
tt0015772,tt0017029,0.8
tt0015773,tt0014797,0.6
tt0015773,tt0015714,0.6
tt0015773,tt0016034,-0.3
tt0015775,tt0012067,0.9
tt0015776,tt0005879,-0.5
tt0015776,tt0005960,-1.2
tt0015776,tt0007184,0.7
tt0015776,tt0007325,0.7
tt0015776,tt0008117,0.2
tt0015776,tt0008457,0.6
tt0015776,tt0009524,0.6
tt0015776,tt0009832,0.4
tt0015776,tt0010091,0.6
tt0015776,tt0013293,0.1
tt0015776,tt0015400,-2.1
tt0015776,tt0016379,0.7
tt0015776,tt0016500,0.6
tt0015776,tt0017089,0.6
tt0015776,tt0017540,-1.2
tt0015776,tt0018118,-0.5
tt0015776,tt0018170,-0.6
tt0015777,tt0015713,0.4
tt0015777,tt0017366,0.1
tt0015777,tt0018312,-0.2
tt0015794,tt0015214,0.3
tt0015794,tt0016493,0.8
tt0015794,tt0017292,0.8
tt0015794,tt0018523,0.6
tt0015794,tt0018826,0.6
tt0015801,tt0015014,0.9
tt0015811,tt0007755,-1.8
tt0015811,tt0008271,0.3
tt0015811,tt0008551,-0.5
tt0015811,tt0008634,-2.1
tt0015811,tt0008978,-1.0
tt0015811,tt0009153,-1.7
tt0015811,tt0009494,0.1
tt0015811,tt0009580,-1.0
tt0015811,tt0009690,0.3
tt0015811,tt0009696,0.3
tt0015811,tt0009811,0.0
tt0015811,tt0009837,0.4
tt0015811,tt0009859,-0.3
tt0015811,tt0009903,0.5
tt0015811,tt0010119,0.1
tt0015811,tt0010198,-0.4
tt0015811,tt0010438,-0.5
tt0015811,tt0010544,0.1
tt0015811,tt0010628,0.1
tt0015811,tt0010629,0.8
tt0015811,tt0010640,0.7
tt0015811,tt0011298,-0.5
tt0015811,tt0011358,-2.2
tt0015811,tt0011906,-0.5
tt0015811,tt0011968,0.0
tt0015811,tt0012102,0.4
tt0015811,tt0012194,0.5
tt0015811,tt0012328,-0.6
tt0015811,tt0012734,0.2
tt0015811,tt0012818,0.4
tt0015811,tt0013321,0.8
tt0015811,tt0013603,0.5
tt0015811,tt0013735,-1.1
tt0015811,tt0013909,-1.4
tt0015811,tt0014321,-1.5
tt0015811,tt0014539,0.3
tt0015811,tt0014977,0.8
tt0015811,tt0014999,0.3
tt0015811,tt0015973,-1.9
tt0015811,tt0016022,-1.7
tt0015811,tt0016417,0.0
tt0015811,tt0016664,-1.4
tt0015811,tt0017374,-1.9
tt0015811,tt0017463,-3.2
tt0015811,tt0018530,-1.9
tt0015811,tt0018909,-2.9
tt0015813,tt0004052,-0.4
tt0015813,tt0013236,0.4
tt0015813,tt0014845,0.4
tt0015813,tt0016213,-1.5
tt0015813,tt0016508,0.3
tt0015813,tt0016749,0.8
tt0015813,tt0017080,0.8
tt0015813,tt0017316,-0.9
tt0015813,tt0017325,0.3
tt0015813,tt0018313,0.6
tt0015813,tt0018565,-0.1
tt0015816,tt0011966,-0.2
tt0015831,tt0010020,0.9
tt0015831,tt0012317,-0.2
tt0015831,tt0014588,0.9
tt0015831,tt0017998,0.2
tt0015840,tt0016660,0.8
tt0015840,tt0016787,0.3
tt0015841,tt0014429,-0.6
tt0015841,tt0014945,-0.1
tt0015842,tt0018087,0.9
tt0015842,tt0018737,0.4
tt0015847,tt0014183,-0.5
tt0015847,tt0016159,0.6
tt0015847,tt0017020,-1.0
tt0015847,tt0017022,0.1
tt0015847,tt0017023,-0.4
tt0015847,tt0017049,0.3
tt0015852,tt0016734,0.4
tt0015859,tt0015273,0.6
tt0015861,tt0011607,0.5
tt0015861,tt0015136,0.5
tt0015861,tt0015768,0.6
tt0015863,tt0014341,0.4
tt0015863,tt0015163,0.6
tt0015863,tt0015324,0.0
tt0015863,tt0016332,0.3
tt0015863,tt0017925,0.0
tt0015864,tt0012349,0.9
tt0015866,tt0017346,0.8
tt0015867,tt0007857,0.9
tt0015867,tt0009781,0.7
tt0015867,tt0018054,0.7
tt0015872,tt0016884,0.3
tt0015875,tt0014079,0.8
tt0015875,tt0015814,-0.6
tt0015882,tt0017408,0.8
tt0015882,tt0017970,0.2
tt0015883,tt0013033,0.8
tt0015883,tt0015626,0.8
tt0015883,tt0016491,0.2
tt0015900,tt0004337,-1.1
tt0015900,tt0004937,0.1
tt0015900,tt0005423,0.1
tt0015900,tt0006037,-0.7
tt0015900,tt0011652,0.8
tt0015900,tt0011738,0.0
tt0015900,tt0014570,0.2
tt0015900,tt0015313,0.9
tt0015900,tt0015662,0.7
tt0015901,tt0007664,-1.6
tt0015901,tt0008175,-0.5
tt0015901,tt0008389,-0.1
tt0015901,tt0010088,0.2
tt0015901,tt0010131,0.5
tt0015901,tt0013724,-0.5
tt0015901,tt0014451,0.5
tt0015901,tt0016615,-0.2
tt0015901,tt0017599,-1.8
tt0015901,tt0018748,0.1
tt0015902,tt0013802,0.8
tt0015902,tt0015644,0.7
tt0015902,tt0018450,-0.8
tt0015903,tt0009273,-0.5
tt0015903,tt0011093,-0.6
tt0015903,tt0014950,-0.5
tt0015903,tt0015602,0.8
tt0015903,tt0017727,0.6
tt0015903,tt0017858,-0.6
tt0015903,tt0018438,-0.3
tt0015907,tt0016843,0.2
tt0015909,tt0013093,0.0
tt0015909,tt0013611,0.8
tt0015909,tt0014982,0.9
tt0015909,tt0016812,0.6
tt0015917,tt0017502,0.8
tt0015919,tt0010158,0.7
tt0015919,tt0015442,0.4
tt0015924,tt0012472,0.6
tt0015924,tt0013975,0.9
tt0015924,tt0014217,0.5
tt0015930,tt0017408,0.8
tt0015930,tt0017970,0.2
tt0015939,tt0010190,-3.6
tt0015939,tt0011191,-4.6
tt0015939,tt0011908,-2.6
tt0015939,tt0012881,-3.4
tt0015939,tt0013527,-4.1
tt0015939,tt0013839,-2.3
tt0015939,tt0014489,-3.1
tt0015939,tt0015519,-2.1
tt0015939,tt0018320,-1.6
tt0015951,tt0012486,-3.2
tt0015951,tt0013278,-3.2
tt0015958,tt0005903,0.3
tt0015958,tt0006241,-0.2
tt0015958,tt0008536,0.9
tt0015958,tt0016559,0.7
tt0015958,tt0017293,0.5
tt0015958,tt0017418,0.7
tt0015958,tt0017748,0.5
tt0015958,tt0018844,0.8
tt0015965,tt0017899,0.1
tt0015973,tt0008634,0.8
tt0015973,tt0011358,0.7
tt0015973,tt0017463,-0.3
tt0015973,tt0018909,0.0
tt0015976,tt0016005,0.9
tt0015976,tt0016677,0.3
tt0015976,tt0017508,0.7
tt0015976,tt0017593,0.3
tt0015979,tt0002423,0.6
tt0015979,tt0009893,0.1
tt0015979,tt0010281,0.5
tt0015979,tt0010600,-0.1
tt0015979,tt0010962,0.8
tt0015979,tt0011371,0.8
tt0015979,tt0011960,0.4
tt0015979,tt0013741,0.8
tt0015979,tt0014416,0.8
tt0015979,tt0015119,0.3
tt0015979,tt0015409,0.9
tt0015979,tt0016004,0.1
tt0015979,tt0017409,0.2
tt0015979,tt0018451,-0.2
tt0015998,tt0005805,0.4
tt0015998,tt0006241,-0.2
tt0015998,tt0018269,0.9
tt0016004,tt0010600,0.8
tt0016004,tt0018451,0.7
tt0016005,tt0016677,0.4
tt0016005,tt0017508,0.8
tt0016005,tt0017593,0.4
tt0016006,tt0006907,0.4
tt0016006,tt0009137,0.9
tt0016006,tt0012917,0.8
tt0016006,tt0013727,0.9
tt0016006,tt0014322,0.5
tt0016006,tt0016013,0.2
tt0016006,tt0016875,0.0
tt0016006,tt0018379,-0.1
tt0016008,tt0013668,0.4
tt0016013,tt0016875,0.8
tt0016013,tt0018379,0.7
tt0016022,tt0007755,0.9
tt0016022,tt0008634,0.6
tt0016022,tt0011358,0.5
tt0016022,tt0015973,0.8
tt0016022,tt0017374,0.8
tt0016022,tt0017463,-0.5
tt0016022,tt0018530,0.8
tt0016022,tt0018909,-0.2
tt0016023,tt0016005,0.9
tt0016023,tt0016677,0.3
tt0016023,tt0017508,0.7
tt0016023,tt0017593,0.3
tt0016028,tt0016706,0.6
tt0016028,tt0017423,0.5
tt0016030,tt0011952,0.7
tt0016031,tt0006586,0.4
tt0016031,tt0018621,0.9
tt0016037,tt0010879,-0.5
tt0016037,tt0011474,-0.2
tt0016037,tt0017119,-0.5
tt0016037,tt0018016,0.0
tt0016038,tt0012636,0.2
tt0016038,tt0014042,0.5
tt0016038,tt0017534,0.6
tt0016038,tt0018440,0.8
tt0016038,tt0018742,-0.8
tt0016039,tt0012623,-0.5
tt0016039,tt0015256,0.3
tt0016039,tt0017676,0.6
tt0016042,tt0005095,-0.4
tt0016042,tt0007453,-1.1
tt0016042,tt0008784,0.6
tt0016042,tt0016477,-0.4
tt0016049,tt0015167,0.7
tt0016049,tt0017271,-0.5
tt0016049,tt0018533,0.3
tt0016051,tt0015980,-0.4
tt0016051,tt0016603,0.9
tt0016051,tt0017028,0.8
tt0016052,tt0014341,-1.5
tt0016052,tt0015051,0.1
tt0016052,tt0015617,-0.5
tt0016052,tt0015750,0.4
tt0016052,tt0016948,-2.0
tt0016061,tt0006586,-0.9
tt0016061,tt0010386,0.1
tt0016061,tt0010446,0.4
tt0016061,tt0016031,-0.3
tt0016061,tt0018621,-0.4
tt0016063,tt0012926,0.2
tt0016063,tt0015494,0.1
tt0016063,tt0017401,0.4
tt0016063,tt0017539,0.7
tt0016064,tt0005076,0.8
tt0016064,tt0014996,0.0
tt0016064,tt0017201,0.6
tt0016065,tt0003883,-1.0
tt0016065,tt0008572,0.4
tt0016065,tt0009289,-1.5
tt0016065,tt0009376,-0.5
tt0016065,tt0009858,-0.2
tt0016065,tt0010822,0.0
tt0016066,tt0014764,0.3
tt0016073,tt0015700,0.3
tt0016073,tt0016345,0.2
tt0016073,tt0016439,0.6
tt0016073,tt0016730,0.8
tt0016073,tt0016743,0.9
tt0016073,tt0016827,0.2
tt0016073,tt0017100,0.4
tt0016073,tt0018512,0.3
tt0016076,tt0014867,-0.6
tt0016076,tt0015688,-0.9
tt0016076,tt0016202,-1.2
tt0016076,tt0017947,-1.2
tt0016076,tt0018235,-1.5
tt0016076,tt0018253,-0.7
tt0016083,tt0016643,-0.6
tt0016083,tt0017222,0.0
tt0016083,tt0018164,0.1
tt0016083,tt0018727,0.3
tt0016083,tt0018903,-0.8
tt0016094,tt0009251,-0.3
tt0016094,tt0011238,0.6
tt0016094,tt0011890,0.9
tt0016094,tt0014391,0.6
tt0016097,tt0002305,-0.8
tt0016097,tt0004223,0.6
tt0016097,tt0004854,0.6
tt0016097,tt0006592,0.9
tt0016097,tt0006688,0.4
tt0016097,tt0007368,0.5
tt0016097,tt0012937,0.8
tt0016097,tt0014689,0.9
tt0016097,tt0018646,-0.5
tt0016104,tt0015881,0.2
tt0016109,tt0002305,-1.8
tt0016109,tt0003838,0.0
tt0016109,tt0004038,0.4
tt0016109,tt0004223,-0.4
tt0016109,tt0004854,-0.4
tt0016109,tt0005214,0.6
tt0016109,tt0005600,0.3
tt0016109,tt0005719,0.1
tt0016109,tt0006564,0.7
tt0016109,tt0006592,-0.1
tt0016109,tt0006688,-0.6
tt0016109,tt0007257,0.5
tt0016109,tt0007368,-0.5
tt0016109,tt0008031,0.3
tt0016109,tt0012937,-0.2
tt0016109,tt0014689,-0.1
tt0016109,tt0016097,0.0
tt0016109,tt0018646,-1.5
tt0016109,tt0018853,0.4
tt0016114,tt0015980,-0.6
tt0016114,tt0016051,0.8
tt0016114,tt0016603,0.7
tt0016114,tt0017028,0.6
tt0016123,tt0008998,-0.4
tt0016123,tt0014569,-0.1
tt0016123,tt0017822,0.8
tt0016134,tt0016305,0.9
tt0016134,tt0017882,0.3
tt0016134,tt0018715,0.3
tt0016134,tt0018725,0.8
tt0016140,tt0017400,0.8
tt0016142,tt0009284,0.6
tt0016142,tt0009544,-0.3
tt0016142,tt0016473,0.5
tt0016142,tt0016655,0.9
tt0016142,tt0018097,0.9
tt0016142,tt0018397,0.7
tt0016142,tt0018528,-0.1
tt0016142,tt0018697,0.8
tt0016150,tt0004872,0.9
tt0016150,tt0005041,0.8
tt0016150,tt0006755,0.8
tt0016150,tt0007678,0.8
tt0016150,tt0008443,0.7
tt0016150,tt0008891,0.5
tt0016150,tt0009020,0.1
tt0016150,tt0009567,0.8
tt0016150,tt0011387,0.8
tt0016150,tt0011785,0.3
tt0016150,tt0013332,0.8
tt0016150,tt0014158,-0.1
tt0016150,tt0014602,0.4
tt0016150,tt0015492,0.8
tt0016156,tt0012410,0.8
tt0016156,tt0013679,0.1
tt0016156,tt0014767,-0.9
tt0016156,tt0016959,0.9
tt0016156,tt0017619,-0.8
tt0016156,tt0017750,0.4
tt0016159,tt0014183,-0.1
tt0016159,tt0017020,-0.6
tt0016159,tt0017022,0.5
tt0016159,tt0017023,0.0
tt0016159,tt0017049,0.7
tt0016172,tt0008990,0.5
tt0016172,tt0015663,0.8
tt0016172,tt0015937,-0.8
tt0016172,tt0017272,0.2
tt0016172,tt0018524,0.2
tt0016174,tt0013926,-2.6
tt0016174,tt0014538,-3.6
tt0016174,tt0014760,-3.6
tt0016174,tt0014953,-2.4
tt0016174,tt0015074,-3.0
tt0016174,tt0016258,-3.6
tt0016174,tt0017935,-4.0
tt0016174,tt0018423,-1.1
tt0016184,tt0005883,-4.3
tt0016184,tt0011626,-2.3
tt0016184,tt0012096,-3.0
tt0016184,tt0012350,-4.2
tt0016184,tt0014229,-3.4
tt0016184,tt0014388,-2.3
tt0016184,tt0014439,-5.1
tt0016184,tt0014563,-3.5
tt0016184,tt0016300,-3.7
tt0016184,tt0016690,-3.5
tt0016184,tt0018513,-3.1
tt0016184,tt0018525,0.1
tt0016184,tt0018638,-3.9
tt0016184,tt0018722,-3.0
tt0016198,tt0011973,0.3
tt0016198,tt0012178,0.3
tt0016198,tt0014759,0.0
tt0016198,tt0015600,0.5
tt0016201,tt0003897,0.9
tt0016201,tt0004465,0.7
tt0016201,tt0007339,0.2
tt0016201,tt0014264,0.6
tt0016201,tt0015491,0.3
tt0016201,tt0015499,0.4
tt0016201,tt0017457,-0.8
tt0016202,tt0018235,0.7
tt0016205,tt0018033,0.8
tt0016212,tt0012642,0.4
tt0016212,tt0013075,0.1
tt0016212,tt0013201,0.2
tt0016212,tt0014429,-0.9
tt0016212,tt0014611,-0.1
tt0016212,tt0014945,-0.4
tt0016212,tt0015002,0.1
tt0016212,tt0015841,-0.3
tt0016212,tt0017300,0.6
tt0016214,tt0004272,-0.4
tt0016214,tt0005005,0.0
tt0016214,tt0008353,0.9
tt0016214,tt0008476,-0.7
tt0016214,tt0016237,0.4
tt0016214,tt0017218,0.7
tt0016218,tt0005700,-0.2
tt0016218,tt0008307,-0.3
tt0016218,tt0008939,-2.6
tt0016218,tt0008954,-2.3
tt0016218,tt0009527,-1.2
tt0016218,tt0011880,-0.9
tt0016218,tt0015623,-0.7
tt0016218,tt0018018,-1.1
tt0016223,tt0007111,0.9
tt0016223,tt0013579,-0.1
tt0016223,tt0017118,0.5
tt0016226,tt0012788,0.2
tt0016226,tt0014651,0.2
tt0016230,tt0017075,-0.6
tt0016230,tt0017825,0.7
tt0016230,tt0018328,0.6
tt0016230,tt0018876,0.9
tt0016234,tt0014301,0.2
tt0016234,tt0014640,0.1
tt0016234,tt0015947,-0.3
tt0016234,tt0017470,0.0
tt0016234,tt0017911,0.3
tt0016234,tt0017960,0.4
tt0016235,tt0010835,0.5
tt0016235,tt0010929,-0.2
tt0016235,tt0012077,0.1
tt0016235,tt0012114,0.7
tt0016235,tt0012202,0.0
tt0016235,tt0012382,0.8
tt0016235,tt0013459,0.9
tt0016235,tt0013951,0.3
tt0016235,tt0014137,0.1
tt0016235,tt0014892,0.7
tt0016235,tt0017117,0.1
tt0016235,tt0017226,0.0
tt0016237,tt0004272,0.2
tt0016237,tt0005005,0.6
tt0016237,tt0008476,-0.1
tt0016237,tt0008919,0.7
tt0016237,tt0015738,-0.1
tt0016237,tt0016438,0.4
tt0016238,tt0010954,0.9
tt0016238,tt0014650,0.5
tt0016238,tt0015866,0.1
tt0016238,tt0017346,-0.1
tt0016240,tt0011369,-0.8
tt0016241,tt0015976,-0.4
tt0016241,tt0016005,-0.5
tt0016241,tt0016023,-0.4
tt0016241,tt0016677,-1.1
tt0016241,tt0017508,-0.7
tt0016241,tt0017593,-1.1
tt0016241,tt0018138,-0.1
tt0016245,tt0010777,0.1
tt0016245,tt0012623,-2.4
tt0016245,tt0015256,-1.6
tt0016245,tt0016039,-0.9
tt0016245,tt0016639,-0.5
tt0016245,tt0017676,-1.3
tt0016245,tt0018319,0.3
tt0016246,tt0015508,0.9
tt0016251,tt0010534,0.8
tt0016251,tt0011172,-0.1
tt0016251,tt0011344,-0.4
tt0016251,tt0012409,-0.1
tt0016251,tt0012699,0.0
tt0016251,tt0013091,0.7
tt0016251,tt0013488,-0.5
tt0016251,tt0013535,0.2
tt0016251,tt0014542,0.6
tt0016251,tt0014968,-0.8
tt0016251,tt0014991,0.8
tt0016251,tt0015498,-0.6
tt0016251,tt0015500,-0.2
tt0016251,tt0015624,-1.8
tt0016251,tt0016530,0.5
tt0016251,tt0016627,-1.0
tt0016251,tt0016669,-1.1
tt0016251,tt0018806,-1.9
tt0016258,tt0017935,0.6
tt0016259,tt0007270,-0.7
tt0016259,tt0008814,-0.3
tt0016259,tt0009053,0.3
tt0016259,tt0009972,0.7
tt0016259,tt0011036,0.5
tt0016259,tt0013284,0.1
tt0016259,tt0013607,0.8
tt0016259,tt0015770,0.6
tt0016259,tt0016288,0.6
tt0016259,tt0016693,0.6
tt0016259,tt0016724,0.9
tt0016259,tt0017112,0.5
tt0016266,tt0008392,0.8
tt0016266,tt0009273,-1.4
tt0016266,tt0011093,-1.5
tt0016266,tt0011265,0.7
tt0016266,tt0011939,0.7
tt0016266,tt0012875,0.9
tt0016266,tt0013145,0.2
tt0016266,tt0013391,0.3
tt0016266,tt0013759,0.7
tt0016266,tt0013986,0.2
tt0016266,tt0014203,0.7
tt0016266,tt0014283,0.8
tt0016266,tt0014703,0.3
tt0016266,tt0014950,-1.4
tt0016266,tt0014965,0.7
tt0016266,tt0015094,0.2
tt0016266,tt0015501,0.7
tt0016266,tt0015602,-0.1
tt0016266,tt0015746,0.9
tt0016266,tt0015903,0.1
tt0016266,tt0016433,0.7
tt0016266,tt0016449,0.5
tt0016266,tt0016916,0.5
tt0016266,tt0017527,0.7
tt0016266,tt0017727,-0.3
tt0016266,tt0017858,-1.5
tt0016266,tt0017902,0.6
tt0016266,tt0017976,0.2
tt0016266,tt0018438,-1.2
tt0016266,tt0018579,0.3
tt0016276,tt0017165,0.1
tt0016284,tt0010209,0.3
tt0016284,tt0014211,-1.1
tt0016284,tt0014733,-1.1
tt0016284,tt0018906,0.0
tt0016288,tt0007270,-0.3
tt0016288,tt0008814,0.1
tt0016288,tt0009053,0.7
tt0016288,tt0011036,0.9
tt0016288,tt0013284,0.5
tt0016288,tt0017112,0.9
tt0016294,tt0004294,0.7
tt0016294,tt0004792,0.7
tt0016294,tt0005059,0.8
tt0016294,tt0005402,0.7
tt0016294,tt0006605,0.7
tt0016294,tt0007038,0.5
tt0016294,tt0007857,0.2
tt0016294,tt0008150,0.9
tt0016294,tt0009781,0.0
tt0016294,tt0009796,0.6
tt0016294,tt0010071,0.7
tt0016294,tt0010418,0.3
tt0016294,tt0011865,0.6
tt0016294,tt0011909,0.7
tt0016294,tt0012181,0.6
tt0016294,tt0012187,0.7
tt0016294,tt0013574,0.6
tt0016294,tt0014532,0.5
tt0016294,tt0014881,0.7
tt0016294,tt0015867,0.3
tt0016294,tt0017519,0.6
tt0016294,tt0018054,0.0
tt0016300,tt0005883,0.4
tt0016300,tt0012350,0.5
tt0016300,tt0014439,-0.4
tt0016300,tt0018638,0.8
tt0016301,tt0015467,0.2
tt0016305,tt0017882,0.4
tt0016305,tt0018715,0.4
tt0016305,tt0018725,0.9
tt0016308,tt0006864,0.0
tt0016308,tt0009130,0.8
tt0016308,tt0009133,0.4
tt0016308,tt0009968,0.4
tt0016308,tt0010108,0.9
tt0016308,tt0010484,0.6
tt0016308,tt0010806,0.7
tt0016308,tt0011841,0.3
tt0016308,tt0012532,0.3
tt0016308,tt0015018,0.8
tt0016309,tt0018107,0.0
tt0016309,tt0018595,0.9
tt0016310,tt0018526,0.1
tt0016310,tt0018839,0.1
tt0016324,tt0006375,-1.4
tt0016324,tt0010428,-0.1
tt0016324,tt0014443,-1.6
tt0016324,tt0014615,-2.5
tt0016324,tt0014692,-1.2
tt0016324,tt0014893,-1.5
tt0016324,tt0016526,-2.4
tt0016324,tt0016865,-0.1
tt0016324,tt0017112,-1.8
tt0016324,tt0017367,-2.2
tt0016324,tt0017400,-0.6
tt0016324,tt0017558,-1.4
tt0016324,tt0018233,-2.6
tt0016328,tt0010795,0.9
tt0016328,tt0011980,0.7
tt0016332,tt0015324,0.7
tt0016332,tt0017925,0.7
tt0016333,tt0012642,-0.8
tt0016333,tt0013075,-1.1
tt0016333,tt0013201,-1.0
tt0016333,tt0014429,-2.1
tt0016333,tt0014611,-1.3
tt0016333,tt0014945,-1.6
tt0016333,tt0015002,-1.1
tt0016333,tt0015841,-1.5
tt0016333,tt0016212,-0.2
tt0016333,tt0017300,-0.6
tt0016333,tt0018122,0.7
tt0016334,tt0018515,0.4
tt0016343,tt0008051,0.3
tt0016343,tt0008539,0.9
tt0016343,tt0008851,-0.8
tt0016343,tt0009106,-0.2
tt0016346,tt0010244,0.7
tt0016346,tt0010766,0.7
tt0016351,tt0017107,-0.8
tt0016358,tt0009279,-2.4
tt0016358,tt0010158,-3.7
tt0016358,tt0015442,-4.0
tt0016358,tt0015919,-3.4
tt0016358,tt0018487,-2.8
tt0016358,tt0018754,-0.2
tt0016361,tt0014752,0.9
tt0016361,tt0015872,0.9
tt0016361,tt0016884,0.2
tt0016368,tt0006505,0.1
tt0016368,tt0006508,0.4
tt0016368,tt0009047,0.5
tt0016368,tt0012345,0.4
tt0016374,tt0010879,-1.9
tt0016374,tt0011474,-1.6
tt0016374,tt0012434,-0.0
tt0016374,tt0012862,0.6
tt0016374,tt0013540,0.1
tt0016374,tt0013906,0.4
tt0016374,tt0014553,-0.1
tt0016374,tt0014782,-0.4
tt0016374,tt0014866,0.5
tt0016374,tt0015542,0.2
tt0016374,tt0015749,0.3
tt0016374,tt0016037,-0.4
tt0016374,tt0017119,-1.9
tt0016374,tt0018016,-1.4
tt0016374,tt0018613,-0.1
tt0016374,tt0018666,-0.3
tt0016377,tt0009334,0.5
tt0016377,tt0010244,-0.5
tt0016377,tt0010766,-0.5
tt0016377,tt0011130,0.1
tt0016377,tt0013336,0.6
tt0016377,tt0013629,0.7
tt0016377,tt0013662,0.0
tt0016377,tt0014869,0.1
tt0016377,tt0016346,-0.2
tt0016377,tt0017632,0.3
tt0016377,tt0017735,0.1
tt0016377,tt0018332,0.1
tt0016379,tt0005879,-0.2
tt0016379,tt0005960,-0.9
tt0016379,tt0008117,0.5
tt0016379,tt0008457,0.9
tt0016379,tt0009524,0.9
tt0016379,tt0009832,0.7
tt0016379,tt0010091,0.9
tt0016379,tt0013293,0.4
tt0016379,tt0015400,-1.8
tt0016379,tt0016500,0.9
tt0016379,tt0017089,0.9
tt0016379,tt0017540,-0.9
tt0016379,tt0018118,-0.2
tt0016379,tt0018170,-0.3
tt0016384,tt0004712,0.6
tt0016384,tt0007910,0.3
tt0016384,tt0013619,0.9
tt0016389,tt0002785,0.7
tt0016389,tt0004825,-0.1
tt0016389,tt0004872,-0.2
tt0016389,tt0005041,-0.3
tt0016389,tt0005163,0.3
tt0016389,tt0006182,0.7
tt0016389,tt0006755,-0.3
tt0016389,tt0007678,-0.3
tt0016389,tt0008011,0.2
tt0016389,tt0008443,-0.4
tt0016389,tt0008458,0.1
tt0016389,tt0008764,0.9
tt0016389,tt0008891,-0.6
tt0016389,tt0009020,-1.0
tt0016389,tt0009523,0.0
tt0016389,tt0009567,-0.3
tt0016389,tt0009969,-0.1
tt0016389,tt0010844,-0.1
tt0016389,tt0010882,0.0
tt0016389,tt0011076,0.7
tt0016389,tt0011387,-0.3
tt0016389,tt0011785,-0.8
tt0016389,tt0013332,-0.3
tt0016389,tt0014158,-1.2
tt0016389,tt0014602,-0.7
tt0016389,tt0015492,-0.3
tt0016389,tt0016150,-0.1
tt0016389,tt0016598,0.6
tt0016394,tt0005392,0.6
tt0016394,tt0008406,0.4
tt0016394,tt0009143,0.6
tt0016394,tt0010049,0.0
tt0016394,tt0013556,0.8
tt0016394,tt0015349,0.1
tt0016394,tt0015465,0.5
tt0016394,tt0017242,0.5
tt0016394,tt0017841,0.7
tt0016396,tt0011855,0.2
tt0016396,tt0013313,0.3
tt0016396,tt0015347,0.7
tt0016396,tt0017492,0.7
tt0016396,tt0018531,0.9
tt0016396,tt0018733,0.7
tt0016399,tt0008549,0.2
tt0016399,tt0014187,-0.3
tt0016399,tt0015918,-1.3
tt0016399,tt0016478,-0.3
tt0016399,tt0018457,0.4
tt0016399,tt0018639,0.9
tt0016403,tt0006568,0.7
tt0016403,tt0007927,0.0
tt0016403,tt0008201,0.4
tt0016403,tt0011952,-1.0
tt0016403,tt0012555,0.2
tt0016403,tt0012864,0.6
tt0016403,tt0014499,0.7
tt0016403,tt0015224,0.2
tt0016403,tt0016030,-0.7
tt0016403,tt0016634,0.2
tt0016403,tt0016762,0.6
tt0016403,tt0017033,0.3
tt0016408,tt0014323,-0.1
tt0016408,tt0015156,0.1
tt0016409,tt0012092,0.6
tt0016409,tt0012645,0.6
tt0016409,tt0013469,0.8
tt0016409,tt0014174,0.5
tt0016409,tt0015225,0.3
tt0016417,tt0007755,-0.8
tt0016417,tt0008551,0.5
tt0016417,tt0008634,-1.1
tt0016417,tt0008978,0.0
tt0016417,tt0009153,-0.7
tt0016417,tt0009580,0.0
tt0016417,tt0009859,0.7
tt0016417,tt0010198,0.6
tt0016417,tt0010438,0.5
tt0016417,tt0011298,0.5
tt0016417,tt0011358,-1.2
tt0016417,tt0011906,0.5
tt0016417,tt0012328,0.4
tt0016417,tt0013735,-0.1
tt0016417,tt0013909,-0.4
tt0016417,tt0014321,-0.5
tt0016417,tt0015973,-0.9
tt0016417,tt0016022,-0.7
tt0016417,tt0016664,-0.4
tt0016417,tt0017374,-0.9
tt0016417,tt0017463,-2.2
tt0016417,tt0018530,-0.9
tt0016417,tt0018909,-1.9
tt0016420,tt0003643,0.6
tt0016420,tt0003665,0.7
tt0016420,tt0004181,0.8
tt0016420,tt0004972,0.9
tt0016420,tt0006864,-0.6
tt0016420,tt0009109,0.7
tt0016420,tt0009130,0.2
tt0016420,tt0009133,-0.2
tt0016420,tt0009150,0.5
tt0016420,tt0009559,0.8
tt0016420,tt0009968,-0.2
tt0016420,tt0010108,0.3
tt0016420,tt0010484,0.0
tt0016420,tt0010806,0.1
tt0016420,tt0011841,-0.3
tt0016420,tt0012532,-0.3
tt0016420,tt0014604,0.9
tt0016420,tt0014672,0.7
tt0016420,tt0015018,0.2
tt0016420,tt0016308,0.4
tt0016420,tt0017419,0.7
tt0016420,tt0018678,0.5
tt0016430,tt0016921,-0.4
tt0016430,tt0017518,0.1
tt0016430,tt0018571,0.2
tt0016433,tt0009273,-1.1
tt0016433,tt0011093,-1.2
tt0016433,tt0013145,0.5
tt0016433,tt0013391,0.6
tt0016433,tt0013986,0.5
tt0016433,tt0014703,0.6
tt0016433,tt0014950,-1.1
tt0016433,tt0015094,0.5
tt0016433,tt0015602,0.2
tt0016433,tt0015903,0.4
tt0016433,tt0016449,0.8
tt0016433,tt0016916,0.8
tt0016433,tt0017727,0.0
tt0016433,tt0017858,-1.2
tt0016433,tt0017902,0.9
tt0016433,tt0017976,0.5
tt0016433,tt0018438,-0.9
tt0016433,tt0018579,0.6
tt0016438,tt0015738,0.5
tt0016439,tt0015700,0.7
tt0016439,tt0016345,0.6
tt0016439,tt0016827,0.6
tt0016439,tt0017100,0.8
tt0016439,tt0018512,0.7
tt0016446,tt0006108,0.7
tt0016446,tt0012364,0.6
tt0016446,tt0014972,0.9
tt0016449,tt0009273,-0.9
tt0016449,tt0011093,-1.0
tt0016449,tt0013145,0.7
tt0016449,tt0013391,0.8
tt0016449,tt0013986,0.7
tt0016449,tt0014703,0.8
tt0016449,tt0014950,-0.9
tt0016449,tt0015094,0.7
tt0016449,tt0015602,0.4
tt0016449,tt0015903,0.6
tt0016449,tt0017727,0.2
tt0016449,tt0017858,-1.0
tt0016449,tt0017976,0.7
tt0016449,tt0018438,-0.7
tt0016449,tt0018579,0.8
tt0016453,tt0014652,0.1
tt0016453,tt0014857,0.7
tt0016453,tt0016382,0.1
tt0016461,tt0012472,0.4
tt0016461,tt0013975,0.7
tt0016461,tt0014217,0.3
tt0016461,tt0015924,0.8
tt0016467,tt0007110,0.0
tt0016467,tt0007933,0.9
tt0016467,tt0008843,0.9
tt0016467,tt0011604,-0.1
tt0016467,tt0013572,0.9
tt0016467,tt0013700,0.3
tt0016467,tt0017099,0.4
tt0016469,tt0005716,0.0
tt0016469,tt0007142,-0.2
tt0016469,tt0009369,0.9
tt0016469,tt0012107,0.9
tt0016469,tt0013451,0.2
tt0016469,tt0016640,0.6
tt0016469,tt0017831,0.7
tt0016473,tt0009544,0.2
tt0016473,tt0018528,0.4
tt0016477,tt0007453,0.3
tt0016478,tt0015918,0.0
tt0016480,tt0014365,-0.7
tt0016480,tt0014927,0.2
tt0016480,tt0018771,0.1
tt0016487,tt0017498,0.8
tt0016487,tt0018049,0.8
tt0016493,tt0015214,0.5
tt0016493,tt0018523,0.8
tt0016493,tt0018826,0.8
tt0016497,tt0010835,0.5
tt0016497,tt0010929,-0.2
tt0016497,tt0012077,0.1
tt0016497,tt0012114,0.7
tt0016497,tt0012202,0.0
tt0016497,tt0012382,0.8
tt0016497,tt0013459,0.9
tt0016497,tt0013951,0.3
tt0016497,tt0014137,0.1
tt0016497,tt0014892,0.7
tt0016497,tt0017117,0.1
tt0016497,tt0017226,0.0
tt0016499,tt0018155,0.1
tt0016499,tt0018592,0.7
tt0016500,tt0005879,-0.1
tt0016500,tt0005960,-0.8
tt0016500,tt0008117,0.6
tt0016500,tt0009832,0.8
tt0016500,tt0013293,0.5
tt0016500,tt0015400,-1.7
tt0016500,tt0017540,-0.8
tt0016500,tt0018118,-0.1
tt0016500,tt0018170,-0.2
tt0016501,tt0012125,0.9
tt0016507,tt0008865,-1.1
tt0016507,tt0008882,-2.6
tt0016507,tt0009975,-0.9
tt0016507,tt0010402,-1.1
tt0016507,tt0010696,-1.6
tt0016507,tt0011741,-1.0
tt0016507,tt0014045,-1.8
tt0016507,tt0015071,-1.7
tt0016507,tt0017142,-1.5
tt0016508,tt0004052,0.3
tt0016508,tt0016213,-0.8
tt0016508,tt0017316,-0.2
tt0016508,tt0018565,0.6
tt0016515,tt0013961,0.8
tt0016515,tt0015184,0.8
tt0016515,tt0015453,0.8
tt0016515,tt0016672,0.0
tt0016515,tt0016715,0.5
tt0016515,tt0017584,-1.4
tt0016515,tt0018578,-2.1
tt0016515,tt0018684,-2.1
tt0016523,tt0005193,-0.1
tt0016524,tt0008622,0.9
tt0016526,tt0014615,0.9
tt0016526,tt0018233,0.8
tt0016530,tt0011172,0.4
tt0016530,tt0011344,0.1
tt0016530,tt0012409,0.4
tt0016530,tt0012699,0.5
tt0016530,tt0013488,0.0
tt0016530,tt0013535,0.7
tt0016530,tt0014968,-0.3
tt0016530,tt0015498,-0.1
tt0016530,tt0015500,0.3
tt0016530,tt0015624,-1.3
tt0016530,tt0016627,-0.5
tt0016530,tt0016669,-0.6
tt0016530,tt0018806,-1.4
tt0016533,tt0008919,0.3
tt0016533,tt0011667,0.7
tt0016533,tt0015738,-0.5
tt0016533,tt0016237,0.6
tt0016533,tt0016438,0.0
tt0016533,tt0016867,0.9
tt0016533,tt0017218,0.9
tt0016534,tt0005974,0.7
tt0016534,tt0009204,0.8
tt0016534,tt0014365,-1.0
tt0016534,tt0014927,-0.1
tt0016534,tt0016480,0.7
tt0016534,tt0017687,0.9
tt0016534,tt0018771,-0.2
tt0016535,tt0005613,-4.2
tt0016535,tt0006509,-3.2
tt0016535,tt0006731,-3.9
tt0016535,tt0006745,-4.4
tt0016535,tt0007353,-3.4
tt0016535,tt0007617,-3.2
tt0016535,tt0007669,-3.2
tt0016535,tt0008144,-2.3
tt0016535,tt0008821,-0.4
tt0016535,tt0009721,-4.6
tt0016535,tt0013624,-4.3
tt0016535,tt0013688,-4.6
tt0016535,tt0014600,-4.8
tt0016535,tt0015332,-3.0
tt0016535,tt0018480,-3.2
tt0016535,tt0018825,-5.3
tt0016537,tt0016638,0.9
tt0016537,tt0017004,0.9
tt0016541,tt0005561,0.5
tt0016541,tt0007000,0.2
tt0016544,tt0014946,-0.4
tt0016544,tt0017433,0.8
tt0016545,tt0014652,0.1
tt0016545,tt0014857,0.7
tt0016545,tt0016382,0.1
tt0016548,tt0016935,0.8
tt0016548,tt0017698,0.3
tt0016550,tt0012284,0.9
tt0016550,tt0017063,0.3
tt0016550,tt0017410,0.9
tt0016550,tt0018351,0.5
tt0016550,tt0018882,0.5
tt0016558,tt0013949,0.5
tt0016558,tt0015451,-0.4
tt0016558,tt0015495,0.3
tt0016558,tt0017199,0.5
tt0016559,tt0005903,0.6
tt0016559,tt0006241,0.1
tt0016559,tt0017293,0.8
tt0016559,tt0017748,0.8
tt0016560,tt0014988,0.4
tt0016560,tt0015133,0.8
tt0016560,tt0016628,-0.7
tt0016560,tt0018471,-0.5
tt0016560,tt0018795,-0.2
tt0016573,tt0004052,-0.6
tt0016573,tt0009325,0.9
tt0016573,tt0013236,0.2
tt0016573,tt0014845,0.2
tt0016573,tt0015813,0.8
tt0016573,tt0016213,-1.7
tt0016573,tt0016508,0.1
tt0016573,tt0016749,0.6
tt0016573,tt0017080,0.6
tt0016573,tt0017316,-1.1
tt0016573,tt0017325,0.1
tt0016573,tt0018313,0.4
tt0016573,tt0018565,-0.3
tt0016597,tt0008091,0.8
tt0016597,tt0013254,0.7
tt0016597,tt0013965,0.5
tt0016597,tt0017506,0.2
tt0016597,tt0017929,0.2
tt0016597,tt0018184,0.6
tt0016598,tt0004825,0.3
tt0016598,tt0004872,0.2
tt0016598,tt0005041,0.1
tt0016598,tt0005163,0.7
tt0016598,tt0006755,0.1
tt0016598,tt0007678,0.1
tt0016598,tt0008011,0.6
tt0016598,tt0008443,0.0
tt0016598,tt0008458,0.5
tt0016598,tt0008891,-0.2
tt0016598,tt0009020,-0.6
tt0016598,tt0009523,0.4
tt0016598,tt0009567,0.1
tt0016598,tt0009969,0.3
tt0016598,tt0010844,0.3
tt0016598,tt0010882,0.4
tt0016598,tt0011387,0.1
tt0016598,tt0011785,-0.4
tt0016598,tt0013332,0.1
tt0016598,tt0014158,-0.8
tt0016598,tt0014602,-0.3
tt0016598,tt0015492,0.1
tt0016598,tt0016150,0.3
tt0016601,tt0006027,0.0
tt0016601,tt0007202,0.9
tt0016601,tt0013682,0.7
tt0016601,tt0014100,0.5
tt0016601,tt0014205,0.6
tt0016601,tt0015004,-0.2
tt0016601,tt0017757,0.3
tt0016603,tt0015980,-0.3
tt0016603,tt0017028,0.9
tt0016615,tt0007664,-0.4
tt0016615,tt0008175,0.7
tt0016615,tt0013724,0.7
tt0016615,tt0017599,-0.6
tt0016618,tt0016140,0.3
tt0016618,tt0017400,0.1
tt0016627,tt0015624,0.2
tt0016627,tt0016669,0.9
tt0016627,tt0018806,0.1
tt0016630,tt0014341,0.3
tt0016630,tt0015163,0.5
tt0016630,tt0015324,-0.1
tt0016630,tt0015863,0.9
tt0016630,tt0016332,0.2
tt0016630,tt0017925,-0.1
tt0016634,tt0007927,0.8
tt0016634,tt0011952,-0.2
tt0016634,tt0016030,0.1
tt0016639,tt0012623,-0.9
tt0016639,tt0015256,-0.1
tt0016639,tt0016039,0.6
tt0016639,tt0017676,0.2
tt0016640,tt0005716,0.4
tt0016640,tt0007142,0.2
tt0016640,tt0013451,0.6
tt0016642,tt0015290,0.0
tt0016643,tt0018903,0.8
tt0016646,tt0013093,-0.1
tt0016646,tt0013611,0.7
tt0016646,tt0014982,0.8
tt0016646,tt0015909,0.9
tt0016646,tt0016812,0.5
tt0016650,tt0012975,0.8
tt0016650,tt0015739,0.2
tt0016650,tt0017124,0.9
tt0016653,tt0009251,-1.1
tt0016653,tt0011238,-0.2
tt0016653,tt0011890,0.1
tt0016653,tt0012322,0.2
tt0016653,tt0014391,-0.2
tt0016653,tt0016094,0.2
tt0016654,tt0009593,0.2
tt0016655,tt0009284,0.7
tt0016655,tt0009544,-0.2
tt0016655,tt0016473,0.6
tt0016655,tt0018397,0.8
tt0016655,tt0018528,0.0
tt0016655,tt0018697,0.9
tt0016658,tt0010879,-1.9
tt0016658,tt0011474,-1.6
tt0016658,tt0012434,-0.0
tt0016658,tt0012862,0.6
tt0016658,tt0013540,0.1
tt0016658,tt0013906,0.4
tt0016658,tt0014553,-0.1
tt0016658,tt0014782,-0.4
tt0016658,tt0014866,0.5
tt0016658,tt0015542,0.2
tt0016658,tt0015749,0.3
tt0016658,tt0016037,-0.4
tt0016658,tt0017119,-1.9
tt0016658,tt0018016,-1.4
tt0016658,tt0018613,-0.1
tt0016658,tt0018666,-0.3
tt0016659,tt0018716,-2.8
tt0016660,tt0016787,0.5
tt0016664,tt0007755,0.6
tt0016664,tt0008634,0.3
tt0016664,tt0009153,0.7
tt0016664,tt0011358,0.2
tt0016664,tt0014321,0.9
tt0016664,tt0015973,0.5
tt0016664,tt0016022,0.7
tt0016664,tt0017374,0.5
tt0016664,tt0017463,-0.8
tt0016664,tt0018530,0.5
tt0016664,tt0018909,-0.5
tt0016666,tt0014946,0.1
tt0016666,tt0015687,-0.1
tt0016666,tt0016841,0.4
tt0016669,tt0015624,0.3
tt0016669,tt0018806,0.2
tt0016672,tt0017584,-0.4
tt0016672,tt0018578,-1.1
tt0016672,tt0018684,-1.1
tt0016675,tt0016745,0.9
tt0016675,tt0017788,0.6
tt0016676,tt0016902,0.0
tt0016676,tt0017115,-0.8
tt0016676,tt0017637,-1.2
tt0016676,tt0018199,-0.4
tt0016676,tt0018681,-0.2
tt0016679,tt0003324,-0.2
tt0016679,tt0003587,0.9
tt0016679,tt0005400,0.4
tt0016679,tt0005579,0.3
tt0016679,tt0006052,0.6
tt0016679,tt0013538,0.0
tt0016679,tt0014858,-1.1
tt0016679,tt0017077,-0.5
tt0016685,tt0017973,0.8
tt0016687,tt0015742,0.9
tt0016689,tt0014797,0.4
tt0016689,tt0015714,0.4
tt0016689,tt0015773,0.8
tt0016689,tt0016034,-0.5
tt0016690,tt0005883,0.2
tt0016690,tt0012350,0.3
tt0016690,tt0014439,-0.6
tt0016690,tt0016300,0.8
tt0016690,tt0018638,0.6
tt0016692,tt0014447,0.7
tt0016692,tt0014516,0.4
tt0016692,tt0015044,0.8
tt0016692,tt0015778,0.2
tt0016693,tt0007270,-0.3
tt0016693,tt0008814,0.1
tt0016693,tt0009053,0.7
tt0016693,tt0011036,0.9
tt0016693,tt0013284,0.5
tt0016693,tt0017112,0.9
tt0016694,tt0016778,0.3
tt0016696,tt0018505,0.5
tt0016706,tt0017423,0.9
tt0016709,tt0010969,0.9
tt0016709,tt0013033,0.6
tt0016709,tt0015626,0.6
tt0016709,tt0015883,0.8
tt0016709,tt0016491,0.0
tt0016710,tt0014207,-0.1
tt0016710,tt0014298,-0.3
tt0016713,tt0004555,-2.6
tt0016713,tt0007712,-2.6
tt0016713,tt0009406,-2.5
tt0016713,tt0016874,-4.4
tt0016713,tt0018179,-3.1
tt0016713,tt0018618,-3.0
tt0016713,tt0018867,-2.3
tt0016713,tt0018910,-1.3
tt0016715,tt0016672,0.5
tt0016715,tt0017584,-0.9
tt0016715,tt0018578,-1.6
tt0016715,tt0018684,-1.6
tt0016716,tt0010131,0.0
tt0016716,tt0016334,-1.0
tt0016716,tt0017202,-0.7
tt0016716,tt0018515,-1.6
tt0016719,tt0016694,0.5
tt0016719,tt0016778,-0.2
tt0016722,tt0017025,-4.3
tt0016724,tt0007270,-0.6
tt0016724,tt0008814,-0.2
tt0016724,tt0009053,0.4
tt0016724,tt0009972,0.8
tt0016724,tt0011036,0.6
tt0016724,tt0013284,0.2
tt0016724,tt0013607,0.9
tt0016724,tt0015770,0.7
tt0016724,tt0016288,0.7
tt0016724,tt0016693,0.7
tt0016724,tt0017112,0.6
tt0016730,tt0015700,0.5
tt0016730,tt0016345,0.4
tt0016730,tt0016439,0.8
tt0016730,tt0016827,0.4
tt0016730,tt0017100,0.6
tt0016730,tt0018512,0.5
tt0016732,tt0008990,0.5
tt0016732,tt0015663,0.8
tt0016732,tt0015937,-0.8
tt0016732,tt0017272,0.2
tt0016732,tt0018524,0.2
tt0016733,tt0012830,0.7
tt0016743,tt0015700,0.4
tt0016743,tt0016345,0.3
tt0016743,tt0016439,0.7
tt0016743,tt0016730,0.9
tt0016743,tt0016827,0.3
tt0016743,tt0017100,0.5
tt0016743,tt0018512,0.4
tt0016745,tt0017788,0.7
tt0016749,tt0004052,-0.2
tt0016749,tt0013236,0.6
tt0016749,tt0014845,0.6
tt0016749,tt0016213,-1.3
tt0016749,tt0016508,0.5
tt0016749,tt0017316,-0.7
tt0016749,tt0017325,0.5
tt0016749,tt0018313,0.8
tt0016749,tt0018565,0.1
tt0016751,tt0004939,0.7
tt0016755,tt0015273,0.5
tt0016755,tt0015859,0.9
tt0016762,tt0007927,0.4
tt0016762,tt0008201,0.8
tt0016762,tt0011952,-0.6
tt0016762,tt0012555,0.6
tt0016762,tt0015224,0.6
tt0016762,tt0016030,-0.3
tt0016762,tt0016634,0.6
tt0016762,tt0017033,0.7
tt0016768,tt0017139,0.6
tt0016776,tt0011284,0.2
tt0016776,tt0011797,0.1
tt0016776,tt0013744,0.6
tt0016776,tt0013882,0.0
tt0016781,tt0017578,-1.0
tt0016781,tt0017930,-0.7
tt0016782,tt0013908,-0.1
tt0016782,tt0015038,0.0
tt0016782,tt0015627,0.3
tt0016782,tt0018204,0.0
tt0016783,tt0004066,0.9
tt0016783,tt0013257,0.1
tt0016783,tt0018166,0.9
tt0016784,tt0013592,-0.1
tt0016784,tt0014582,-0.1
tt0016784,tt0014891,0.5
tt0016784,tt0015284,-0.4
tt0016784,tt0016106,-0.7
tt0016804,tt0007645,0.8
tt0016804,tt0012324,0.0
tt0016812,tt0013093,0.4
tt0016814,tt0009677,0.7
tt0016814,tt0012386,0.8
tt0016815,tt0005377,0.2
tt0016815,tt0005561,-1.9
tt0016815,tt0006482,-0.3
tt0016815,tt0006865,-0.5
tt0016815,tt0007000,-2.2
tt0016815,tt0007590,-0.5
tt0016815,tt0008305,-1.0
tt0016815,tt0008652,-0.4
tt0016815,tt0009552,0.2
tt0016815,tt0009726,0.7
tt0016815,tt0010419,-0.8
tt0016815,tt0010572,-0.1
tt0016815,tt0010859,-0.1
tt0016815,tt0010920,-0.4
tt0016815,tt0011695,-0.4
tt0016815,tt0013104,-0.7
tt0016815,tt0013450,-0.9
tt0016815,tt0013841,-0.8
tt0016815,tt0014619,-0.8
tt0016815,tt0014721,-0.2
tt0016815,tt0015310,-1.4
tt0016815,tt0016541,-1.4
tt0016815,tt0017751,-0.8
tt0016815,tt0018622,-0.7
tt0016823,tt0009915,0.0
tt0016823,tt0010195,0.5
tt0016823,tt0010987,0.8
tt0016823,tt0011127,0.8
tt0016823,tt0013455,0.3
tt0016823,tt0013795,0.6
tt0016823,tt0013824,0.7
tt0016823,tt0015467,-1.0
tt0016823,tt0015572,0.0
tt0016823,tt0016301,-0.2
tt0016825,tt0016694,0.3
tt0016825,tt0016719,0.8
tt0016825,tt0016778,-0.4
tt0016832,tt0014429,0.0
tt0016832,tt0014611,0.8
tt0016832,tt0014945,0.5
tt0016832,tt0015841,0.6
tt0016832,tt0016895,0.6
tt0016832,tt0018183,0.7
tt0016833,tt0013802,0.6
tt0016833,tt0014644,0.9
tt0016833,tt0015644,0.5
tt0016833,tt0015902,0.8
tt0016833,tt0016310,0.1
tt0016833,tt0018450,-1.0
tt0016833,tt0018526,-0.8
tt0016833,tt0018839,-0.8
tt0016841,tt0014946,0.7
tt0016841,tt0015687,0.5
tt0016844,tt0018301,0.5
tt0016850,tt0004712,0.6
tt0016850,tt0007910,0.3
tt0016850,tt0013619,0.9
tt0016854,tt0017328,0.3
tt0016854,tt0018633,-0.4
tt0016858,tt0014742,0.9
tt0016858,tt0015852,0.3
tt0016858,tt0016734,-0.3
tt0016858,tt0017493,0.6
tt0016858,tt0017804,0.6
tt0016860,tt0014040,-0.2
tt0016865,tt0006375,-0.3
tt0016865,tt0014443,-0.5
tt0016865,tt0014615,-1.4
tt0016865,tt0014692,-0.1
tt0016865,tt0014893,-0.4
tt0016865,tt0016526,-1.3
tt0016865,tt0017112,-0.7
tt0016865,tt0017367,-1.1
tt0016865,tt0017400,0.5
tt0016865,tt0017558,-0.3
tt0016865,tt0018233,-1.5
tt0016867,tt0008919,0.4
tt0016867,tt0011667,0.8
tt0016867,tt0015738,-0.4
tt0016867,tt0016237,0.7
tt0016867,tt0016438,0.1
tt0016871,tt0018584,0.2
tt0016875,tt0018379,0.9
tt0016878,tt0003686,0.2
tt0016878,tt0005535,-0.9
tt0016878,tt0005847,0.5
tt0016878,tt0006327,0.6
tt0016878,tt0007462,0.0
tt0016878,tt0009666,0.0
tt0016878,tt0011647,0.3
tt0016878,tt0012675,0.2
tt0016878,tt0013404,0.0
tt0016878,tt0016927,0.4
tt0016878,tt0018137,-1.3
tt0016880,tt0003657,0.7
tt0016880,tt0005193,-1.0
tt0016880,tt0008044,0.6
tt0016880,tt0009960,0.4
tt0016880,tt0010032,0.6
tt0016880,tt0016523,0.1
tt0016881,tt0012636,0.1
tt0016881,tt0014042,0.4
tt0016881,tt0016038,0.9
tt0016881,tt0017534,0.5
tt0016881,tt0018440,0.7
tt0016881,tt0018742,-0.9
tt0016894,tt0006437,0.9
tt0016895,tt0014429,0.4
tt0016895,tt0014945,0.9
tt0016902,tt0017115,0.2
tt0016902,tt0017637,-0.2
tt0016902,tt0018199,0.6
tt0016902,tt0018681,0.8
tt0016904,tt0013668,0.0
tt0016904,tt0016008,0.6
tt0016904,tt0018388,0.6
tt0016910,tt0010754,0.9
tt0016910,tt0011765,0.7
tt0016910,tt0012422,0.6
tt0016910,tt0013301,0.6
tt0016910,tt0014168,0.9
tt0016910,tt0015968,0.2
tt0016912,tt0013864,0.8
tt0016914,tt0015842,0.7
tt0016914,tt0018087,0.6
tt0016914,tt0018615,0.7
tt0016914,tt0018737,0.1
tt0016915,tt0017826,0.7
tt0016916,tt0009273,-0.9
tt0016916,tt0011093,-1.0
tt0016916,tt0013145,0.7
tt0016916,tt0013391,0.8
tt0016916,tt0013986,0.7
tt0016916,tt0014703,0.8
tt0016916,tt0014950,-0.9
tt0016916,tt0015094,0.7
tt0016916,tt0015602,0.4
tt0016916,tt0015903,0.6
tt0016916,tt0017727,0.2
tt0016916,tt0017858,-1.0
tt0016916,tt0017976,0.7
tt0016916,tt0018438,-0.7
tt0016916,tt0018579,0.8
tt0016920,tt0017096,-0.5
tt0016920,tt0017097,0.9
tt0016926,tt0003022,-1.2
tt0016926,tt0004391,-1.0
tt0016926,tt0005100,-1.3
tt0016926,tt0005592,-1.6
tt0016926,tt0006190,0.2
tt0016926,tt0006568,-2.1
tt0016926,tt0007539,-1.5
tt0016926,tt0007927,-2.8
tt0016926,tt0008201,-2.4
tt0016926,tt0009480,-1.6
tt0016926,tt0011692,-1.3
tt0016926,tt0011952,-3.8
tt0016926,tt0012555,-2.6
tt0016926,tt0012864,-2.2
tt0016926,tt0014499,-2.1
tt0016926,tt0015224,-2.6
tt0016926,tt0016030,-3.5
tt0016926,tt0016403,-1.8
tt0016926,tt0016634,-2.6
tt0016926,tt0016762,-2.2
tt0016926,tt0017033,-2.5
tt0016926,tt0018429,-1.4
tt0016926,tt0018469,-1.0
tt0016927,tt0003686,0.8
tt0016927,tt0005535,-0.3
tt0016927,tt0007462,0.6
tt0016927,tt0009666,0.6
tt0016927,tt0011647,0.9
tt0016927,tt0012675,0.8
tt0016927,tt0013404,0.6
tt0016927,tt0018137,-0.7
tt0016930,tt0003735,0.5
tt0016930,tt0004712,-0.4
tt0016930,tt0006666,0.2
tt0016930,tt0007910,-0.7
tt0016930,tt0008725,0.0
tt0016930,tt0008826,0.1
tt0016930,tt0009419,0.7
tt0016930,tt0009853,0.4
tt0016930,tt0010358,0.0
tt0016930,tt0011011,0.9
tt0016930,tt0012192,0.6
tt0016930,tt0012365,0.6
tt0016930,tt0013619,-0.1
tt0016930,tt0014191,0.4
tt0016930,tt0015339,0.0
tt0016930,tt0016384,0.0
tt0016930,tt0016850,0.0
tt0016930,tt0017462,0.8
tt0016930,tt0017946,0.4
tt0016930,tt0018159,0.2
tt0016935,tt0017698,0.5
tt0016939,tt0018633,-0.3
tt0016946,tt0010762,-3.6
tt0016946,tt0010849,-3.1
tt0016946,tt0011414,-2.4
tt0016946,tt0011567,-5.0
tt0016946,tt0015419,-2.0
tt0016946,tt0017321,-0.9
tt0016947,tt0013084,0.6
tt0016947,tt0016205,0.5
tt0016947,tt0017158,0.7
tt0016947,tt0017307,0.5
tt0016947,tt0018033,0.3
tt0016947,tt0018381,0.9
tt0016950,tt0014734,0.5
tt0016950,tt0015742,0.3
tt0016950,tt0016687,0.4
tt0016953,tt0012868,0.6
tt0016953,tt0013263,0.5
tt0016958,tt0006589,0.2
tt0016958,tt0007673,0.9
tt0016958,tt0009212,0.6
tt0016958,tt0009224,-1.0
tt0016958,tt0009445,-1.9
tt0016958,tt0010507,-0.9
tt0016958,tt0014408,-0.2
tt0016959,tt0012410,0.9
tt0016959,tt0013679,0.2
tt0016959,tt0014767,0.2
tt0016959,tt0017619,-0.7
tt0016959,tt0017750,0.5
tt0016963,tt0015616,-1.3
tt0016963,tt0016972,-2.2
tt0016963,tt0017205,-2.2
tt0016963,tt0017894,-1.4
tt0016964,tt0007867,-0.3
tt0016964,tt0010227,0.8
tt0016964,tt0014915,0.0
tt0016971,tt0017483,0.5
tt0016981,tt0017555,0.5
tt0016981,tt0018796,0.1
tt0016989,tt0005974,0.3
tt0016989,tt0007932,0.9
tt0016989,tt0009204,0.4
tt0016989,tt0010357,0.9
tt0016989,tt0012298,0.6
tt0016989,tt0014365,-1.4
tt0016989,tt0014927,-0.5
tt0016989,tt0016480,0.3
tt0016989,tt0016534,0.6
tt0016989,tt0017687,0.5
tt0016989,tt0018771,-0.6
tt0016989,tt0018797,0.7
tt0016998,tt0015803,0.9
tt0016999,tt0016307,0.9
tt0016999,tt0016822,0.9
tt0017001,tt0014720,-2.9
tt0017001,tt0015669,-2.8
tt0017001,tt0016134,-3.3
tt0017001,tt0016305,-3.4
tt0017001,tt0017882,-4.0
tt0017001,tt0018398,-2.8
tt0017001,tt0018715,-4.0
tt0017001,tt0018725,-3.5
tt0017009,tt0011966,-0.4
tt0017009,tt0015638,0.9
tt0017009,tt0015816,0.8
tt0017009,tt0018804,0.0
tt0017010,tt0015290,-0.2
tt0017010,tt0015745,0.8
tt0017010,tt0016642,0.8
tt0017013,tt0014867,-0.9
tt0017013,tt0015688,-1.2
tt0017013,tt0016076,0.7
tt0017013,tt0016202,-1.5
tt0017013,tt0017947,-1.5
tt0017013,tt0018235,-1.8
tt0017013,tt0018253,-1.0
tt0017017,tt0013327,0.5
tt0017022,tt0014183,0.4
tt0017022,tt0017020,-0.1
tt0017022,tt0017023,0.5
tt0017023,tt0014183,0.9
tt0017023,tt0017020,0.4
tt0017028,tt0015980,-0.2
tt0017029,tt0014752,0.9
tt0017029,tt0015872,0.9
tt0017029,tt0016884,0.2
tt0017033,tt0007927,0.7
tt0017033,tt0011952,-0.3
tt0017033,tt0012555,0.9
tt0017033,tt0015224,0.9
tt0017033,tt0016030,0.0
tt0017033,tt0016634,0.9
tt0017043,tt0013327,0.1
tt0017043,tt0017017,0.6
tt0017049,tt0014183,0.2
tt0017049,tt0017020,-0.3
tt0017049,tt0017022,0.8
tt0017049,tt0017023,0.3
tt0017053,tt0014682,0.5
tt0017056,tt0005061,-0.9
tt0017056,tt0005879,-2.6
tt0017056,tt0005960,-3.3
tt0017056,tt0006441,-0.7
tt0017056,tt0007184,-1.4
tt0017056,tt0007325,-1.4
tt0017056,tt0007697,-1.1
tt0017056,tt0007820,-0.9
tt0017056,tt0008117,-1.9
tt0017056,tt0008138,-0.5
tt0017056,tt0008457,-1.5
tt0017056,tt0008570,0.1
tt0017056,tt0008671,-1.1
tt0017056,tt0009219,-1.1
tt0017056,tt0009444,-0.5
tt0017056,tt0009524,-1.5
tt0017056,tt0009832,-1.7
tt0017056,tt0010091,-1.5
tt0017056,tt0011102,-0.1
tt0017056,tt0011213,-0.5
tt0017056,tt0011739,-0.7
tt0017056,tt0012515,-0.3
tt0017056,tt0013293,-2.0
tt0017056,tt0014213,-0.5
tt0017056,tt0015400,-4.2
tt0017056,tt0015776,-1.1
tt0017056,tt0016379,-1.4
tt0017056,tt0016500,-1.5
tt0017056,tt0017089,-1.5
tt0017056,tt0017540,-3.3
tt0017056,tt0018118,-2.6
tt0017056,tt0018170,-2.7
tt0017060,tt0003897,0.9
tt0017060,tt0005974,0.2
tt0017060,tt0006867,0.9
tt0017060,tt0007932,0.8
tt0017060,tt0009204,0.3
tt0017060,tt0010357,0.8
tt0017060,tt0012298,0.5
tt0017060,tt0014365,-1.5
tt0017060,tt0014927,-0.6
tt0017060,tt0016480,0.2
tt0017060,tt0016534,0.5
tt0017060,tt0016989,0.9
tt0017060,tt0017687,0.4
tt0017060,tt0018771,-0.7
tt0017060,tt0018797,0.6
tt0017061,tt0008491,0.8
tt0017061,tt0009233,0.5
tt0017061,tt0009833,0.8
tt0017061,tt0010356,0.5
tt0017061,tt0013627,0.7
tt0017061,tt0014734,0.0
tt0017061,tt0015742,-0.2
tt0017061,tt0016687,-0.1
tt0017061,tt0016950,0.5
tt0017061,tt0017143,0.8
tt0017062,tt0017432,0.8
tt0017062,tt0017692,0.9
tt0017071,tt0016575,-3.2
tt0017071,tt0016893,-3.2
tt0017071,tt0017886,-3.1
tt0017071,tt0017958,-2.0
tt0017071,tt0018022,-2.6
tt0017074,tt0012948,0.4
tt0017077,tt0014858,0.4
tt0017079,tt0016770,-0.5
tt0017080,tt0004052,-0.2
tt0017080,tt0013236,0.6
tt0017080,tt0014845,0.6
tt0017080,tt0016213,-1.3
tt0017080,tt0016508,0.5
tt0017080,tt0017316,-0.7
tt0017080,tt0017325,0.5
tt0017080,tt0018313,0.8
tt0017080,tt0018565,0.1
tt0017082,tt0015980,-1.0
tt0017082,tt0016051,0.4
tt0017082,tt0016114,0.6
tt0017082,tt0016603,0.3
tt0017082,tt0017028,0.2
tt0017085,tt0011128,-0.1
tt0017085,tt0012701,-0.2
tt0017085,tt0015728,-1.5
tt0017085,tt0017244,0.1
tt0017085,tt0017936,-1.2
tt0017085,tt0018673,-1.0
tt0017089,tt0005879,-0.1
tt0017089,tt0005960,-0.8
tt0017089,tt0008117,0.6
tt0017089,tt0009832,0.8
tt0017089,tt0013293,0.5
tt0017089,tt0015400,-1.7
tt0017089,tt0017540,-0.8
tt0017089,tt0018118,-0.1
tt0017089,tt0018170,-0.2
tt0017097,tt0017096,-0.4
tt0017099,tt0007110,0.6
tt0017099,tt0011604,0.5
tt0017099,tt0013700,0.9
tt0017100,tt0015700,0.9
tt0017100,tt0016345,0.8
tt0017100,tt0016827,0.8
tt0017100,tt0018512,0.9
tt0017103,tt0012190,0.7
tt0017103,tt0013710,0.2
tt0017103,tt0014440,0.7
tt0017105,tt0004112,0.8
tt0017105,tt0018197,0.4
tt0017112,tt0007270,-0.2
tt0017112,tt0008814,0.2
tt0017112,tt0009053,0.8
tt0017112,tt0013284,0.6
tt0017112,tt0014615,0.3
tt0017112,tt0016526,0.4
tt0017112,tt0017367,0.6
tt0017112,tt0018233,0.2
tt0017115,tt0017637,0.6
tt0017117,tt0010929,0.7
tt0017117,tt0012202,0.9
tt0017117,tt0017226,0.9
tt0017118,tt0013579,0.4
tt0017120,tt0012190,0.7
tt0017120,tt0013710,0.2
tt0017120,tt0014440,0.7
tt0017122,tt0004325,0.7
tt0017122,tt0005556,-1.4
tt0017122,tt0006008,0.8
tt0017122,tt0006614,0.2
tt0017122,tt0006846,0.8
tt0017122,tt0007340,-0.4
tt0017122,tt0008041,-0.2
tt0017122,tt0011979,-0.1
tt0017122,tt0012769,0.7
tt0017122,tt0012827,0.3
tt0017122,tt0013917,0.8
tt0017122,tt0018375,0.8
tt0017124,tt0012975,0.9
tt0017124,tt0015739,0.3
tt0017127,tt0016675,-0.4
tt0017127,tt0016745,-0.5
tt0017127,tt0017788,-0.8
tt0017130,tt0005805,0.0
tt0017130,tt0006241,-0.6
tt0017130,tt0015998,0.6
tt0017130,tt0018269,0.5
tt0017137,tt0006238,0.9
tt0017141,tt0003698,0.2
tt0017141,tt0003774,0.9
tt0017141,tt0004208,0.8
tt0017141,tt0004635,0.6
tt0017141,tt0005879,0.2
tt0017141,tt0005984,-0.5
tt0017141,tt0008266,0.5
tt0017141,tt0009704,-0.3
tt0017141,tt0009892,0.9
tt0017141,tt0010515,0.7
tt0017141,tt0010566,-1.0
tt0017141,tt0013902,-0.7
tt0017141,tt0017259,0.1
tt0017142,tt0008882,-0.1
tt0017142,tt0010696,0.9
tt0017142,tt0014045,0.7
tt0017142,tt0015071,0.8
tt0017143,tt0009233,0.7
tt0017143,tt0010356,0.7
tt0017143,tt0013627,0.9
tt0017143,tt0014734,0.2
tt0017143,tt0015742,0.0
tt0017143,tt0016687,0.1
tt0017143,tt0016950,0.7
tt0017151,tt0015375,0.9
tt0017158,tt0013084,0.9
tt0017158,tt0016205,0.8
tt0017158,tt0017307,0.8
tt0017158,tt0018033,0.6
tt0017159,tt0017809,0.9
tt0017159,tt0018841,0.8
tt0017161,tt0004052,-2.5
tt0017161,tt0008491,-0.8
tt0017161,tt0009325,-1.0
tt0017161,tt0011812,-0.7
tt0017161,tt0013236,-1.7
tt0017161,tt0013491,-0.4
tt0017161,tt0014845,-1.7
tt0017161,tt0015813,-1.1
tt0017161,tt0016213,-3.6
tt0017161,tt0016508,-1.8
tt0017161,tt0016573,-0.9
tt0017161,tt0016749,-1.3
tt0017161,tt0017080,-1.3
tt0017161,tt0017316,-3.0
tt0017161,tt0017325,-1.8
tt0017161,tt0017327,-0.5
tt0017161,tt0017504,-0.5
tt0017161,tt0018313,-1.5
tt0017161,tt0018464,-0.8
tt0017161,tt0018565,-2.2
tt0017161,tt0018767,0.7
tt0017161,tt0018831,-0.5
tt0017162,tt0013427,0.2
tt0017196,tt0014898,0.9
tt0017198,tt0014839,0.4
tt0017198,tt0018127,-0.5
tt0017198,tt0018816,0.6
tt0017199,tt0015451,0.1
tt0017199,tt0015495,0.8
tt0017201,tt0014996,0.4
tt0017202,tt0016334,0.7
tt0017202,tt0018515,0.1
tt0017210,tt0016939,0.8
tt0017210,tt0018633,-0.5
tt0017212,tt0005621,0.3
tt0017212,tt0006299,-1.2
tt0017212,tt0007047,0.8
tt0017212,tt0008010,0.9
tt0017212,tt0011079,0.3
tt0017212,tt0011588,0.7
tt0017212,tt0012087,0.0
tt0017212,tt0012492,0.5
tt0017212,tt0014051,-0.1
tt0017215,tt0005754,0.6
tt0017215,tt0006357,0.6
tt0017215,tt0006505,-0.5
tt0017215,tt0006508,-0.2
tt0017215,tt0006826,0.7
tt0017215,tt0008071,0.8
tt0017215,tt0009047,-0.1
tt0017215,tt0012345,-0.2
tt0017215,tt0016368,0.4
tt0017215,tt0018038,0.8
tt0017218,tt0004272,-0.1
tt0017218,tt0005005,0.3
tt0017218,tt0008476,-0.4
tt0017218,tt0008919,0.4
tt0017218,tt0011667,0.8
tt0017218,tt0015738,-0.4
tt0017218,tt0016237,-0.3
tt0017218,tt0016438,0.1
tt0017222,tt0016643,0.4
tt0017222,tt0018903,0.2
tt0017226,tt0010929,0.8
tt0017227,tt0002785,-0.4
tt0017227,tt0004473,0.2
tt0017227,tt0004825,-1.2
tt0017227,tt0004872,-1.3
tt0017227,tt0005041,-1.4
tt0017227,tt0005163,-0.8
tt0017227,tt0006182,-0.4
tt0017227,tt0006755,-1.4
tt0017227,tt0007678,-1.4
tt0017227,tt0008011,-0.9
tt0017227,tt0008443,-1.5
tt0017227,tt0008458,-1.0
tt0017227,tt0008764,-0.2
tt0017227,tt0008891,-1.7
tt0017227,tt0009020,-2.1
tt0017227,tt0009523,-1.1
tt0017227,tt0009567,-1.4
tt0017227,tt0009827,-0.1
tt0017227,tt0009969,-1.2
tt0017227,tt0010352,-0.1
tt0017227,tt0010844,-1.2
tt0017227,tt0010882,-1.1
tt0017227,tt0011076,-0.4
tt0017227,tt0011387,-1.4
tt0017227,tt0011785,-1.9
tt0017227,tt0013332,-1.4
tt0017227,tt0014158,-2.3
tt0017227,tt0014165,0.5
tt0017227,tt0014602,-1.8
tt0017227,tt0015492,-1.4
tt0017227,tt0016150,-1.2
tt0017227,tt0016389,-0.1
tt0017227,tt0016598,-0.5
tt0017229,tt0008549,0.1
tt0017229,tt0014187,-0.4
tt0017229,tt0015918,-1.4
tt0017229,tt0016399,0.9
tt0017229,tt0016478,-0.4
tt0017229,tt0018457,0.3
tt0017229,tt0018639,0.8
tt0017233,tt0013229,0.5
tt0017233,tt0013877,0.9
tt0017233,tt0016844,0.5
tt0017233,tt0018301,0.0
tt0017234,tt0016766,-0.3
tt0017234,tt0017304,0.0
tt0017234,tt0017956,0.4
tt0017234,tt0018348,0.3
tt0017235,tt0013925,0.3
tt0017235,tt0014839,-0.3
tt0017235,tt0017198,0.3
tt0017235,tt0018127,-1.2
tt0017235,tt0018489,0.9
tt0017235,tt0018816,-0.1
tt0017242,tt0008406,0.9
tt0017242,tt0010049,0.5
tt0017242,tt0015349,0.6
tt0017243,tt0007623,-1.1
tt0017243,tt0010847,-0.4
tt0017243,tt0012067,-1.3
tt0017243,tt0012672,-0.2
tt0017243,tt0013139,0.3
tt0017243,tt0013402,-1.0
tt0017243,tt0015110,-0.7
tt0017243,tt0015727,-0.9
tt0017243,tt0015775,-1.2
tt0017243,tt0017580,-0.1
tt0017244,tt0011128,0.8
tt0017244,tt0012701,0.7
tt0017244,tt0015728,-0.6
tt0017244,tt0017936,-0.3
tt0017244,tt0018673,-0.1
tt0017246,tt0003897,0.8
tt0017246,tt0005974,0.1
tt0017246,tt0006867,0.8
tt0017246,tt0007932,0.7
tt0017246,tt0009204,0.2
tt0017246,tt0009936,0.9
tt0017246,tt0010357,0.7
tt0017246,tt0012298,0.4
tt0017246,tt0014365,-1.6
tt0017246,tt0014927,-0.7
tt0017246,tt0016480,0.1
tt0017246,tt0016534,0.4
tt0017246,tt0016989,0.8
tt0017246,tt0017060,0.9
tt0017246,tt0017687,0.3
tt0017246,tt0018771,-0.8
tt0017246,tt0018797,0.5
tt0017251,tt0016309,-2.2
tt0017251,tt0018107,-3.2
tt0017251,tt0018595,-2.3
tt0017252,tt0008091,0.1
tt0017252,tt0013254,0.0
tt0017252,tt0013965,-0.2
tt0017252,tt0015022,0.9
tt0017252,tt0016597,0.3
tt0017252,tt0017506,-0.5
tt0017252,tt0017929,-0.5
tt0017252,tt0018184,-0.1
tt0017252,tt0018710,0.5
tt0017253,tt0015167,-2.9
tt0017253,tt0016049,-2.6
tt0017253,tt0017271,-4.1
tt0017253,tt0018533,-3.3
tt0017254,tt0006283,-0.5
tt0017254,tt0006932,-0.2
tt0017254,tt0008706,0.0
tt0017254,tt0010703,-0.1
tt0017254,tt0010729,-0.8
tt0017254,tt0011860,0.7
tt0017254,tt0012763,-0.9
tt0017254,tt0013590,-0.3
tt0017254,tt0014068,-0.8
tt0017254,tt0014605,-0.7
tt0017254,tt0015289,0.2
tt0017254,tt0016395,-1.1
tt0017254,tt0017567,-0.7
tt0017259,tt0005984,0.4
tt0017259,tt0009704,0.6
tt0017259,tt0010566,-0.1
tt0017259,tt0013902,0.2
tt0017265,tt0012948,0.4
tt0017266,tt0012890,0.4
tt0017266,tt0013962,0.7
tt0017266,tt0015533,0.4
tt0017266,tt0016834,-0.6
tt0017272,tt0015937,0.0
tt0017292,tt0015214,0.5
tt0017292,tt0018523,0.8
tt0017292,tt0018826,0.8
tt0017293,tt0005903,0.8
tt0017293,tt0006241,0.3
tt0017300,tt0012642,0.8
tt0017300,tt0013075,0.5
tt0017300,tt0013201,0.6
tt0017300,tt0014429,-0.5
tt0017300,tt0014611,0.3
tt0017300,tt0014945,0.0
tt0017300,tt0015002,0.5
tt0017300,tt0015841,0.1
tt0017304,tt0016766,0.7
tt0017305,tt0017626,0.7
tt0017307,tt0018033,0.8
tt0017309,tt0002199,0.1
tt0017309,tt0005682,0.8
tt0017309,tt0006027,-1.0
tt0017309,tt0007202,-0.1
tt0017309,tt0013682,-0.3
tt0017309,tt0014100,-0.5
tt0017309,tt0014205,-0.4
tt0017309,tt0015004,-1.2
tt0017309,tt0015145,0.0
tt0017309,tt0016601,0.0
tt0017309,tt0017757,-0.7
tt0017311,tt0015508,0.9
tt0017316,tt0016213,0.4
tt0017321,tt0010762,-1.7
tt0017321,tt0010849,-1.2
tt0017321,tt0011414,-0.5
tt0017321,tt0011567,-3.1
tt0017321,tt0015419,-0.1
tt0017325,tt0004052,0.3
tt0017325,tt0016213,-0.8
tt0017325,tt0017316,-0.2
tt0017325,tt0018565,0.6
tt0017326,tt0015643,0.0
tt0017327,tt0004052,-1.0
tt0017327,tt0008491,0.7
tt0017327,tt0009325,0.5
tt0017327,tt0011812,0.8
tt0017327,tt0013236,-0.2
tt0017327,tt0014845,-0.2
tt0017327,tt0015813,0.4
tt0017327,tt0016213,-2.1
tt0017327,tt0016508,-0.3
tt0017327,tt0016573,0.6
tt0017327,tt0016749,0.2
tt0017327,tt0017080,0.2
tt0017327,tt0017316,-1.5
tt0017327,tt0017325,-0.3
tt0017327,tt0018313,0.0
tt0017327,tt0018464,0.7
tt0017327,tt0018565,-0.7
tt0017328,tt0018633,0.3
tt0017329,tt0009001,0.8
tt0017329,tt0009284,0.3
tt0017329,tt0009544,-0.6
tt0017329,tt0010890,0.9
tt0017329,tt0012538,0.8
tt0017329,tt0014003,0.7
tt0017329,tt0016142,0.7
tt0017329,tt0016473,0.2
tt0017329,tt0016655,0.6
tt0017329,tt0018097,0.6
tt0017329,tt0018397,0.4
tt0017329,tt0018528,-0.4
tt0017329,tt0018697,0.5
tt0017330,tt0014742,0.8
tt0017330,tt0015852,0.2
tt0017330,tt0016734,-0.4
tt0017330,tt0016858,0.9
tt0017330,tt0017493,0.5
tt0017330,tt0017671,0.9
tt0017330,tt0017804,0.5
tt0017338,tt0003632,0.9
tt0017338,tt0007983,0.9
tt0017338,tt0010323,-1.0
tt0017338,tt0014146,0.8
tt0017338,tt0014397,0.3
tt0017338,tt0015202,0.0
tt0017339,tt0012636,-1.9
tt0017339,tt0014042,-1.6
tt0017339,tt0014543,-0.1
tt0017339,tt0016038,-1.1
tt0017339,tt0016881,-1.0
tt0017339,tt0017534,-1.5
tt0017339,tt0017714,-0.6
tt0017339,tt0018413,-0.5
tt0017339,tt0018440,-1.3
tt0017339,tt0018742,-2.9
tt0017340,tt0004434,-0.3
tt0017340,tt0006437,-2.5
tt0017340,tt0007998,-1.8
tt0017340,tt0008550,-1.1
tt0017340,tt0011070,-2.1
tt0017340,tt0011462,-1.4
tt0017340,tt0011912,-1.2
tt0017340,tt0012465,-1.8
tt0017340,tt0013433,0.0
tt0017340,tt0014706,-1.6
tt0017340,tt0016894,-2.4
tt0017349,tt0012284,-1.5
tt0017349,tt0015171,-0.7
tt0017349,tt0016550,-1.4
tt0017349,tt0017063,-2.1
tt0017349,tt0017410,-1.5
tt0017349,tt0017919,-0.6
tt0017349,tt0018351,-1.9
tt0017349,tt0018470,0.1
tt0017349,tt0018882,-1.9
tt0017350,tt0006108,0.7
tt0017350,tt0012364,0.6
tt0017350,tt0014972,0.9
tt0017353,tt0010795,-0.6
tt0017353,tt0011667,0.3
tt0017353,tt0011980,-0.8
tt0017353,tt0013425,-0.1
tt0017353,tt0016328,-0.5
tt0017353,tt0017486,0.5
tt0017356,tt0004816,-0.3
tt0017356,tt0005352,0.0
tt0017356,tt0005392,-1.3
tt0017356,tt0006426,0.9
tt0017356,tt0006736,-0.7
tt0017356,tt0006751,0.2
tt0017356,tt0006753,-0.7
tt0017356,tt0006861,-0.3
tt0017356,tt0008309,-0.6
tt0017356,tt0008406,-1.5
tt0017356,tt0008915,-0.5
tt0017356,tt0009142,-0.3
tt0017356,tt0009143,-1.3
tt0017356,tt0009400,-0.8
tt0017356,tt0010049,-1.9
tt0017356,tt0010162,-0.3
tt0017356,tt0010715,-0.4
tt0017356,tt0012565,-0.7
tt0017356,tt0013556,-1.1
tt0017356,tt0014636,-0.7
tt0017356,tt0014981,-0.8
tt0017356,tt0015116,-0.8
tt0017356,tt0015349,-1.8
tt0017356,tt0015465,-1.4
tt0017356,tt0016394,-0.9
tt0017356,tt0017242,-1.4
tt0017356,tt0017472,0.6
tt0017356,tt0017841,-1.2
tt0017356,tt0018046,0.8
tt0017356,tt0018700,-0.5
tt0017358,tt0003324,-2.4
tt0017358,tt0003587,-1.3
tt0017358,tt0005400,-1.8
tt0017358,tt0005579,-1.9
tt0017358,tt0006052,-1.6
tt0017358,tt0013538,-2.2
tt0017358,tt0014138,-1.2
tt0017358,tt0014858,-3.3
tt0017358,tt0016679,-1.2
tt0017358,tt0017077,-2.7
tt0017366,tt0018312,0.7
tt0017367,tt0014615,0.7
tt0017367,tt0016526,0.8
tt0017367,tt0018233,0.6
tt0017372,tt0010180,0.7
tt0017372,tt0013274,0.8
tt0017372,tt0015039,0.6
tt0017372,tt0017376,0.4
tt0017374,tt0008634,0.8
tt0017374,tt0011358,0.7
tt0017374,tt0017463,-0.3
tt0017374,tt0018909,0.0
tt0017379,tt0014510,0.9
tt0017379,tt0015299,0.3
tt0017379,tt0018266,0.2
tt0017382,tt0016935,0.8
tt0017382,tt0017698,0.3
tt0017384,tt0011007,0.6
tt0017384,tt0011575,0.7
tt0017384,tt0011966,-0.8
tt0017384,tt0015638,0.5
tt0017384,tt0015816,0.4
tt0017384,tt0017009,0.6
tt0017385,tt0009252,0.7
tt0017385,tt0013386,0.8
tt0017385,tt0016220,-0.1
tt0017385,tt0017776,0.7
tt0017385,tt0018601,0.9
tt0017386,tt0013773,-2.5
tt0017386,tt0013864,-3.5
tt0017386,tt0014985,-2.8
tt0017386,tt0016912,-3.3
tt0017388,tt0011849,-1.0
tt0017388,tt0011881,0.4
tt0017399,tt0016770,-0.8
tt0017399,tt0017079,0.7
tt0017400,tt0006375,0.2
tt0017400,tt0014443,0.0
tt0017400,tt0014615,-0.9
tt0017400,tt0014692,0.4
tt0017400,tt0014893,0.1
tt0017400,tt0016526,-0.8
tt0017400,tt0017112,-0.2
tt0017400,tt0017367,-0.6
tt0017400,tt0017558,0.2
tt0017400,tt0018233,-1.0
tt0017401,tt0012926,0.8
tt0017401,tt0015494,0.7
tt0017408,tt0017970,0.4
tt0017409,tt0009893,0.9
tt0017409,tt0010600,0.7
tt0017409,tt0016004,0.9
tt0017409,tt0018451,0.6
tt0017410,tt0017063,0.4
tt0017410,tt0018351,0.6
tt0017410,tt0018882,0.6
tt0017411,tt0015577,0.9
tt0017411,tt0016548,0.9
tt0017411,tt0016935,0.7
tt0017411,tt0017382,0.9
tt0017411,tt0017698,0.2
tt0017416,tt0005764,0.3
tt0017416,tt0010905,0.0
tt0017416,tt0013867,0.7
tt0017416,tt0014023,0.8
tt0017416,tt0014816,0.8
tt0017416,tt0015735,0.2
tt0017416,tt0018203,0.6
tt0017416,tt0018674,0.7
tt0017418,tt0005903,0.6
tt0017418,tt0006241,0.1
tt0017418,tt0017293,0.8
tt0017418,tt0017748,0.8
tt0017419,tt0003643,0.9
tt0017419,tt0006864,-0.3
tt0017419,tt0009130,0.5
tt0017419,tt0009133,0.1
tt0017419,tt0009150,0.8
tt0017419,tt0009968,0.1
tt0017419,tt0010108,0.6
tt0017419,tt0010484,0.3
tt0017419,tt0010806,0.4
tt0017419,tt0011841,0.0
tt0017419,tt0012532,0.0
tt0017419,tt0015018,0.5
tt0017419,tt0016308,0.7
tt0017419,tt0018678,0.8
tt0017421,tt0015840,0.6
tt0017421,tt0016660,0.4
tt0017421,tt0016787,-0.1
tt0017431,tt0017554,0.7
tt0017433,tt0014946,-0.2
tt0017441,tt0007248,-0.3
tt0017441,tt0009118,-0.8
tt0017441,tt0010315,-0.2
tt0017441,tt0010719,-0.1
tt0017441,tt0011929,-0.2
tt0017441,tt0011990,-0.2
tt0017441,tt0012591,0.5
tt0017441,tt0013658,-0.3
tt0017441,tt0015163,-0.7
tt0017441,tt0015758,0.0
tt0017441,tt0017586,-0.3
tt0017441,tt0017829,-0.7
tt0017441,tt0017877,0.6
tt0017441,tt0018532,0.1
tt0017442,tt0012529,0.8
tt0017442,tt0016703,-1.1
tt0017442,tt0018259,0.0
tt0017442,tt0018361,0.8
tt0017442,tt0018382,-0.1
tt0017443,tt0011530,0.2
tt0017443,tt0011827,0.4
tt0017448,tt0011348,0.9
tt0017448,tt0013442,0.3
tt0017448,tt0015064,0.1
tt0017448,tt0016847,0.0
tt0017448,tt0018455,0.0
tt0017449,tt0011439,0.9
tt0017449,tt0015268,0.7
tt0017449,tt0016641,0.1
tt0017449,tt0017850,0.4
tt0017451,tt0013981,-1.0
tt0017462,tt0003735,0.7
tt0017462,tt0004712,-0.2
tt0017462,tt0006666,0.4
tt0017462,tt0007910,-0.5
tt0017462,tt0008725,0.2
tt0017462,tt0008826,0.3
tt0017462,tt0009419,0.9
tt0017462,tt0009853,0.6
tt0017462,tt0010358,0.2
tt0017462,tt0012192,0.8
tt0017462,tt0012365,0.8
tt0017462,tt0013619,0.1
tt0017462,tt0014191,0.6
tt0017462,tt0015339,0.2
tt0017462,tt0016384,0.2
tt0017462,tt0016850,0.2
tt0017462,tt0017946,0.6
tt0017462,tt0018159,0.4
tt0017465,tt0014652,0.0
tt0017465,tt0014857,0.6
tt0017465,tt0016382,0.0
tt0017465,tt0016453,0.9
tt0017465,tt0016545,0.9
tt0017470,tt0015947,0.7
tt0017472,tt0004816,0.1
tt0017472,tt0005352,0.4
tt0017472,tt0005392,-0.9
tt0017472,tt0006736,-0.3
tt0017472,tt0006751,0.6
tt0017472,tt0006753,-0.3
tt0017472,tt0006861,0.1
tt0017472,tt0008309,-0.2
tt0017472,tt0008406,-1.1
tt0017472,tt0008915,-0.1
tt0017472,tt0009142,0.1
tt0017472,tt0009143,-0.9
tt0017472,tt0009400,-0.4
tt0017472,tt0010049,-1.5
tt0017472,tt0010162,0.1
tt0017472,tt0010715,0.0
tt0017472,tt0012565,-0.3
tt0017472,tt0013556,-0.7
tt0017472,tt0014636,-0.3
tt0017472,tt0014981,-0.4
tt0017472,tt0015116,-0.4
tt0017472,tt0015349,-1.4
tt0017472,tt0015465,-1.0
tt0017472,tt0016394,-0.5
tt0017472,tt0017242,-1.0
tt0017472,tt0017841,-0.8
tt0017472,tt0018700,-0.1
tt0017473,tt0012636,-4.0
tt0017473,tt0014042,-3.7
tt0017473,tt0014543,-2.2
tt0017473,tt0016038,-3.2
tt0017473,tt0016881,-3.1
tt0017473,tt0017339,-1.1
tt0017473,tt0017534,-3.6
tt0017473,tt0017714,-2.7
tt0017473,tt0018413,-2.6
tt0017473,tt0018440,-3.4
tt0017473,tt0018742,-5.0
tt0017473,tt0018772,-0.6
tt0017476,tt0016675,-0.5
tt0017476,tt0016745,-0.6
tt0017476,tt0017127,0.9
tt0017476,tt0017788,-0.9
tt0017477,tt0014682,-0.1
tt0017477,tt0017053,0.4
tt0017486,tt0010795,-0.1
tt0017486,tt0011667,0.8
tt0017486,tt0011980,-0.3
tt0017486,tt0013425,0.4
tt0017486,tt0016328,0.0
tt0017492,tt0011855,0.5
tt0017492,tt0013313,0.6
tt0017493,tt0015852,0.7
tt0017493,tt0016734,0.1
tt0017504,tt0004052,-1.0
tt0017504,tt0008491,0.7
tt0017504,tt0009325,0.5
tt0017504,tt0011812,0.8
tt0017504,tt0013236,-0.2
tt0017504,tt0014845,-0.2
tt0017504,tt0015813,0.4
tt0017504,tt0016213,-2.1
tt0017504,tt0016508,-0.3
tt0017504,tt0016573,0.6
tt0017504,tt0016749,0.2
tt0017504,tt0017080,0.2
tt0017504,tt0017316,-1.5
tt0017504,tt0017325,-0.3
tt0017504,tt0018313,0.0
tt0017504,tt0018464,0.7
tt0017504,tt0018565,-0.7
tt0017505,tt0014382,0.3
tt0017505,tt0014452,0.2
tt0017505,tt0015980,-1.9
tt0017505,tt0016051,-0.5
tt0017505,tt0016114,-0.3
tt0017505,tt0016603,-0.6
tt0017505,tt0017028,-0.7
tt0017505,tt0017082,0.1
tt0017505,tt0018861,0.2
tt0017508,tt0016677,0.6
tt0017508,tt0017593,0.6
tt0017515,tt0013428,0.6
tt0017516,tt0002591,0.9
tt0017516,tt0004708,0.3
tt0017516,tt0009220,0.6
tt0017518,tt0016921,0.5
tt0017519,tt0007038,0.9
tt0017519,tt0007857,0.6
tt0017519,tt0009781,0.4
tt0017519,tt0010418,0.7
tt0017519,tt0014532,0.9
tt0017519,tt0015867,0.7
tt0017519,tt0018054,0.4
tt0017526,tt0009159,0.0
tt0017526,tt0009929,0.2
tt0017526,tt0010964,-0.4
tt0017526,tt0011738,0.5
tt0017526,tt0014164,0.2
tt0017526,tt0018749,0.7
tt0017526,tt0018893,-0.5
tt0017527,tt0009273,-1.1
tt0017527,tt0011093,-1.2
tt0017527,tt0013145,0.5
tt0017527,tt0013391,0.6
tt0017527,tt0013986,0.5
tt0017527,tt0014703,0.6
tt0017527,tt0014950,-1.1
tt0017527,tt0015094,0.5
tt0017527,tt0015602,0.2
tt0017527,tt0015903,0.4
tt0017527,tt0016449,0.8
tt0017527,tt0016916,0.8
tt0017527,tt0017727,0.0
tt0017527,tt0017858,-1.2
tt0017527,tt0017902,0.9
tt0017527,tt0017976,0.5
tt0017527,tt0018438,-0.9
tt0017527,tt0018579,0.6
tt0017530,tt0012249,-1.0
tt0017530,tt0015803,-1.1
tt0017530,tt0016998,-1.0
tt0017532,tt0016537,0.5
tt0017532,tt0016638,0.4
tt0017532,tt0017004,0.4
tt0017533,tt0002591,-1.4
tt0017533,tt0003330,-1.0
tt0017533,tt0004708,-2.0
tt0017533,tt0008933,-0.4
tt0017533,tt0009220,-1.7
tt0017533,tt0013344,-0.9
tt0017533,tt0017516,-1.3
tt0017534,tt0012636,0.6
tt0017534,tt0014042,0.9
tt0017534,tt0018742,-0.4
tt0017539,tt0012926,0.5
tt0017539,tt0015494,0.4
tt0017539,tt0017401,0.7
tt0017540,tt0015400,0.1
tt0017548,tt0017995,-1.8
tt0017548,tt0018751,-1.7
tt0017553,tt0007664,-3.2
tt0017553,tt0008175,-2.1
tt0017553,tt0008389,-1.7
tt0017553,tt0010088,-1.4
tt0017553,tt0010131,-1.1
tt0017553,tt0013724,-2.1
tt0017553,tt0014451,-1.1
tt0017553,tt0015901,-0.6
tt0017553,tt0016615,-1.8
tt0017553,tt0017599,-3.4
tt0017553,tt0018748,-1.5
tt0017555,tt0018796,0.6
tt0017558,tt0014443,0.8
tt0017558,tt0014615,-0.1
tt0017558,tt0014893,0.9
tt0017558,tt0016526,0.0
tt0017558,tt0017112,0.6
tt0017558,tt0017367,0.2
tt0017558,tt0018233,-0.2
tt0017566,tt0016766,-2.0
tt0017566,tt0017234,-0.7
tt0017566,tt0017304,-1.7
tt0017566,tt0017956,-1.3
tt0017566,tt0018348,-1.4
tt0017567,tt0010729,0.9
tt0017567,tt0012763,0.8
tt0017567,tt0014068,0.9
tt0017567,tt0016395,0.6
tt0017569,tt0005377,-0.3
tt0017569,tt0005561,-2.4
tt0017569,tt0006482,-0.8
tt0017569,tt0006865,-1.0
tt0017569,tt0007000,-2.7
tt0017569,tt0007590,-1.0
tt0017569,tt0008305,-1.5
tt0017569,tt0008652,-0.9
tt0017569,tt0009552,-0.3
tt0017569,tt0009726,0.2
tt0017569,tt0010419,-1.3
tt0017569,tt0010572,-0.6
tt0017569,tt0010859,-0.6
tt0017569,tt0010920,-0.9
tt0017569,tt0011695,-0.9
tt0017569,tt0013104,-1.2
tt0017569,tt0013450,-1.4
tt0017569,tt0013841,-1.3
tt0017569,tt0014583,0.6
tt0017569,tt0014619,-1.3
tt0017569,tt0014721,-0.7
tt0017569,tt0015310,-1.9
tt0017569,tt0016541,-1.9
tt0017569,tt0016815,0.5
tt0017569,tt0017751,-1.3
tt0017569,tt0018622,-1.2
tt0017580,tt0007623,0.0
tt0017580,tt0010847,0.7
tt0017580,tt0012067,-0.2
tt0017580,tt0012672,0.9
tt0017580,tt0013402,0.1
tt0017580,tt0015110,0.4
tt0017580,tt0015727,0.2
tt0017580,tt0015775,-0.1
tt0017584,tt0018578,0.3
tt0017584,tt0018684,0.3
tt0017585,tt0009143,0.1
tt0017585,tt0018378,0.0
tt0017586,tt0009118,0.5
tt0017586,tt0015163,0.6
tt0017586,tt0017829,0.6
tt0017587,tt0014184,0.7
tt0017588,tt0004313,-0.7
tt0017588,tt0008319,-0.3
tt0017588,tt0009159,-2.3
tt0017588,tt0009929,-2.1
tt0017588,tt0010060,-1.2
tt0017588,tt0010964,-2.7
tt0017588,tt0011623,-0.9
tt0017588,tt0011738,-1.8
tt0017588,tt0014164,-2.1
tt0017588,tt0014774,-1.1
tt0017588,tt0015104,-1.0
tt0017588,tt0017526,-1.3
tt0017588,tt0018749,-1.6
tt0017588,tt0018893,-2.8
tt0017594,tt0016232,0.1
tt0017594,tt0018187,0.4
tt0017621,tt0017438,0.3
tt0017623,tt0010501,0.8
tt0017623,tt0014447,0.5
tt0017623,tt0014516,0.2
tt0017623,tt0015044,0.6
tt0017623,tt0015778,0.0
tt0017623,tt0016692,0.8
tt0017631,tt0014341,-2.5
tt0017631,tt0015051,-0.9
tt0017631,tt0015617,-1.5
tt0017631,tt0015750,-0.6
tt0017631,tt0016052,0.0
tt0017631,tt0016948,-3.0
tt0017632,tt0010244,0.2
tt0017632,tt0010766,0.2
tt0017632,tt0011130,0.8
tt0017632,tt0013662,0.7
tt0017632,tt0014869,0.8
tt0017632,tt0016346,0.5
tt0017632,tt0017735,0.8
tt0017632,tt0018332,0.8
tt0017633,tt0016564,0.7
tt0017652,tt0018051,0.5
tt0017655,tt0009915,-2.1
tt0017655,tt0010112,-0.8
tt0017655,tt0010195,-1.6
tt0017655,tt0010987,-1.3
tt0017655,tt0011127,-1.3
tt0017655,tt0013455,-1.8
tt0017655,tt0013795,-1.5
tt0017655,tt0013824,-1.4
tt0017655,tt0015180,-1.1
tt0017655,tt0015467,-3.1
tt0017655,tt0015547,-1.1
tt0017655,tt0015572,-2.1
tt0017655,tt0016301,-2.3
tt0017655,tt0016823,-1.1
tt0017655,tt0018752,-0.1
tt0017656,tt0017701,-4.2
tt0017667,tt0007645,0.8
tt0017667,tt0012324,0.0
tt0017671,tt0014742,0.9
tt0017671,tt0015852,0.3
tt0017671,tt0016734,-0.3
tt0017671,tt0017493,0.6
tt0017671,tt0017804,0.6
tt0017676,tt0012623,-0.1
tt0017676,tt0015256,0.7
tt0017682,tt0017062,0.5
tt0017682,tt0017432,0.3
tt0017682,tt0017692,0.4
tt0017682,tt0018647,0.7
tt0017683,tt0015092,0.0
tt0017683,tt0018791,-0.1
tt0017685,tt0018584,0.2
tt0017687,tt0005974,0.8
tt0017687,tt0009204,0.9
tt0017687,tt0014365,-0.9
tt0017687,tt0014927,0.0
tt0017687,tt0016480,0.8
tt0017687,tt0018771,-0.1
tt0017692,tt0017432,0.9
tt0017707,tt0018092,0.1
tt0017714,tt0012636,-0.3
tt0017714,tt0014042,0.0
tt0017714,tt0016038,0.5
tt0017714,tt0016881,0.6
tt0017714,tt0017534,0.1
tt0017714,tt0018440,0.3
tt0017714,tt0018742,-1.3
tt0017715,tt0017047,-1.3
tt0017724,tt0004052,-4.1
tt0017724,tt0007326,-4.3
tt0017724,tt0008029,-3.5
tt0017724,tt0009267,-1.9
tt0017724,tt0010483,-4.6
tt0017724,tt0012136,-3.5
tt0017724,tt0012728,-4.4
tt0017724,tt0012879,-5.4
tt0017724,tt0012928,-3.7
tt0017724,tt0013750,-3.9
tt0017724,tt0015518,-3.6
tt0017724,tt0015740,-3.1
tt0017727,tt0009273,-0.1
tt0017727,tt0011093,-0.2
tt0017727,tt0014950,-0.1
tt0017727,tt0017858,-0.2
tt0017727,tt0018438,0.1
tt0017730,tt0014988,0.1
tt0017730,tt0015133,0.5
tt0017730,tt0016560,0.7
tt0017730,tt0016628,-1.0
tt0017730,tt0018471,-0.8
tt0017730,tt0018795,-0.5
tt0017731,tt0009354,-0.3
tt0017731,tt0009789,0.2
tt0017731,tt0010045,0.9
tt0017731,tt0010215,-0.3
tt0017731,tt0011170,0.4
tt0017731,tt0011257,0.3
tt0017731,tt0011439,-0.7
tt0017731,tt0011679,0.6
tt0017731,tt0011877,0.2
tt0017731,tt0012752,-0.6
tt0017731,tt0012952,0.0
tt0017731,tt0015268,-0.9
tt0017731,tt0015413,0.0
tt0017731,tt0016641,-1.5
tt0017731,tt0017449,-0.6
tt0017731,tt0017850,-1.2
tt0017735,tt0010244,0.4
tt0017735,tt0010766,0.4
tt0017735,tt0013662,0.9
tt0017735,tt0016346,0.7
tt0017739,tt0008527,0.5
tt0017742,tt0007903,-1.1
tt0017742,tt0008362,-2.0
tt0017742,tt0009550,-1.8
tt0017742,tt0010314,-0.1
tt0017742,tt0010733,-0.5
tt0017742,tt0010853,-1.3
tt0017742,tt0011078,-0.7
tt0017742,tt0011651,-1.6
tt0017742,tt0011756,-1.1
tt0017742,tt0011779,-1.0
tt0017742,tt0012514,0.2
tt0017742,tt0012754,-1.3
tt0017742,tt0012839,-1.0
tt0017742,tt0012843,-0.6
tt0017742,tt0012891,0.5
tt0017742,tt0013606,-1.9
tt0017742,tt0014463,-1.1
tt0017742,tt0014503,-1.5
tt0017742,tt0014696,-1.0
tt0017742,tt0018548,-1.2
tt0017742,tt0018718,0.1
tt0017743,tt0018908,-0.1
tt0017747,tt0012926,-1.5
tt0017747,tt0014202,-0.4
tt0017747,tt0014817,-0.7
tt0017747,tt0014874,-0.7
tt0017747,tt0014978,-0.7
tt0017747,tt0014990,-0.7
tt0017747,tt0015494,-1.6
tt0017747,tt0016063,-0.7
tt0017747,tt0017401,-1.3
tt0017747,tt0017539,-1.0
tt0017748,tt0005903,0.8
tt0017748,tt0006241,0.3
tt0017750,tt0013679,0.7
tt0017750,tt0014767,0.7
tt0017750,tt0017619,-0.2
tt0017751,tt0005561,-0.1
tt0017751,tt0007000,-0.4
tt0017751,tt0008305,0.8
tt0017751,tt0013450,0.9
tt0017751,tt0015310,0.4
tt0017751,tt0016541,0.4
tt0017752,tt0007422,0.9
tt0017752,tt0008527,-0.9
tt0017752,tt0012281,-0.2
tt0017752,tt0014586,0.1
tt0017752,tt0017739,-0.4
tt0017755,tt0010835,0.5
tt0017755,tt0010929,-0.2
tt0017755,tt0012077,0.1
tt0017755,tt0012114,0.7
tt0017755,tt0012202,0.0
tt0017755,tt0012382,0.8
tt0017755,tt0013459,0.9
tt0017755,tt0013951,0.3
tt0017755,tt0014137,0.1
tt0017755,tt0014892,0.7
tt0017755,tt0017117,0.1
tt0017755,tt0017226,0.0
tt0017757,tt0006027,0.7
tt0017757,tt0015004,0.5
tt0017760,tt0012877,0.6
tt0017760,tt0013802,-0.7
tt0017760,tt0014644,-0.4
tt0017760,tt0015644,-0.8
tt0017760,tt0015902,-0.5
tt0017760,tt0016833,-0.3
tt0017760,tt0018450,-2.3
tt0017764,tt0015840,0.2
tt0017764,tt0016660,0.0
tt0017764,tt0016787,-0.5
tt0017764,tt0017421,0.6
tt0017765,tt0004939,0.3
tt0017765,tt0016751,0.6
tt0017766,tt0016276,-0.6
tt0017766,tt0017165,-1.5
tt0017766,tt0018822,0.6
tt0017767,tt0017009,0.4
tt0017767,tt0018804,-0.6
tt0017771,tt0012890,-0.5
tt0017771,tt0012999,0.5
tt0017771,tt0013962,-0.2
tt0017771,tt0014415,0.7
tt0017771,tt0015533,-0.5
tt0017771,tt0016834,-1.5
tt0017771,tt0017266,0.1
tt0017772,tt0004112,0.5
tt0017772,tt0017105,0.7
tt0017772,tt0018197,0.1
tt0017773,tt0015217,-0.6
tt0017773,tt0015493,-0.2
tt0017773,tt0015508,-1.2
tt0017773,tt0016246,-1.1
tt0017773,tt0017311,-1.1
tt0017773,tt0018507,-0.3
tt0017776,tt0016220,0.2
tt0017778,tt0017328,0.3
tt0017778,tt0018633,-0.4
tt0017789,tt0012206,-0.2
tt0017793,tt0010795,-0.8
tt0017793,tt0011667,0.1
tt0017793,tt0011980,-1.0
tt0017793,tt0013425,-0.3
tt0017793,tt0016328,-0.7
tt0017793,tt0017353,0.8
tt0017793,tt0017486,0.3
tt0017796,tt0005621,0.3
tt0017796,tt0006299,-1.2
tt0017796,tt0007047,0.8
tt0017796,tt0008010,0.9
tt0017796,tt0011079,0.3
tt0017796,tt0011588,0.7
tt0017796,tt0012087,0.0
tt0017796,tt0012492,0.5
tt0017796,tt0014051,-0.1
tt0017802,tt0017062,0.0
tt0017802,tt0017432,-0.2
tt0017802,tt0017682,0.5
tt0017802,tt0017692,-0.1
tt0017802,tt0017962,0.7
tt0017802,tt0018647,0.2
tt0017804,tt0015852,0.7
tt0017804,tt0016734,0.1
tt0017805,tt0002555,0.4
tt0017805,tt0003309,0.7
tt0017805,tt0003630,0.4
tt0017805,tt0003735,-0.3
tt0017805,tt0004712,-1.2
tt0017805,tt0004847,0.9
tt0017805,tt0004869,0.8
tt0017805,tt0006666,-0.6
tt0017805,tt0006893,0.6
tt0017805,tt0007005,0.4
tt0017805,tt0007012,0.7
tt0017805,tt0007910,-1.5
tt0017805,tt0008039,0.9
tt0017805,tt0008558,0.8
tt0017805,tt0008658,0.9
tt0017805,tt0008725,-0.8
tt0017805,tt0008806,0.9
tt0017805,tt0008810,0.7
tt0017805,tt0008826,-0.7
tt0017805,tt0009419,-0.1
tt0017805,tt0009622,0.6
tt0017805,tt0009754,0.7
tt0017805,tt0009771,0.3
tt0017805,tt0009853,-0.4
tt0017805,tt0010337,0.9
tt0017805,tt0010358,-0.8
tt0017805,tt0011011,0.1
tt0017805,tt0011137,0.3
tt0017805,tt0012192,-0.2
tt0017805,tt0012365,-0.2
tt0017805,tt0013619,-0.9
tt0017805,tt0014171,0.3
tt0017805,tt0014191,-0.4
tt0017805,tt0015339,-0.8
tt0017805,tt0016384,-0.8
tt0017805,tt0016850,-0.8
tt0017805,tt0016930,0.2
tt0017805,tt0017462,0.0
tt0017805,tt0017946,-0.4
tt0017805,tt0018159,-0.6
tt0017806,tt0009354,-0.7
tt0017806,tt0009789,-0.2
tt0017806,tt0010045,0.5
tt0017806,tt0010215,-0.7
tt0017806,tt0011170,0.0
tt0017806,tt0011257,-0.1
tt0017806,tt0011288,0.9
tt0017806,tt0011439,-1.1
tt0017806,tt0011679,0.2
tt0017806,tt0011877,-0.2
tt0017806,tt0012752,-1.0
tt0017806,tt0012952,-0.4
tt0017806,tt0015268,-1.3
tt0017806,tt0015413,-0.4
tt0017806,tt0016641,-1.9
tt0017806,tt0017449,-1.0
tt0017806,tt0017731,0.6
tt0017806,tt0017850,-1.6
tt0017809,tt0018841,0.9
tt0017811,tt0005209,-1.6
tt0017811,tt0007410,-0.7
tt0017811,tt0010404,-2.9
tt0017811,tt0010505,-2.9
tt0017822,tt0008998,-0.2
tt0017822,tt0014569,0.1
tt0017823,tt0017067,-0.2
tt0017825,tt0017075,-0.3
tt0017825,tt0018328,0.9
tt0017829,tt0009118,0.9
tt0017831,tt0005716,0.3
tt0017831,tt0007142,0.1
tt0017831,tt0013451,0.5
tt0017831,tt0016640,0.9
tt0017832,tt0017354,0.2
tt0017835,tt0006623,-0.1
tt0017835,tt0007110,-1.6
tt0017835,tt0007933,-0.7
tt0017835,tt0008843,-0.7
tt0017835,tt0011604,-1.7
tt0017835,tt0013572,-0.7
tt0017835,tt0013700,-1.3
tt0017835,tt0016467,-0.6
tt0017835,tt0017099,-1.2
tt0017835,tt0017979,-0.6
tt0017841,tt0005392,0.9
tt0017841,tt0008406,0.7
tt0017841,tt0009143,0.9
tt0017841,tt0010049,0.3
tt0017841,tt0015349,0.4
tt0017841,tt0015465,0.8
tt0017841,tt0017242,0.8
tt0017843,tt0016230,0.7
tt0017843,tt0017075,-0.9
tt0017843,tt0017825,0.4
tt0017843,tt0018328,0.3
tt0017843,tt0018876,0.6
tt0017850,tt0016641,0.7
tt0017860,tt0011691,0.9
tt0017860,tt0012117,0.3
tt0017860,tt0012238,0.6
tt0017860,tt0012563,0.7
tt0017860,tt0012938,0.1
tt0017860,tt0013229,-0.5
tt0017860,tt0013264,0.8
tt0017860,tt0013877,-0.1
tt0017860,tt0014379,0.3
tt0017860,tt0014884,0.8
tt0017860,tt0015140,0.2
tt0017860,tt0016844,-0.5
tt0017860,tt0017233,0.0
tt0017860,tt0018301,-1.0
tt0017860,tt0018338,0.0
tt0017863,tt0006333,-3.0
tt0017863,tt0008028,-3.7
tt0017863,tt0008742,-4.6
tt0017863,tt0012293,-3.1
tt0017863,tt0012619,-3.0
tt0017863,tt0013376,-3.6
tt0017863,tt0013903,-1.9
tt0017865,tt0017928,-1.6
tt0017866,tt0018466,0.3
tt0017866,tt0018611,0.0
tt0017866,tt0018729,-1.0
tt0017877,tt0007248,0.1
tt0017877,tt0009118,-0.4
tt0017877,tt0010315,0.2
tt0017877,tt0010719,0.3
tt0017877,tt0011929,0.2
tt0017877,tt0011990,0.2
tt0017877,tt0012591,0.9
tt0017877,tt0013658,0.1
tt0017877,tt0015163,-0.3
tt0017877,tt0015758,0.4
tt0017877,tt0017586,0.1
tt0017877,tt0017829,-0.3
tt0017877,tt0018532,0.5
tt0017883,tt0017973,0.8
tt0017885,tt0016537,-1.2
tt0017885,tt0016638,-1.3
tt0017885,tt0017004,-1.3
tt0017885,tt0017532,-0.7
tt0017885,tt0018667,-0.2
tt0017886,tt0016575,0.9
tt0017886,tt0016893,0.9
tt0017887,tt0014742,0.8
tt0017887,tt0015852,0.2
tt0017887,tt0016734,-0.4
tt0017887,tt0016858,0.9
tt0017887,tt0017493,0.5
tt0017887,tt0017671,0.9
tt0017887,tt0017804,0.5
tt0017888,tt0018460,0.7
tt0017891,tt0007514,0.3
tt0017891,tt0009176,0.4
tt0017891,tt0009425,0.0
tt0017891,tt0010020,-0.1
tt0017891,tt0011001,0.4
tt0017891,tt0012317,-1.2
tt0017891,tt0014468,0.3
tt0017891,tt0014588,-0.1
tt0017891,tt0015831,0.0
tt0017891,tt0017998,-0.8
tt0017894,tt0016972,0.2
tt0017894,tt0017205,0.2
tt0017895,tt0016675,-4.4
tt0017895,tt0016745,-4.5
tt0017895,tt0017127,-3.0
tt0017895,tt0017476,-2.9
tt0017895,tt0017788,-4.8
tt0017898,tt0017437,-0.8
tt0017898,tt0018102,-0.4
tt0017902,tt0009273,-1.0
tt0017902,tt0011093,-1.1
tt0017902,tt0013145,0.6
tt0017902,tt0013391,0.7
tt0017902,tt0013986,0.6
tt0017902,tt0014703,0.7
tt0017902,tt0014950,-1.0
tt0017902,tt0015094,0.6
tt0017902,tt0015602,0.3
tt0017902,tt0015903,0.5
tt0017902,tt0016449,0.9
tt0017902,tt0016916,0.9
tt0017902,tt0017727,0.1
tt0017902,tt0017858,-1.1
tt0017902,tt0017976,0.6
tt0017902,tt0018438,-0.8
tt0017902,tt0018579,0.7
tt0017910,tt0013555,-4.6
tt0017911,tt0014301,0.9
tt0017911,tt0014640,0.8
tt0017911,tt0015947,0.4
tt0017911,tt0017470,0.7
tt0017912,tt0017027,0.8
tt0017913,tt0011007,-2.0
tt0017913,tt0011575,-1.9
tt0017913,tt0011966,-3.4
tt0017913,tt0013839,-1.2
tt0017913,tt0015638,-2.1
tt0017913,tt0015816,-2.2
tt0017913,tt0017009,-2.0
tt0017913,tt0017384,-1.6
tt0017917,tt0012068,0.9
tt0017917,tt0012190,0.6
tt0017917,tt0013515,0.9
tt0017917,tt0013710,0.1
tt0017917,tt0014440,0.6
tt0017917,tt0017103,0.9
tt0017917,tt0017120,0.9
tt0017919,tt0012284,0.1
tt0017919,tt0015171,0.9
tt0017919,tt0016550,0.2
tt0017919,tt0017063,-0.5
tt0017919,tt0017410,0.1
tt0017919,tt0018351,-0.3
tt0017919,tt0018882,-0.3
tt0017921,tt0018406,-0.4
tt0017930,tt0017578,0.7
tt0017934,tt0018036,0.6
tt0017934,tt0018501,0.9
tt0017936,tt0015728,0.7
tt0017937,tt0018862,-0.1
tt0017946,tt0004712,0.2
tt0017946,tt0006666,0.8
tt0017946,tt0007910,-0.1
tt0017946,tt0008725,0.6
tt0017946,tt0008826,0.7
tt0017946,tt0010358,0.6
tt0017946,tt0013619,0.5
tt0017946,tt0015339,0.6
tt0017946,tt0016384,0.6
tt0017946,tt0016850,0.6
tt0017946,tt0018159,0.8
tt0017947,tt0018235,0.7
tt0017954,tt0012868,0.1
tt0017954,tt0013263,0.0
tt0017954,tt0014713,0.5
tt0017954,tt0016953,0.5
tt0017956,tt0016766,0.3
tt0017956,tt0017304,0.6
tt0017956,tt0018348,0.9
tt0017958,tt0016575,-0.2
tt0017958,tt0016893,-0.2
tt0017958,tt0017886,-0.1
tt0017958,tt0018022,0.4
tt0017960,tt0014301,0.8
tt0017960,tt0014640,0.7
tt0017960,tt0015947,0.3
tt0017960,tt0017470,0.6
tt0017960,tt0017911,0.9
tt0017962,tt0017062,0.3
tt0017962,tt0017432,0.1
tt0017962,tt0017682,0.8
tt0017962,tt0017692,0.2
tt0017962,tt0018647,0.5
tt0017976,tt0009273,-0.6
tt0017976,tt0011093,-0.7
tt0017976,tt0014950,-0.6
tt0017976,tt0015602,0.7
tt0017976,tt0015903,0.9
tt0017976,tt0017727,0.5
tt0017976,tt0017858,-0.7
tt0017976,tt0018438,-0.4
tt0017979,tt0007110,0.0
tt0017979,tt0007933,0.9
tt0017979,tt0008843,0.9
tt0017979,tt0011604,-0.1
tt0017979,tt0013572,0.9
tt0017979,tt0013700,0.3
tt0017979,tt0017099,0.4
tt0017998,tt0012317,0.6
tt0018011,tt0017925,-0.9
tt0018013,tt0013829,-0.5
tt0018014,tt0010247,0.6
tt0018014,tt0010755,0.9
tt0018014,tt0012334,0.9
tt0018014,tt0014108,0.7
tt0018014,tt0014109,0.7
tt0018016,tt0010879,0.5
tt0018016,tt0011474,0.8
tt0018016,tt0017119,0.5
tt0018017,tt0004651,0.9
tt0018017,tt0014223,0.5
tt0018018,tt0008939,-0.5
tt0018018,tt0008954,-0.2
tt0018018,tt0009527,0.9
tt0018022,tt0016575,0.4
tt0018022,tt0016893,0.4
tt0018022,tt0017886,0.5
tt0018024,tt0010915,0.0
tt0018024,tt0012045,0.0
tt0018024,tt0012716,0.2
tt0018024,tt0012735,0.7
tt0018024,tt0013311,-0.1
tt0018024,tt0013456,0.8
tt0018024,tt0017132,-0.5
tt0018030,tt0011694,-1.1
tt0018030,tt0012397,-1.4
tt0018030,tt0012439,-1.0
tt0018030,tt0012755,-1.4
tt0018030,tt0013022,-1.0
tt0018030,tt0013170,-0.1
tt0018030,tt0015013,-0.7
tt0018030,tt0015229,-0.6
tt0018030,tt0016307,-1.6
tt0018030,tt0016822,-1.6
tt0018030,tt0016999,-1.5
tt0018032,tt0017107,-0.8
tt0018037,tt0007645,0.2
tt0018037,tt0008159,0.8
tt0018037,tt0012324,-0.6
tt0018037,tt0015632,0.8
tt0018037,tt0016804,0.4
tt0018037,tt0017667,0.4
tt0018037,tt0018566,0.4
tt0018038,tt0005754,0.8
tt0018038,tt0006357,0.8
tt0018038,tt0006505,-0.3
tt0018038,tt0006508,0.0
tt0018038,tt0006826,0.9
tt0018038,tt0009047,0.1
tt0018038,tt0012345,0.0
tt0018038,tt0016368,0.6
tt0018046,tt0004816,-0.1
tt0018046,tt0005352,0.2
tt0018046,tt0005392,-1.1
tt0018046,tt0006736,-0.5
tt0018046,tt0006751,0.4
tt0018046,tt0006753,-0.5
tt0018046,tt0006861,-0.1
tt0018046,tt0008309,-0.4
tt0018046,tt0008406,-1.3
tt0018046,tt0008915,-0.3
tt0018046,tt0009142,-0.1
tt0018046,tt0009143,-1.1
tt0018046,tt0009400,-0.6
tt0018046,tt0010049,-1.7
tt0018046,tt0010162,-0.1
tt0018046,tt0010715,-0.2
tt0018046,tt0012565,-0.5
tt0018046,tt0013556,-0.9
tt0018046,tt0014636,-0.5
tt0018046,tt0014981,-0.6
tt0018046,tt0015116,-0.6
tt0018046,tt0015349,-1.6
tt0018046,tt0015465,-1.2
tt0018046,tt0016394,-0.7
tt0018046,tt0017242,-1.2
tt0018046,tt0017472,0.8
tt0018046,tt0017841,-1.0
tt0018046,tt0018700,-0.3
tt0018055,tt0012226,0.3
tt0018056,tt0015243,0.7
tt0018056,tt0018713,-1.4
tt0018066,tt0017128,0.9
tt0018074,tt0016981,0.3
tt0018074,tt0017555,-0.2
tt0018074,tt0018796,-0.6
tt0018080,tt0009143,-0.2
tt0018080,tt0017585,0.7
tt0018080,tt0018378,-0.3
tt0018081,tt0016939,0.8
tt0018081,tt0018633,-0.5
tt0018087,tt0018737,0.5
tt0018097,tt0009284,0.7
tt0018097,tt0009544,-0.2
tt0018097,tt0016473,0.6
tt0018097,tt0018397,0.8
tt0018097,tt0018528,0.0
tt0018097,tt0018697,0.9
tt0018102,tt0017437,0.6
tt0018113,tt0009593,-0.5
tt0018113,tt0010331,0.5
tt0018113,tt0016654,0.3
tt0018114,tt0016537,-3.0
tt0018114,tt0016638,-3.1
tt0018114,tt0017004,-3.1
tt0018114,tt0017532,-2.5
tt0018114,tt0017885,-0.8
tt0018114,tt0018667,-2.0
tt0018118,tt0005960,0.3
tt0018118,tt0015400,-0.6
tt0018118,tt0017540,0.3
tt0018118,tt0018170,0.9
tt0018122,tt0012642,-0.5
tt0018122,tt0013075,-0.8
tt0018122,tt0013201,-0.7
tt0018122,tt0014429,-1.8
tt0018122,tt0014611,-1.0
tt0018122,tt0014945,-1.3
tt0018122,tt0015002,-0.8
tt0018122,tt0015841,-1.2
tt0018122,tt0016212,0.1
tt0018122,tt0017300,-0.3
tt0018129,tt0006283,-1.1
tt0018129,tt0006932,-0.8
tt0018129,tt0008706,-0.6
tt0018129,tt0009104,0.5
tt0018129,tt0010703,-0.7
tt0018129,tt0010729,-1.4
tt0018129,tt0011860,0.1
tt0018129,tt0012763,-1.5
tt0018129,tt0013590,-0.9
tt0018129,tt0014068,-1.4
tt0018129,tt0014605,-1.3
tt0018129,tt0015289,-0.4
tt0018129,tt0016395,-1.7
tt0018129,tt0017254,0.4
tt0018129,tt0017567,-1.3
tt0018138,tt0015976,0.7
tt0018138,tt0016005,0.6
tt0018138,tt0016023,0.7
tt0018138,tt0016677,0.0
tt0018138,tt0017508,0.4
tt0018138,tt0017593,0.0
tt0018142,tt0016232,0.1
tt0018142,tt0018187,0.4
tt0018143,tt0014898,0.4
tt0018143,tt0017196,0.5
tt0018156,tt0015882,0.4
tt0018156,tt0015930,0.4
tt0018156,tt0017408,0.2
tt0018156,tt0017970,-0.4
tt0018159,tt0004712,0.4
tt0018159,tt0007910,0.1
tt0018159,tt0008725,0.8
tt0018159,tt0008826,0.9
tt0018159,tt0010358,0.8
tt0018159,tt0013619,0.7
tt0018159,tt0015339,0.8
tt0018159,tt0016384,0.8
tt0018159,tt0016850,0.8
tt0018164,tt0016643,0.3
tt0018164,tt0017222,0.9
tt0018164,tt0018903,0.1
tt0018166,tt0013257,0.2
tt0018170,tt0005960,0.4
tt0018170,tt0015400,-0.5
tt0018170,tt0017540,0.4
tt0018171,tt0003883,-1.4
tt0018171,tt0008572,0.0
tt0018171,tt0009289,-1.9
tt0018171,tt0009376,-0.9
tt0018171,tt0009858,-0.6
tt0018171,tt0010822,-0.4
tt0018171,tt0016065,0.6
tt0018173,tt0017159,0.0
tt0018173,tt0017809,-0.1
tt0018173,tt0018841,-0.2
tt0018179,tt0016874,-0.3
tt0018183,tt0014429,0.3
tt0018183,tt0014945,0.8
tt0018183,tt0015841,0.9
tt0018183,tt0016895,0.9
tt0018184,tt0013965,0.9
tt0018184,tt0017506,0.6
tt0018184,tt0017929,0.6
tt0018187,tt0016232,0.7
tt0018194,tt0017354,0.1
tt0018194,tt0017832,0.9
tt0018199,tt0017115,0.6
tt0018199,tt0017637,0.2
tt0018200,tt0018383,-2.4
tt0018203,tt0005764,0.7
tt0018203,tt0010905,0.4
tt0018203,tt0015735,0.6
tt0018204,tt0013908,0.9
tt0018210,tt0012472,0.3
tt0018210,tt0013975,0.6
tt0018210,tt0014217,0.2
tt0018210,tt0015924,0.7
tt0018210,tt0016461,0.9
tt0018211,tt0018345,0.5
tt0018217,tt0015361,0.8
tt0018217,tt0015648,0.5
tt0018218,tt0007645,0.2
tt0018218,tt0008159,0.8
tt0018218,tt0012324,-0.6
tt0018218,tt0015632,0.8
tt0018218,tt0016804,0.4
tt0018218,tt0017667,0.4
tt0018218,tt0018566,0.4
tt0018221,tt0008720,0.3
tt0018221,tt0010651,-0.8
tt0018227,tt0017859,0.5
tt0018227,tt0018336,0.5
tt0018243,tt0016939,0.8
tt0018243,tt0018633,-0.5
tt0018247,tt0017328,0.3
tt0018247,tt0018633,-0.4
tt0018251,tt0014742,0.6
tt0018251,tt0015852,0.0
tt0018251,tt0016734,-0.6
tt0018251,tt0016858,0.7
tt0018251,tt0017330,0.8
tt0018251,tt0017493,0.3
tt0018251,tt0017671,0.7
tt0018251,tt0017804,0.3
tt0018251,tt0017887,0.8
tt0018252,tt0012284,-2.5
tt0018252,tt0015171,-1.7
tt0018252,tt0016550,-2.4
tt0018252,tt0017063,-3.1
tt0018252,tt0017349,0.0
tt0018252,tt0017410,-2.5
tt0018252,tt0017919,-1.6
tt0018252,tt0018351,-2.9
tt0018252,tt0018470,-0.9
tt0018252,tt0018882,-2.9
tt0018253,tt0015688,0.8
tt0018253,tt0016202,0.5
tt0018253,tt0017947,0.5
tt0018253,tt0018235,0.2
tt0018259,tt0016703,-0.1
tt0018259,tt0018382,0.9
tt0018264,tt0012933,0.8
tt0018267,tt0018211,0.4
tt0018267,tt0018345,-0.1
tt0018269,tt0005805,0.5
tt0018269,tt0006241,-0.1
tt0018272,tt0017305,0.7
tt0018272,tt0017626,0.4
tt0018287,tt0014576,-0.3
tt0018295,tt0018503,0.8
tt0018297,tt0010267,0.9
tt0018297,tt0013093,-0.2
tt0018297,tt0013611,0.6
tt0018297,tt0014982,0.7
tt0018297,tt0015909,0.8
tt0018297,tt0016646,0.9
tt0018297,tt0016812,0.4
tt0018302,tt0018835,-1.3
tt0018313,tt0004052,0.0
tt0018313,tt0013236,0.8
tt0018313,tt0014845,0.8
tt0018313,tt0016213,-1.1
tt0018313,tt0016508,0.7
tt0018313,tt0017316,-0.5
tt0018313,tt0017325,0.7
tt0018313,tt0018565,0.3
tt0018318,tt0006730,-0.1
tt0018318,tt0007362,0.8
tt0018318,tt0015353,0.6
tt0018319,tt0010777,0.8
tt0018319,tt0012623,-1.7
tt0018319,tt0015256,-0.9
tt0018319,tt0016039,-0.2
tt0018319,tt0016639,0.2
tt0018319,tt0017676,-0.6
tt0018320,tt0010190,-1.0
tt0018320,tt0011191,-2.0
tt0018320,tt0011908,0.0
tt0018320,tt0012881,-0.8
tt0018320,tt0013527,-1.5
tt0018320,tt0013839,0.3
tt0018320,tt0014489,-0.5
tt0018320,tt0015519,0.5
tt0018325,tt0014742,0.2
tt0018325,tt0015852,-0.4
tt0018325,tt0016734,-1.0
tt0018325,tt0016858,0.3
tt0018325,tt0017330,0.4
tt0018325,tt0017493,-0.1
tt0018325,tt0017671,0.3
tt0018325,tt0017804,-0.1
tt0018325,tt0017887,0.4
tt0018325,tt0018251,0.6
tt0018328,tt0017075,-0.2
tt0018332,tt0010244,0.4
tt0018332,tt0010766,0.4
tt0018332,tt0013662,0.9
tt0018332,tt0016346,0.7
tt0018335,tt0016871,0.8
tt0018335,tt0017685,0.8
tt0018335,tt0018584,0.0
tt0018335,tt0018818,0.9
tt0018338,tt0013229,0.5
tt0018338,tt0013877,0.9
tt0018338,tt0016844,0.5
tt0018338,tt0018301,0.0
tt0018339,tt0008855,0.6
tt0018339,tt0015613,0.9
tt0018339,tt0016624,0.4
tt0018346,tt0010879,-2.4
tt0018346,tt0011474,-2.1
tt0018346,tt0012434,-0.5
tt0018346,tt0012862,0.1
tt0018346,tt0012898,0.9
tt0018346,tt0013051,0.6
tt0018346,tt0013303,0.6
tt0018346,tt0013540,-0.4
tt0018346,tt0013906,-0.1
tt0018346,tt0014189,0.9
tt0018346,tt0014553,-0.6
tt0018346,tt0014782,-0.9
tt0018346,tt0014866,-0.0
tt0018346,tt0015542,-0.3
tt0018346,tt0015749,-0.2
tt0018346,tt0016037,-0.9
tt0018346,tt0016374,0.5
tt0018346,tt0016658,0.5
tt0018346,tt0017119,-2.4
tt0018346,tt0018016,-1.9
tt0018346,tt0018613,-0.6
tt0018346,tt0018666,-0.8
tt0018348,tt0016766,0.4
tt0018348,tt0017304,0.7
tt0018350,tt0015643,-0.1
tt0018350,tt0017326,0.9
tt0018351,tt0017063,0.8
tt0018355,tt0016685,0.9
tt0018355,tt0017883,0.9
tt0018355,tt0017973,0.7
tt0018361,tt0016703,-0.9
tt0018361,tt0018259,0.2
tt0018361,tt0018382,0.1
tt0018372,tt0014686,0.6
tt0018372,tt0017438,0.3
tt0018373,tt0018810,0.9
tt0018375,tt0004325,0.9
tt0018375,tt0005556,-1.2
tt0018375,tt0006614,0.4
tt0018375,tt0007340,-0.2
tt0018375,tt0008041,0.0
tt0018375,tt0011979,0.1
tt0018375,tt0012769,0.9
tt0018375,tt0012827,0.5
tt0018377,tt0017926,0.9
tt0018381,tt0013084,0.7
tt0018381,tt0016205,0.6
tt0018381,tt0017158,0.8
tt0018381,tt0017307,0.6
tt0018381,tt0018033,0.4
tt0018382,tt0016703,0.0
tt0018386,tt0009079,0.3
tt0018386,tt0010055,0.1
tt0018386,tt0010316,0.6
tt0018386,tt0011303,0.5
tt0018386,tt0011350,0.3
tt0018386,tt0013084,-0.4
tt0018386,tt0014398,0.3
tt0018386,tt0015209,0.3
tt0018386,tt0016205,-0.5
tt0018386,tt0016947,0.0
tt0018386,tt0017158,-0.3
tt0018386,tt0017307,-0.5
tt0018386,tt0018033,-0.7
tt0018386,tt0018381,-0.1
tt0018388,tt0013668,0.4
tt0018389,tt0012997,0.5
tt0018389,tt0016430,0.5
tt0018389,tt0016921,-0.9
tt0018389,tt0017518,-0.4
tt0018389,tt0018571,-0.3
tt0018393,tt0017062,-0.4
tt0018393,tt0017432,-0.6
tt0018393,tt0017682,0.1
tt0018393,tt0017692,-0.5
tt0018393,tt0017802,0.6
tt0018393,tt0017962,0.3
tt0018393,tt0018647,-0.2
tt0018397,tt0009284,0.9
tt0018397,tt0009544,0.0
tt0018397,tt0016473,0.8
tt0018397,tt0018528,0.2
tt0018398,tt0014720,0.9
tt0018398,tt0016134,0.5
tt0018398,tt0016305,0.4
tt0018398,tt0017882,-0.2
tt0018398,tt0018715,-0.2
tt0018398,tt0018725,0.3
tt0018399,tt0010795,-4.1
tt0018399,tt0011667,-3.2
tt0018399,tt0011980,-4.3
tt0018399,tt0013425,-3.6
tt0018399,tt0016328,-4.0
tt0018399,tt0017353,-2.5
tt0018399,tt0017486,-3.0
tt0018399,tt0017793,-2.3
tt0018404,tt0005754,-0.6
tt0018404,tt0005997,-0.1
tt0018404,tt0006357,-0.6
tt0018404,tt0006505,-1.7
tt0018404,tt0006508,-1.4
tt0018404,tt0006826,-0.5
tt0018404,tt0008071,-0.4
tt0018404,tt0008379,-0.1
tt0018404,tt0009047,-1.3
tt0018404,tt0012345,-1.4
tt0018404,tt0016368,-0.8
tt0018404,tt0017215,-0.2
tt0018404,tt0018038,-0.4
tt0018410,tt0013933,0.5
tt0018410,tt0018770,0.7
tt0018413,tt0012636,-0.4
tt0018413,tt0014042,-0.1
tt0018413,tt0016038,0.4
tt0018413,tt0016881,0.5
tt0018413,tt0017534,0.0
tt0018413,tt0017714,0.9
tt0018413,tt0018440,0.2
tt0018413,tt0018742,-1.4
tt0018423,tt0013926,-0.5
tt0018423,tt0014538,-1.5
tt0018423,tt0014760,-1.5
tt0018423,tt0014953,-0.3
tt0018423,tt0015074,-0.9
tt0018423,tt0016258,-1.5
tt0018423,tt0017935,-1.9
tt0018429,tt0005592,0.8
tt0018429,tt0006568,0.3
tt0018429,tt0007539,0.9
tt0018429,tt0007927,-0.4
tt0018429,tt0008201,0.0
tt0018429,tt0009480,0.8
tt0018429,tt0011952,-1.4
tt0018429,tt0012555,-0.2
tt0018429,tt0012864,0.2
tt0018429,tt0014499,0.3
tt0018429,tt0015224,-0.2
tt0018429,tt0016030,-1.1
tt0018429,tt0016403,0.6
tt0018429,tt0016634,-0.2
tt0018429,tt0016762,0.2
tt0018429,tt0017033,-0.1
tt0018433,tt0018311,0.5
tt0018438,tt0009273,0.8
tt0018438,tt0011093,0.7
tt0018438,tt0014950,0.8
tt0018438,tt0017858,0.7
tt0018440,tt0012636,0.4
tt0018440,tt0014042,0.7
tt0018440,tt0017534,0.8
tt0018440,tt0018742,-0.6
tt0018453,tt0017513,0.8
tt0018454,tt0010010,0.1
tt0018454,tt0011098,-0.4
tt0018457,tt0008549,0.8
tt0018457,tt0014187,0.3
tt0018457,tt0015918,-0.7
tt0018457,tt0016478,0.3
tt0018464,tt0004052,-0.7
tt0018464,tt0009325,0.8
tt0018464,tt0013236,0.1
tt0018464,tt0014845,0.1
tt0018464,tt0015813,0.7
tt0018464,tt0016213,-1.8
tt0018464,tt0016508,0.0
tt0018464,tt0016573,0.9
tt0018464,tt0016749,0.5
tt0018464,tt0017080,0.5
tt0018464,tt0017316,-1.2
tt0018464,tt0017325,0.0
tt0018464,tt0018313,0.3
tt0018464,tt0018565,-0.4
tt0018465,tt0008720,-0.7
tt0018465,tt0010651,-1.8
tt0018465,tt0018221,0.0
tt0018466,tt0018611,0.7
tt0018466,tt0018729,-0.3
tt0018469,tt0003022,0.8
tt0018469,tt0005100,0.7
tt0018469,tt0005592,0.4
tt0018469,tt0006568,-0.1
tt0018469,tt0007539,0.5
tt0018469,tt0007927,-0.8
tt0018469,tt0008201,-0.4
tt0018469,tt0009480,0.4
tt0018469,tt0011692,0.7
tt0018469,tt0011952,-1.8
tt0018469,tt0012555,-0.6
tt0018469,tt0012864,-0.2
tt0018469,tt0014499,-0.1
tt0018469,tt0015224,-0.6
tt0018469,tt0016030,-1.5
tt0018469,tt0016403,0.2
tt0018469,tt0016634,-0.6
tt0018469,tt0016762,-0.2
tt0018469,tt0017033,-0.5
tt0018469,tt0018429,0.6
tt0018470,tt0012284,-0.6
tt0018470,tt0015171,0.2
tt0018470,tt0016550,-0.5
tt0018470,tt0017063,-1.2
tt0018470,tt0017410,-0.6
tt0018470,tt0017919,0.3
tt0018470,tt0018351,-1.0
tt0018470,tt0018882,-1.0
tt0018471,tt0016628,0.8
tt0018479,tt0017305,-1.2
tt0018479,tt0017626,-1.5
tt0018479,tt0018272,-0.9
tt0018480,tt0005613,0.0
tt0018480,tt0006731,0.3
tt0018480,tt0006745,-0.2
tt0018480,tt0007353,0.8
tt0018480,tt0009721,-0.4
tt0018480,tt0013624,-0.1
tt0018480,tt0013688,-0.4
tt0018480,tt0014600,-0.6
tt0018480,tt0018825,-1.1
tt0018486,tt0003897,-3.2
tt0018486,tt0005974,-3.9
tt0018486,tt0006867,-3.2
tt0018486,tt0007932,-3.3
tt0018486,tt0009204,-3.8
tt0018486,tt0009936,-3.1
tt0018486,tt0010357,-3.3
tt0018486,tt0011577,-2.4
tt0018486,tt0011637,-2.3
tt0018486,tt0011816,-2.9
tt0018486,tt0012298,-3.6
tt0018486,tt0014365,-5.6
tt0018486,tt0014927,-4.7
tt0018486,tt0015015,-3.0
tt0018486,tt0016480,-3.9
tt0018486,tt0016534,-3.6
tt0018486,tt0016989,-3.2
tt0018486,tt0017060,-3.1
tt0018486,tt0017246,-3.0
tt0018486,tt0017687,-3.7
tt0018486,tt0018549,-2.1
tt0018486,tt0018692,-1.3
tt0018486,tt0018709,-1.6
tt0018486,tt0018771,-4.8
tt0018486,tt0018797,-3.5
tt0018487,tt0010158,0.1
tt0018487,tt0015442,-0.2
tt0018487,tt0015919,0.4
tt0018489,tt0013925,0.4
tt0018489,tt0014839,-0.2
tt0018489,tt0017198,0.4
tt0018489,tt0018127,-1.1
tt0018489,tt0018816,0.0
tt0018491,tt0017027,0.8
tt0018501,tt0018036,0.7
tt0018507,tt0015217,0.7
tt0018507,tt0015508,0.1
tt0018507,tt0016246,0.2
tt0018507,tt0017311,0.2
tt0018511,tt0016939,-0.3
tt0018511,tt0017210,-0.1
tt0018511,tt0018081,-0.1
tt0018511,tt0018243,-0.1
tt0018511,tt0018633,-1.6
tt0018512,tt0016345,0.9
tt0018512,tt0016827,0.9
tt0018513,tt0005883,-0.2
tt0018513,tt0012350,-0.1
tt0018513,tt0014229,0.7
tt0018513,tt0014439,-1.0
tt0018513,tt0014563,0.6
tt0018513,tt0016300,0.4
tt0018513,tt0016690,0.6
tt0018513,tt0018638,0.2
tt0018523,tt0015214,0.7
tt0018524,tt0015937,0.0
tt0018525,tt0005883,-3.4
tt0018525,tt0011626,-1.4
tt0018525,tt0012096,-2.1
tt0018525,tt0012350,-3.3
tt0018525,tt0014229,-2.5
tt0018525,tt0014388,-1.4
tt0018525,tt0014439,-4.2
tt0018525,tt0014563,-2.6
tt0018525,tt0016300,-2.8
tt0018525,tt0016690,-2.6
tt0018525,tt0018513,-2.2
tt0018525,tt0018638,-3.0
tt0018525,tt0018722,-2.1
tt0018528,tt0009544,0.8
tt0018530,tt0008634,0.8
tt0018530,tt0011358,0.7
tt0018530,tt0017463,-0.3
tt0018530,tt0018909,0.0
tt0018531,tt0011855,0.3
tt0018531,tt0013313,0.4
tt0018531,tt0015347,0.8
tt0018531,tt0017492,0.8
tt0018531,tt0018733,0.8
tt0018532,tt0007248,0.6
tt0018532,tt0009118,0.1
tt0018532,tt0010315,0.7
tt0018532,tt0010719,0.8
tt0018532,tt0011929,0.7
tt0018532,tt0011990,0.7
tt0018532,tt0013658,0.6
tt0018532,tt0015163,0.2
tt0018532,tt0015758,0.9
tt0018532,tt0017586,0.6
tt0018532,tt0017829,0.2
tt0018533,tt0017271,0.2
tt0018537,tt0015189,0.9
tt0018537,tt0016806,0.0
tt0018538,tt0006041,0.5
tt0018548,tt0008362,0.2
tt0018548,tt0009550,0.4
tt0018548,tt0010853,0.9
tt0018548,tt0011651,0.6
tt0018548,tt0012754,0.9
tt0018548,tt0013606,0.3
tt0018548,tt0014503,0.7
tt0018549,tt0003897,-0.1
tt0018549,tt0005974,-0.8
tt0018549,tt0006867,-0.1
tt0018549,tt0007932,-0.2
tt0018549,tt0009204,-0.7
tt0018549,tt0009936,0.0
tt0018549,tt0010357,-0.2
tt0018549,tt0011577,0.7
tt0018549,tt0011637,0.8
tt0018549,tt0011816,0.2
tt0018549,tt0012298,-0.5
tt0018549,tt0014365,-2.5
tt0018549,tt0014927,-1.6
tt0018549,tt0015015,0.1
tt0018549,tt0016480,-0.8
tt0018549,tt0016534,-0.5
tt0018549,tt0016989,-0.1
tt0018549,tt0017060,0.0
tt0018549,tt0017246,0.1
tt0018549,tt0017687,-0.6
tt0018549,tt0018771,-1.7
tt0018549,tt0018797,-0.4
tt0018565,tt0004052,0.7
tt0018565,tt0016213,-0.4
tt0018565,tt0017316,0.2
tt0018566,tt0007645,0.8
tt0018566,tt0012324,0.0
tt0018571,tt0016921,0.4
tt0018571,tt0017518,0.9
tt0018575,tt0014284,0.2
tt0018575,tt0015248,0.9
tt0018575,tt0018813,0.5
tt0018579,tt0009273,-0.7
tt0018579,tt0011093,-0.8
tt0018579,tt0013145,0.9
tt0018579,tt0013986,0.9
tt0018579,tt0014950,-0.7
tt0018579,tt0015094,0.9
tt0018579,tt0015602,0.6
tt0018579,tt0015903,0.8
tt0018579,tt0017727,0.4
tt0018579,tt0017858,-0.8
tt0018579,tt0017976,0.9
tt0018579,tt0018438,-0.5
tt0018588,tt0017952,0.5
tt0018592,tt0018155,0.4
tt0018595,tt0018107,0.1
tt0018601,tt0009252,0.8
tt0018601,tt0013386,0.9
tt0018601,tt0016220,0.0
tt0018601,tt0017776,0.8
tt0018607,tt0017159,0.8
tt0018608,tt0015273,-3.0
tt0018608,tt0015680,-2.2
tt0018608,tt0015859,-2.6
tt0018608,tt0016755,-2.5
tt0018611,tt0018729,0.0
tt0018613,tt0010879,-0.8
tt0018613,tt0011474,-0.5
tt0018613,tt0014782,0.7
tt0018613,tt0016037,0.7
tt0018613,tt0017119,-0.8
tt0018613,tt0018016,-0.3
tt0018613,tt0018666,0.8
tt0018615,tt0018087,0.9
tt0018615,tt0018737,0.4
tt0018617,tt0017523,0.5
tt0018618,tt0016874,-0.4
tt0018618,tt0018179,0.9
tt0018619,tt0005613,0.5
tt0018619,tt0006731,0.8
tt0018619,tt0006745,0.3
tt0018619,tt0009721,0.1
tt0018619,tt0010227,0.4
tt0018619,tt0010267,0.0
tt0018619,tt0013093,-1.1
tt0018619,tt0013512,0.3
tt0018619,tt0013611,-0.3
tt0018619,tt0013886,0.4
tt0018619,tt0014547,0.5
tt0018619,tt0014982,-0.2
tt0018619,tt0015909,-0.1
tt0018619,tt0016646,0.0
tt0018619,tt0016812,-0.5
tt0018619,tt0018297,0.1
tt0018621,tt0006586,0.5
tt0018622,tt0005561,-0.2
tt0018622,tt0007000,-0.5
tt0018622,tt0008305,0.7
tt0018622,tt0010419,0.9
tt0018622,tt0013450,0.8
tt0018622,tt0013841,0.9
tt0018622,tt0014619,0.9
tt0018622,tt0015310,0.3
tt0018622,tt0016541,0.3
tt0018622,tt0017751,0.9
tt0018624,tt0006238,-1.4
tt0018624,tt0017137,-1.3
tt0018630,tt0017438,-0.6
tt0018630,tt0017621,0.1
tt0018630,tt0018372,0.1
tt0018638,tt0005883,0.6
tt0018638,tt0012350,0.7
tt0018638,tt0014439,-0.2
tt0018639,tt0008549,0.3
tt0018639,tt0014187,-0.2
tt0018639,tt0015918,-1.2
tt0018639,tt0016478,-0.2
tt0018639,tt0018457,0.5
tt0018642,tt0013901,0.4
tt0018642,tt0014119,0.3
tt0018642,tt0016487,-0.2
tt0018642,tt0017498,-0.4
tt0018642,tt0018049,-0.4
tt0018646,tt0002305,0.7
tt0018647,tt0017062,0.8
tt0018647,tt0017432,0.6
tt0018647,tt0017692,0.7
tt0018666,tt0010879,-0.6
tt0018666,tt0011474,-0.3
tt0018666,tt0014782,0.9
tt0018666,tt0016037,0.9
tt0018666,tt0017119,-0.6
tt0018666,tt0018016,-0.1
tt0018667,tt0016537,0.0
tt0018667,tt0016638,-0.1
tt0018667,tt0017004,-0.1
tt0018667,tt0017532,0.5
tt0018671,tt0005334,0.6
tt0018671,tt0007514,-0.2
tt0018671,tt0009021,0.8
tt0018671,tt0009176,-0.1
tt0018671,tt0009425,-0.5
tt0018671,tt0010020,-0.6
tt0018671,tt0011001,-0.1
tt0018671,tt0011907,0.9
tt0018671,tt0012317,-1.7
tt0018671,tt0014468,-0.2
tt0018671,tt0014588,-0.6
tt0018671,tt0015831,-0.5
tt0018671,tt0017891,0.5
tt0018671,tt0017998,-1.3
tt0018672,tt0014742,-0.4
tt0018672,tt0015852,-1.0
tt0018672,tt0016734,-1.6
tt0018672,tt0016858,-0.3
tt0018672,tt0017330,-0.2
tt0018672,tt0017493,-0.7
tt0018672,tt0017671,-0.3
tt0018672,tt0017804,-0.7
tt0018672,tt0017887,-0.2
tt0018672,tt0018251,0.0
tt0018672,tt0018325,0.4
tt0018673,tt0015728,0.5
tt0018673,tt0017936,0.8
tt0018674,tt0005764,0.6
tt0018674,tt0010905,0.3
tt0018674,tt0015735,0.5
tt0018674,tt0018203,0.9
tt0018678,tt0006864,-0.1
tt0018678,tt0009130,0.7
tt0018678,tt0009133,0.3
tt0018678,tt0009968,0.3
tt0018678,tt0010108,0.8
tt0018678,tt0010484,0.5
tt0018678,tt0010806,0.6
tt0018678,tt0011841,0.2
tt0018678,tt0012532,0.2
tt0018678,tt0015018,0.7
tt0018678,tt0016308,0.9
tt0018681,tt0017115,0.4
tt0018681,tt0017637,0.0
tt0018681,tt0018199,0.8
tt0018686,tt0005903,0.0
tt0018686,tt0006241,-0.5
tt0018686,tt0007183,0.7
tt0018686,tt0008536,0.6
tt0018686,tt0012342,0.9
tt0018686,tt0015958,0.7
tt0018686,tt0016559,0.4
tt0018686,tt0017293,0.2
tt0018686,tt0017418,0.4
tt0018686,tt0017748,0.2
tt0018686,tt0018844,0.5
tt0018692,tt0003897,-0.9
tt0018692,tt0005974,-1.6
tt0018692,tt0006867,-0.9
tt0018692,tt0007932,-1.0
tt0018692,tt0009204,-1.5
tt0018692,tt0009936,-0.8
tt0018692,tt0010357,-1.0
tt0018692,tt0011577,-0.1
tt0018692,tt0011637,0.0
tt0018692,tt0011816,-0.6
tt0018692,tt0012298,-1.3
tt0018692,tt0014365,-3.3
tt0018692,tt0014927,-2.4
tt0018692,tt0015015,-0.7
tt0018692,tt0016480,-1.6
tt0018692,tt0016534,-1.3
tt0018692,tt0016989,-0.9
tt0018692,tt0017060,-0.8
tt0018692,tt0017246,-0.7
tt0018692,tt0017687,-1.4
tt0018692,tt0018549,0.2
tt0018692,tt0018709,0.7
tt0018692,tt0018771,-2.5
tt0018692,tt0018797,-1.2
tt0018697,tt0009284,0.8
tt0018697,tt0009544,-0.1
tt0018697,tt0016473,0.7
tt0018697,tt0018397,0.9
tt0018697,tt0018528,0.1
tt0018698,tt0004939,-1.0
tt0018698,tt0015053,0.7
tt0018698,tt0015364,0.3
tt0018698,tt0016751,-0.7
tt0018698,tt0017765,-0.3
tt0018699,tt0009369,-2.0
tt0018699,tt0010925,-1.3
tt0018699,tt0011128,-2.2
tt0018699,tt0011419,-0.4
tt0018699,tt0012468,-2.1
tt0018699,tt0014029,-2.6
tt0018699,tt0014467,-1.6
tt0018699,tt0014522,-2.3
tt0018699,tt0017918,-2.9
tt0018700,tt0005392,0.2
tt0018700,tt0006736,0.8
tt0018700,tt0006753,0.8
tt0018700,tt0008309,0.9
tt0018700,tt0008406,0.0
tt0018700,tt0009143,0.2
tt0018700,tt0009400,0.7
tt0018700,tt0010049,-0.4
tt0018700,tt0012565,0.8
tt0018700,tt0013556,0.4
tt0018700,tt0014636,0.8
tt0018700,tt0014981,0.7
tt0018700,tt0015116,0.7
tt0018700,tt0015349,-0.3
tt0018700,tt0015465,0.1
tt0018700,tt0016394,0.6
tt0018700,tt0017242,0.1
tt0018700,tt0017841,0.3
tt0018707,tt0012872,0.6
tt0018709,tt0003897,-0.6
tt0018709,tt0005974,-1.3
tt0018709,tt0006867,-0.6
tt0018709,tt0007932,-0.7
tt0018709,tt0009204,-1.2
tt0018709,tt0009936,-0.5
tt0018709,tt0010357,-0.7
tt0018709,tt0011577,0.2
tt0018709,tt0011637,0.3
tt0018709,tt0011816,-0.3
tt0018709,tt0012298,-1.0
tt0018709,tt0014365,-3.0
tt0018709,tt0014927,-2.1
tt0018709,tt0015015,-0.4
tt0018709,tt0016480,-1.3
tt0018709,tt0016534,-1.0
tt0018709,tt0016989,-0.6
tt0018709,tt0017060,-0.5
tt0018709,tt0017246,-0.4
tt0018709,tt0017687,-1.1
tt0018709,tt0018549,0.5
tt0018709,tt0018771,-2.2
tt0018709,tt0018797,-0.9
tt0018710,tt0008091,0.6
tt0018710,tt0013254,0.5
tt0018710,tt0013965,0.3
tt0018710,tt0016597,0.8
tt0018710,tt0017506,0.0
tt0018710,tt0017929,0.0
tt0018710,tt0018184,0.4
tt0018714,tt0018606,-0.4
tt0018718,tt0007903,-0.2
tt0018718,tt0008362,-1.1
tt0018718,tt0009550,-0.9
tt0018718,tt0010314,0.8
tt0018718,tt0010733,0.4
tt0018718,tt0010853,-0.4
tt0018718,tt0011078,0.2
tt0018718,tt0011651,-0.7
tt0018718,tt0011756,-0.2
tt0018718,tt0011779,-0.1
tt0018718,tt0012754,-0.4
tt0018718,tt0012839,-0.1
tt0018718,tt0012843,0.3
tt0018718,tt0013606,-1.0
tt0018718,tt0014463,-0.2
tt0018718,tt0014503,-0.6
tt0018718,tt0014696,-0.1
tt0018718,tt0018548,-0.3
tt0018722,tt0005883,-0.3
tt0018722,tt0012350,-0.2
tt0018722,tt0014229,0.6
tt0018722,tt0014439,-1.1
tt0018722,tt0014563,0.5
tt0018722,tt0016300,0.3
tt0018722,tt0016690,0.5
tt0018722,tt0018513,0.9
tt0018722,tt0018638,0.1
tt0018725,tt0017882,0.5
tt0018725,tt0018715,0.5
tt0018727,tt0016643,0.1
tt0018727,tt0017222,0.7
tt0018727,tt0018164,0.8
tt0018727,tt0018903,-0.1
tt0018733,tt0011855,0.5
tt0018733,tt0013313,0.6
tt0018736,tt0017305,-1.8
tt0018736,tt0017626,-2.1
tt0018736,tt0018272,-1.5
tt0018736,tt0018479,0.4
tt0018738,tt0018508,0.6
tt0018739,tt0006011,0.4
tt0018739,tt0007702,0.7
tt0018739,tt0009677,0.1
tt0018739,tt0009878,0.4
tt0018739,tt0010622,0.4
tt0018739,tt0012386,0.2
tt0018739,tt0013342,0.9
tt0018739,tt0014762,0.7
tt0018739,tt0016814,0.4
tt0018740,tt0004272,-0.5
tt0018740,tt0005005,-0.1
tt0018740,tt0008353,0.8
tt0018740,tt0008476,-0.8
tt0018740,tt0016214,0.9
tt0018740,tt0016237,0.3
tt0018740,tt0017218,0.6
tt0018746,tt0015713,-0.2
tt0018746,tt0015720,0.8
tt0018746,tt0015777,0.4
tt0018746,tt0017366,-0.5
tt0018746,tt0018312,-0.8
tt0018748,tt0007664,-0.7
tt0018748,tt0008175,0.4
tt0018748,tt0008389,0.8
tt0018748,tt0013724,0.4
tt0018748,tt0016615,0.7
tt0018748,tt0017599,-0.9
tt0018749,tt0009159,0.3
tt0018749,tt0009929,0.5
tt0018749,tt0010964,-0.1
tt0018749,tt0011738,0.8
tt0018749,tt0014164,0.5
tt0018749,tt0018893,-0.2
tt0018751,tt0017995,0.9
tt0018752,tt0009915,-1.0
tt0018752,tt0010112,0.3
tt0018752,tt0010195,-0.5
tt0018752,tt0010987,-0.2
tt0018752,tt0011127,-0.2
tt0018752,tt0013455,-0.7
tt0018752,tt0013795,-0.4
tt0018752,tt0013824,-0.3
tt0018752,tt0015180,0.0
tt0018752,tt0015467,-2.0
tt0018752,tt0015547,0.0
tt0018752,tt0015572,-1.0
tt0018752,tt0016301,-1.2
tt0018752,tt0016823,0.0
tt0018754,tt0009279,-1.2
tt0018754,tt0010158,-2.5
tt0018754,tt0015442,-2.8
tt0018754,tt0015919,-2.2
tt0018754,tt0018487,-1.6
tt0018756,tt0016230,0.7
tt0018756,tt0017075,-0.9
tt0018756,tt0017825,0.4
tt0018756,tt0018328,0.3
tt0018756,tt0018876,0.6
tt0018761,tt0018484,0.7
tt0018767,tt0004052,-2.2
tt0018767,tt0008491,-0.5
tt0018767,tt0009325,-0.7
tt0018767,tt0011812,-0.4
tt0018767,tt0013236,-1.4
tt0018767,tt0013491,-0.1
tt0018767,tt0014845,-1.4
tt0018767,tt0015813,-0.8
tt0018767,tt0016213,-3.3
tt0018767,tt0016508,-1.5
tt0018767,tt0016573,-0.6
tt0018767,tt0016749,-1.0
tt0018767,tt0017080,-1.0
tt0018767,tt0017316,-2.7
tt0018767,tt0017325,-1.5
tt0018767,tt0017327,-0.2
tt0018767,tt0017504,-0.2
tt0018767,tt0018313,-1.2
tt0018767,tt0018464,-0.5
tt0018767,tt0018565,-1.9
tt0018767,tt0018831,-0.2
tt0018770,tt0013933,0.8
tt0018771,tt0014365,0.2
tt0018772,tt0012636,-2.4
tt0018772,tt0014042,-2.1
tt0018772,tt0014543,-0.6
tt0018772,tt0016038,-1.6
tt0018772,tt0016881,-1.5
tt0018772,tt0017339,0.5
tt0018772,tt0017534,-2.0
tt0018772,tt0017714,-1.1
tt0018772,tt0018413,-1.0
tt0018772,tt0018440,-1.8
tt0018772,tt0018742,-3.4
tt0018773,tt0012349,0.9
tt0018778,tt0010010,-1.1
tt0018778,tt0011098,-1.6
tt0018778,tt0011793,0.4
tt0018778,tt0018454,-0.2
tt0018792,tt0007248,-0.3
tt0018792,tt0009118,-0.8
tt0018792,tt0010315,-0.2
tt0018792,tt0010719,-0.1
tt0018792,tt0011929,-0.2
tt0018792,tt0011990,-0.2
tt0018792,tt0012591,0.5
tt0018792,tt0013658,-0.3
tt0018792,tt0015163,-0.7
tt0018792,tt0015758,0.0
tt0018792,tt0017586,-0.3
tt0018792,tt0017829,-0.7
tt0018792,tt0017877,0.6
tt0018792,tt0018532,0.1
tt0018794,tt0004112,0.4
tt0018794,tt0017105,0.6
tt0018794,tt0017726,0.5
tt0018794,tt0017772,0.9
tt0018794,tt0018197,0.0
tt0018795,tt0016628,0.5
tt0018795,tt0018471,0.7
tt0018797,tt0005974,0.6
tt0018797,tt0009204,0.7
tt0018797,tt0012298,0.9
tt0018797,tt0014365,-1.1
tt0018797,tt0014927,-0.2
tt0018797,tt0016480,0.6
tt0018797,tt0016534,0.9
tt0018797,tt0017687,0.8
tt0018797,tt0018771,-0.3
tt0018813,tt0014284,0.7
tt0018816,tt0014839,0.8
tt0018816,tt0018127,-0.1
tt0018818,tt0016871,0.9
tt0018818,tt0017685,0.9
tt0018818,tt0018584,0.1
tt0018822,tt0016276,-0.2
tt0018822,tt0017165,-1.1
tt0018826,tt0015214,0.7
tt0018831,tt0004052,-1.0
tt0018831,tt0008491,0.7
tt0018831,tt0009325,0.5
tt0018831,tt0011812,0.8
tt0018831,tt0013236,-0.2
tt0018831,tt0014845,-0.2
tt0018831,tt0015813,0.4
tt0018831,tt0016213,-2.1
tt0018831,tt0016508,-0.3
tt0018831,tt0016573,0.6
tt0018831,tt0016749,0.2
tt0018831,tt0017080,0.2
tt0018831,tt0017316,-1.5
tt0018831,tt0017325,-0.3
tt0018831,tt0018313,0.0
tt0018831,tt0018464,0.7
tt0018831,tt0018565,-0.7
tt0018836,tt0003150,0.8
tt0018836,tt0006108,0.1
tt0018836,tt0008663,0.7
tt0018836,tt0008879,0.8
tt0018836,tt0010298,0.8
tt0018836,tt0011499,0.7
tt0018836,tt0012364,0.0
tt0018836,tt0013452,0.4
tt0018836,tt0014972,0.3
tt0018836,tt0016446,0.4
tt0018836,tt0017350,0.4
tt0018844,tt0005903,0.5
tt0018844,tt0006241,0.0
tt0018844,tt0016559,0.9
tt0018844,tt0017293,0.7
tt0018844,tt0017418,0.9
tt0018844,tt0017748,0.7
tt0018846,tt0017662,0.3
tt0018849,tt0016310,-0.2
tt0018849,tt0016833,0.7
tt0018849,tt0018526,-1.1
tt0018849,tt0018839,-1.1
tt0018850,tt0009354,-3.2
tt0018850,tt0009789,-2.7
tt0018850,tt0010045,-2.0
tt0018850,tt0010215,-3.2
tt0018850,tt0011170,-2.5
tt0018850,tt0011257,-2.6
tt0018850,tt0011288,-1.6
tt0018850,tt0011439,-3.6
tt0018850,tt0011679,-2.3
tt0018850,tt0011877,-2.7
tt0018850,tt0012752,-3.5
tt0018850,tt0012952,-2.9
tt0018850,tt0015268,-3.8
tt0018850,tt0015413,-2.9
tt0018850,tt0016641,-4.4
tt0018850,tt0017449,-3.5
tt0018850,tt0017731,-1.9
tt0018850,tt0017806,-1.5
tt0018850,tt0017850,-4.1
tt0018851,tt0015290,-0.3
tt0018851,tt0015745,0.7
tt0018851,tt0016642,0.7
tt0018851,tt0017010,0.9
tt0018853,tt0002305,-1.2
tt0018853,tt0003838,0.6
tt0018853,tt0004223,0.2
tt0018853,tt0004854,0.2
tt0018853,tt0005600,0.9
tt0018853,tt0005719,0.7
tt0018853,tt0006592,0.5
tt0018853,tt0006688,0.0
tt0018853,tt0007368,0.1
tt0018853,tt0008031,0.9
tt0018853,tt0012937,0.4
tt0018853,tt0014689,0.5
tt0018853,tt0016097,0.6
tt0018853,tt0018646,-0.9
tt0018854,tt0003167,0.9
tt0018854,tt0003643,0.2
tt0018854,tt0003665,0.3
tt0018854,tt0003890,0.8
tt0018854,tt0004181,0.4
tt0018854,tt0004972,0.5
tt0018854,tt0006864,-1.0
tt0018854,tt0009109,0.3
tt0018854,tt0009130,-0.2
tt0018854,tt0009133,-0.6
tt0018854,tt0009150,0.1
tt0018854,tt0009559,0.4
tt0018854,tt0009968,-0.6
tt0018854,tt0010108,-0.1
tt0018854,tt0010193,0.6
tt0018854,tt0010484,-0.4
tt0018854,tt0010806,-0.3
tt0018854,tt0011415,0.6
tt0018854,tt0011841,-0.7
tt0018854,tt0012532,-0.7
tt0018854,tt0014604,0.5
tt0018854,tt0014672,0.3
tt0018854,tt0015018,-0.2
tt0018854,tt0016308,0.0
tt0018854,tt0016420,0.6
tt0018854,tt0017419,0.3
tt0018854,tt0018678,0.1
tt0018855,tt0017926,-1.2
tt0018855,tt0018377,-1.1
tt0018861,tt0015980,-1.1
tt0018861,tt0016051,0.3
tt0018861,tt0016114,0.5
tt0018861,tt0016603,0.2
tt0018861,tt0017028,0.1
tt0018861,tt0017082,0.9
tt0018867,tt0004555,0.7
tt0018867,tt0007712,0.7
tt0018867,tt0009406,0.8
tt0018867,tt0016874,-1.1
tt0018867,tt0018179,0.2
tt0018867,tt0018618,0.3
tt0018870,tt0010635,0.8
tt0018870,tt0010835,0.1
tt0018870,tt0010929,-0.6
tt0018870,tt0012077,-0.3
tt0018870,tt0012114,0.3
tt0018870,tt0012202,-0.4
tt0018870,tt0012382,0.4
tt0018870,tt0013459,0.5
tt0018870,tt0013951,-0.1
tt0018870,tt0014137,-0.3
tt0018870,tt0014423,0.7
tt0018870,tt0014892,0.3
tt0018870,tt0015612,0.6
tt0018870,tt0016235,0.6
tt0018870,tt0016497,0.6
tt0018870,tt0017117,-0.3
tt0018870,tt0017226,-0.4
tt0018870,tt0017755,0.6
tt0018876,tt0017075,-0.5
tt0018876,tt0017825,0.8
tt0018876,tt0018328,0.7
tt0018879,tt0016854,0.7
tt0018879,tt0017328,0.0
tt0018879,tt0017778,0.7
tt0018879,tt0018247,0.7
tt0018879,tt0018633,-0.7
tt0018880,tt0003752,0.5
tt0018880,tt0005384,-0.2
tt0018880,tt0005416,0.8
tt0018880,tt0005809,-0.8
tt0018880,tt0005905,-1.1
tt0018880,tt0007684,0.3
tt0018880,tt0009615,-1.3
tt0018882,tt0017063,0.8
tt0018888,tt0015189,0.9
tt0018888,tt0016806,0.0
tt0018889,tt0011396,-0.3
tt0018889,tt0012788,-1.4
tt0018889,tt0014651,-1.4
tt0018889,tt0016226,-0.6
tt0018892,tt0012657,0.7
tt0018892,tt0017662,-0.3
tt0018892,tt0018846,0.4
tt0018896,tt0014040,0.9
tt0018896,tt0015577,0.7
tt0018896,tt0016548,0.7
tt0018896,tt0016935,0.5
tt0018896,tt0017382,0.7
tt0018896,tt0017411,0.8
tt0018896,tt0017698,0.0
tt0018906,tt0014211,-0.1
tt0018906,tt0014733,-0.1
tt0018908,tt0016019,0.3
tt0018909,tt0017463,0.7
tt0018910,tt0004555,-0.3
tt0018910,tt0007712,-0.3
tt0018910,tt0009406,-0.2
tt0018910,tt0016874,-2.1
tt0018910,tt0018179,-0.8
tt0018910,tt0018618,-0.7
tt0018910,tt0018867,0.0
