filme,ano,generos,nota,diretores
"'burbs, The",1989,Comedy,3.1149,Joe Dante
(500) Days of Summer,2009,"Comedy,Drama,Romance",3.7253,Marc Webb
*batteries not included,1987,"Children,Comedy,Fantasy,Sci-Fi",3.2448,Matthew Robbins
...And Justice for All,1979,"Drama,Thriller",3.6393,Norman Jewison
10 Cloverfield Lane,2016,Thriller,3.7146,Dan Trachtenberg
10 Things I Hate About You,1999,"Comedy,Romance",3.5331,Gil Junger
"10,000 BC",2008,"Adventure,Romance,Thriller",2.5312,Roland Emmerich
101 Dalmatians,1996,"Adventure,Children,Comedy",3.0324,Stephen Herek
101 Dalmatians (One Hundred and One Dalmatians),1961,"Adventure,Animation,Children",3.4368,Clyde Geronimi|Hamilton Luske|Wolfgang Reitherman
102 Dalmatians,2000,"Children,Comedy",2.3595,Kevin Lima
12 Angry Men,1957,Drama,4.243,Sidney Lumet
12 Years a Slave,2013,Drama,3.8832,Steve McQueen
127 Hours,2010,"Adventure,Drama,Thriller",3.615,Danny Boyle
13 Assassins (Jûsan-nin no shikaku),2010,Action,3.7012,Takashi Miike
13 Going on 30,2004,"Comedy,Fantasy,Romance",3.108,Gary Winick
13 Hours,2016,Drama,3.7309,Michael Bay
"13th Warrior, The",1999,"Action,Adventure,Fantasy",3.127,John McTiernan
1408,2007,"Drama,Horror,Thriller",3.3532,Mikael Håfström
15 Minutes,2001,Thriller,2.9692,John Herzfeld
16 Blocks,2006,"Crime,Thriller",3.2818,Richard Donner
17 Again,2009,"Comedy,Drama",3.0622,Burr Steers
1984 (Nineteen Eighty-Four),1984,"Drama,Sci-Fi",3.634,Michael Radford
2 Days in the Valley,1996,"Crime,Film-Noir",3.278,John Herzfeld
"2 Fast 2 Furious (Fast and the Furious 2, The)",2003,"Action,Crime,Thriller",2.5914,John Singleton
2 Guns,2013,"Action,Comedy,Crime",3.3458,Baltasar Kormákur
"20,000 Leagues Under the Sea",1954,"Adventure,Drama,Sci-Fi",3.5441,Richard Fleischer
200 Cigarettes,1999,"Comedy,Drama",2.9247,Risa Bramon Garcia
2001: A Space Odyssey,1968,"Adventure,Drama,Sci-Fi",3.9813,Stanley Kubrick
2010: The Year We Make Contact,1984,Sci-Fi,3.3865,Peter Hyams
2012,2009,"Action,Drama,Sci-Fi,Thriller",2.7336,Roland Emmerich
2046,2004,"Drama,Fantasy,Romance,Sci-Fi",3.6553,Wong Kar-Wai
21,2008,"Crime,Drama,Romance,Thriller",3.4965,Robert Luketic
21 Grams,2003,"Crime,Drama,Mystery,Romance,Thriller",3.6893,Alejandro G. Iñárritu
21 Jump Street,2012,"Action,Comedy,Crime",3.5976,Phil Lord|Christopher Miller
22 Jump Street,2014,"Action,Comedy,Crime",3.4989,Phil Lord|Christopher Miller
24 Hour Party People,2002,"Comedy,Drama,Musical",3.5772,Michael Winterbottom
25th Hour,2002,"Crime,Drama",3.8152,Spike Lee
27 Dresses,2008,"Comedy,Romance",3.1362,Anne Fletcher
28 Days,2000,Drama,3.0742,Betty Thomas
28 Days Later,2002,"Action,Horror,Sci-Fi",3.7556,Danny Boyle
28 Weeks Later,2007,"Horror,Sci-Fi,Thriller",3.4441,Juan Carlos Fresnadillo
3 Ninjas,1992,"Action,Children,Comedy",2.3337,Jon Turteltaub
30 Days of Night,2007,"Horror,Thriller",3.1268,David Slade
300,2007,"Action,Fantasy,War,IMAX",3.5675,Zack Snyder
3000 Miles to Graceland,2001,"Action,Thriller",2.7382,Demian Lichtenstein
300: Rise of an Empire,2014,"Action,Drama,War,IMAX",2.9799,Noam Murro
3:10 to Yuma,2007,"Action,Crime,Drama,Western",3.7316,James Mangold
40 Days and 40 Nights,2002,"Comedy,Romance",2.7792,Michael Lehmann
"40-Year-Old Virgin, The",2005,"Comedy,Romance",3.4576,Judd Apatow
"400 Blows, The (Les quatre cents coups)",1959,"Crime,Drama",4.1052,François Truffaut
47 Ronin,2013,"Action,Adventure,Fantasy",3.0841,Carl Rinsch
48 Hrs.,1982,"Action,Comedy,Crime,Drama",3.4856,Walter Hill
50 First Dates,2004,"Comedy,Romance",3.2868,Peter Segal
50/50,2011,"Comedy,Drama",3.7293,Jonathan Levine
54,1998,Drama,2.7913,Mark Christopher
"6th Day, The",2000,"Action,Sci-Fi,Thriller",2.9727,Roger Spottiswoode
8 1/2 (8½),1963,"Drama,Fantasy",4.0282,Federico Fellini
8 Heads in a Duffel Bag,1997,Comedy,2.6127,Tom Schulman
8 Mile,2002,Drama,3.2938,Curtis Hanson
8 Women,2002,"Comedy,Crime,Musical,Mystery",3.4353,François Ozon
88 Minutes,2008,"Crime,Drama,Mystery,Thriller",2.9117,Jon Avnet
8MM,1999,"Drama,Mystery,Thriller",2.98,Joel Schumacher
9,2009,"Adventure,Animation,Sci-Fi",3.4587,Shane Acker
9 1/2 Weeks (Nine 1/2 Weeks),1986,"Drama,Romance",2.9828,Adrian Lyne
A Million Ways to Die in the West,2014,"Comedy,Western",3.0042,Seth MacFarlane
A Quiet Place,2018,"Drama,Horror,Thriller",3.7351,John Krasinski
A Star Is Born,2018,"Drama,Romance",3.6056,Bradley Cooper
"A-Team, The",2010,"Action,Comedy,Thriller",3.2027,Joe Carnahan
A.I. Artificial Intelligence,2001,"Adventure,Drama,Sci-Fi",3.2766,Steven Spielberg
AVP: Alien vs. Predator,2004,"Action,Horror,Sci-Fi,Thriller",2.6266,Paul W.S. Anderson
AVPR: Aliens vs. Predator - Requiem,2007,"Action,Horror,Sci-Fi",2.4599,Colin Strause|Greg Strause
Abbott and Costello Meet Frankenstein,1948,"Comedy,Horror",3.4247,Charles Barton
About Last Night...,1986,"Comedy,Drama,Romance",3.0892,Edward Zwick
About Schmidt,2002,"Comedy,Drama",3.4487,Alexander Payne
About Time,2013,"Drama,Fantasy,Romance",3.9704,Richard Curtis
About a Boy,2002,"Comedy,Drama,Romance",3.6366,Chris Weitz|Paul Weitz
Abraham Lincoln: Vampire Hunter,2012,"Action,Fantasy,Horror,Thriller",2.8738,Timur Bekmambetov
"Absent-Minded Professor, The",1961,"Children,Comedy,Fantasy",3.3678,Robert Stevenson
Absolute Power,1997,"Mystery,Thriller",3.3454,Clint Eastwood
"Abyss, The",1989,"Action,Adventure,Sci-Fi,Thriller",3.6683,James Cameron
Accepted,2006,Comedy,3.2535,Steve Pink
"Accidental Tourist, The",1988,"Comedy,Drama,Romance",3.4387,Lawrence Kasdan
"Accused, The",1988,Drama,3.7158,Jonathan Kaplan
Ace Ventura: Pet Detective,1994,Comedy,2.9898,Tom Shadyac
Ace Ventura: When Nature Calls,1995,Comedy,2.6422,Steve Oedekerk
Across the Universe,2007,"Drama,Fantasy,Musical,Romance",3.5676,Julie Taymor
Adam's Apples (Adams æbler),2005,"Comedy,Drama",3.9061,Anders Thomas Jensen
Adam's Rib,1949,"Comedy,Romance",3.8734,George Cukor
Adaptation,2002,"Comedy,Drama,Romance",3.8352,Spike Jonze
Addams Family Values,1993,"Children,Comedy,Fantasy",3.0116,Barry Sonnenfeld
"Addams Family, The",1991,"Children,Comedy,Fantasy",3.2276,Barry Sonnenfeld
Addicted to Love,1997,"Comedy,Romance",3.1156,Griffin Dunne
"Adjustment Bureau, The",2011,"Romance,Sci-Fi,Thriller",3.5682,George Nolfi
Adventureland,2009,"Comedy,Drama",3.4092,Greg Mottola
Adventures in Babysitting,1987,"Adventure,Comedy",3.2362,Chris Columbus
"Adventures of Baron Munchausen, The",1988,"Adventure,Comedy,Fantasy",3.605,Terry Gilliam
"Adventures of Buckaroo Banzai Across the 8th Dimension, The",1984,"Adventure,Comedy,Sci-Fi",3.3642,W.D. Richter
"Adventures of Milo and Otis, The (Koneko monogatari)",1986,"Adventure,Children,Comedy,Drama",3.2536,Masanori Hata
"Adventures of Pinocchio, The",1996,"Adventure,Children",3.1184,Steve Barron
"Adventures of Priscilla, Queen of the Desert, The",1994,"Comedy,Drama",3.6421,Stephan Elliott
"Adventures of Robin Hood, The",1938,"Action,Adventure,Romance",3.8764,Michael Curtiz|William Keighley
"Adventures of Rocky and Bullwinkle, The",2000,"Adventure,Animation,Children,Comedy,Fantasy",2.2046,Des McAnuff
"Adventures of Tintin, The",2011,"Action,Animation,Mystery,IMAX",3.4614,Steven Spielberg
Aeon Flux,2005,"Action,Sci-Fi",2.917,Karyn Kusama
"Affair to Remember, An",1957,"Drama,Romance",3.8105,Leo McCarey
Affliction,1997,Drama,3.5592,Paul Schrader
"African Queen, The",1951,"Adventure,Comedy,Romance,War",4.0659,John Huston
After Earth,2013,"Action,Adventure,Sci-Fi,IMAX",2.3002,M. Night Shyamalan
After Hours,1985,"Comedy,Thriller",3.8382,Martin Scorsese
After the Sunset,2004,"Action,Adventure,Comedy,Crime,Thriller",3.1046,Brett Ratner
"Age of Innocence, The",1993,Drama,3.5596,Martin Scorsese
Agent Cody Banks,2003,"Action,Adventure,Children,Fantasy",2.4099,Harald Zwart
Agnes of God,1985,"Drama,Mystery",3.3563,Norman Jewison
"Aguirre: The Wrath of God (Aguirre, der Zorn Gottes)",1972,"Adventure,Drama",3.9747,Werner Herzog
Air America,1990,"Action,Comedy",2.7762,Roger Spottiswoode
Air Bud,1997,"Children,Comedy",2.3309,Charles Martin Smith
Air Force One,1997,"Action,Thriller",3.3048,Wolfgang Petersen
"Air Up There, The",1994,Comedy,2.6098,Paul Michael Glaser
Airheads,1994,Comedy,2.8109,Michael Lehmann
Airplane II: The Sequel,1982,Comedy,3.0679,Ken Finkleman
Airplane!,1980,Comedy,3.7992,Jim Abrahams|David Zucker|Jerry Zucker
Airport,1970,Drama,3.036,George Seaton
Akeelah and the Bee,2006,Drama,3.6506,Doug Atchison
Akira,1988,"Action,Adventure,Animation,Sci-Fi",3.907,Katsuhiro Ôtomo
Aladdin,1992,"Adventure,Animation,Children,Comedy,Musical",3.6988,Ron Clements|John Musker
Alexander,2004,"Action,Adventure,Drama,War",2.6123,Oliver Stone
Alfie,2004,"Comedy,Drama,Romance",2.9199,Charles Shyer
Ali,2001,Drama,3.1711,Michael Mann
Alice Through the Looking Glass,2016,"Adventure,Children,Fantasy",3.0774,James Bobin
Alien,1979,"Horror,Sci-Fi",4.0555,Ridley Scott
Alien Nation,1988,"Crime,Drama,Sci-Fi,Thriller",3.1524,Graham Baker
Alien: Covenant,2017,"Action,Horror,Sci-Fi,Thriller",3.1257,Ridley Scott
Alien: Resurrection,1997,"Action,Horror,Sci-Fi",3.0287,Jean-Pierre Jeunet
Aliens,1986,"Action,Adventure,Horror,Sci-Fi",3.9993,James Cameron
Alien³ (a.k.a. Alien 3),1992,"Action,Horror,Sci-Fi,Thriller",3.1122,David Fincher
Alive,1993,Drama,3.4267,Frank Marshall
All About Eve,1950,Drama,4.1697,Joseph L. Mankiewicz
All About My Mother (Todo sobre mi madre),1999,Drama,3.9832,Pedro Almodóvar
All Dogs Go to Heaven,1989,"Animation,Children,Comedy,Drama,Fantasy",3.0443,Don Bluth
All Dogs Go to Heaven 2,1996,"Adventure,Animation,Children,Fantasy,Musical,Romance",2.7239,Larry Leker|Paul Sabella
All Quiet on the Western Front,1930,"Action,Drama,War",3.9484,Lewis Milestone
All That Jazz,1979,"Drama,Fantasy,Musical",3.7587,Bob Fosse
All of Me,1984,"Comedy,Fantasy",3.5705,Carl Reiner
All the King's Men,1949,Drama,3.8978,Robert Rossen
All the President's Men,1976,"Drama,Thriller",4.0312,Alan J. Pakula
All the Pretty Horses,2000,"Drama,Romance,Western",2.8869,Billy Bob Thornton
Allan Quatermain and the Lost City of Gold,1987,"Action,Adventure,Comedy",2.2251,Gary Nelson
Allegiant: Part 1,2016,"Adventure,Sci-Fi",3.1513,Robert Schwentke
Almost Famous,2000,Drama,3.8337,Cameron Crowe
Along Came Polly,2004,"Comedy,Romance",2.9455,John Hamburg
Along Came a Spider,2001,"Action,Crime,Mystery,Thriller",3.2486,Lee Tamahori
Alpha Dog,2007,"Crime,Drama",3.2717,Nick Cassavetes
"Alphaville (Alphaville, une étrange aventure de Lemmy Caution)",1965,"Drama,Mystery,Romance,Sci-Fi,Thriller",3.555,Jean-Luc Godard
Altered States,1980,"Drama,Sci-Fi",3.4811,Ken Russell
Alvin and the Chipmunks,2007,"Children,Comedy",2.3167,Tim Hill
Always,1989,"Drama,Fantasy,Romance",3.2488,Steven Spielberg
Amadeus,1984,Drama,4.0696,Miloš Forman
Amarcord,1973,"Comedy,Drama",3.8872,Federico Fellini
Amateur,1994,"Crime,Drama,Thriller",3.6867,Hal Hartley
"Amazing Spider-Man, The",2012,"Action,Adventure,Sci-Fi,IMAX",3.2708,Marc Webb
Amazon Women on the Moon,1987,"Comedy,Sci-Fi",3.2847,John Landis|Joe Dante|Peter Horton|Carl Gottlieb
"Amelie (Fabuleux destin d'Amélie Poulain, Le)",2001,"Comedy,Romance",4.1013,Jean-Pierre Jeunet
America's Sweethearts,2001,"Comedy,Romance",2.8304,Joe Roth
American Beauty,1999,"Drama,Romance",4.1073,Sam Mendes
American Gangster,2007,"Crime,Drama,Thriller",3.7935,Ridley Scott
American Gigolo,1980,Drama,3.0612,Paul Schrader
American Graffiti,1973,"Comedy,Drama",3.7839,George Lucas
American History X,1998,"Crime,Drama",4.14,Tony Kaye
American Hustle,2013,"Crime,Drama",3.5439,David O. Russell
American Made,2017,"Crime,Thriller",3.6549,Doug Liman
American Pie,1999,"Comedy,Romance",3.282,Paul Weitz
American Pie 2,2001,Comedy,2.887,J.B. Rogers
"American President, The",1995,"Comedy,Drama,Romance",3.6572,Rob Reiner
American Psycho,2000,"Crime,Horror,Mystery,Thriller",3.6151,Mary Harron
American Reunion (American Pie 4),2012,Comedy,3.0901,Jon Hurwitz|Hayden Schlossberg
American Sniper,2014,"Action,War",3.484,Clint Eastwood
American Splendor,2003,"Comedy,Drama",3.7898,Shari Springer Berman|Robert Pulcini
"American Tail, An",1986,"Adventure,Animation,Children,Comedy",3.3696,Don Bluth
"American Tail: Fievel Goes West, An",1991,"Adventure,Animation,Children,Musical,Western",3.0305,Phil Nibbelink|Simon Wells
American Ultra,2015,"Action,Comedy,Sci-Fi,Thriller",3.2101,Nima Nourizadeh
American Wedding (American Pie 3),2003,Comedy,2.9037,Jesse Dylan
"American Werewolf in London, An",1981,"Comedy,Horror,Thriller",3.5829,John Landis
"American Werewolf in Paris, An",1997,"Comedy,Horror,Romance,Thriller",2.643,Anthony Waller
"American in Paris, An",1951,"Musical,Romance",3.7944,Vincente Minnelli
"American, The",2010,"Drama,Thriller",3.2077,Anton Corbijn
Amistad,1997,"Drama,Mystery",3.5841,Steven Spielberg
Amores Perros (Love's a Bitch),2000,"Drama,Thriller",3.995,Alejandro G. Iñárritu
Amour,2012,"Drama,Romance",3.8431,Michael Haneke
Anaconda,1997,"Action,Adventure,Thriller",2.0795,Luis Llosa
Analyze That,2002,"Comedy,Crime",2.8223,Harold Ramis
Analyze This,1999,Comedy,3.2473,Harold Ramis
Anastasia,1997,"Adventure,Animation,Children,Drama,Musical",3.4708,Don Bluth|Gary Goldman
Anatomy of a Murder,1959,"Drama,Mystery",4.0161,Otto Preminger
Anchorman 2: The Legend Continues,2013,Comedy,2.9685,Adam McKay
Anchorman: The Legend of Ron Burgundy,2004,Comedy,3.4906,Adam McKay
And Your Mother Too (Y tu mamá también),2001,"Drama,Romance",3.8688,Alfonso Cuarón
And the Band Played On,1993,Drama,3.812,Roger Spottiswoode
"Andromeda Strain, The",1971,"Mystery,Sci-Fi",3.6547,Robert Wise
Angel Eyes,2001,"Romance,Thriller",2.6949,Luis Mandoki
Angel Heart,1987,"Film-Noir,Horror,Mystery,Thriller",3.5694,Alan Parker
Angela's Ashes,1999,Drama,3.4944,Alan Parker
Angels & Demons,2009,"Crime,Drama,Mystery,Thriller",3.2628,Ron Howard
Angels and Insects,1995,"Drama,Romance",3.5268,Philip Haas
Angels in the Outfield,1994,"Children,Comedy",2.8242,William Dear
Anger Management,2003,Comedy,2.9423,Peter Segal
Angus,1995,Comedy,3.2535,Patrick Read Johnson
Animal Crackers,1930,"Comedy,Musical",3.9457,Victor Heerman
Animal House,1978,Comedy,3.792,John Landis
"Animal, The",2001,Comedy,2.1892,Luke Greenfield
"Animatrix, The",2003,"Action,Animation,Drama,Sci-Fi",3.6647,Yoshiaki Kawajiri|Peter Chung|Andrew R. Jones|Takeshi Koike
Anna and the King,1999,"Drama,Romance",3.391,Andy Tennant
Annie,1982,"Children,Musical",3.2015,John Huston
Annie Hall,1977,"Comedy,Romance",4.0425,Woody Allen
Annihilation,2018,"Adventure,Mystery,Sci-Fi,Thriller",3.5649,Alex Garland
"Anniversary Party, The",2001,Drama,3.4395,Jennifer Jason Leigh|Alan Cumming
Another 48 Hrs.,1990,"Action,Comedy,Crime,Drama,Thriller",2.7741,Walter Hill
Another Earth,2011,"Drama,Romance,Sci-Fi",3.5443,Mike Cahill
Another Stakeout,1993,"Comedy,Thriller",2.8084,John Badham
Ant-Man,2015,"Action,Adventure,Sci-Fi",3.5751,Peyton Reed
Ant-Man and the Wasp,2018,"Action,Adventure,Comedy,Fantasy,Sci-Fi",3.552,Peyton Reed
Antichrist,2009,"Drama,Fantasy",3.4453,Lars von Trier
Antitrust,2001,"Crime,Drama,Thriller",3.0759,Peter Howitt
Antonia's Line (Antonia),1995,"Comedy,Drama",3.9924,Marleen Gorris
Antwone Fisher,2002,Drama,3.6152,Denzel Washington
Antz,1998,"Adventure,Animation,Children,Comedy,Fantasy",3.2363,Eric Darnell|Tim Johnson
Any Given Sunday,1999,Drama,3.1868,Oliver Stone
Anywhere But Here,1999,"Comedy,Drama",3.0234,Wayne Wang
"Apartment, The",1960,"Comedy,Drama,Romance",4.0334,Billy Wilder
Apocalypse Now,1979,"Action,Drama,War",4.1147,Francis Ford Coppola
Apocalypto,2006,"Adventure,Drama,Thriller",3.6523,Mel Gibson
Apollo 13,1995,"Adventure,Drama,IMAX",3.8736,Ron Howard
"Apostle, The",1997,Drama,3.6922,Robert Duvall
"Apple Dumpling Gang, The",1975,"Children,Comedy,Western",2.9657,Norman Tokar
Appleseed (Appurushîdo),2004,"Action,Animation,Fantasy,Sci-Fi",3.4522,Shinji Aramaki
April Fool's Day,1986,Horror,2.8367,Fred Walton
Apt Pupil,1998,"Drama,Thriller",3.1037,Bryan Singer
Aquaman,2018,"Action,Fantasy,Sci-Fi",3.2143,James Wan
Arachnophobia,1990,"Comedy,Horror",2.7923,Frank Marshall
Argo,2012,"Drama,Thriller",3.7678,Ben Affleck
"Aristocats, The",1970,"Animation,Children",3.387,Wolfgang Reitherman
"Aristocrats, The",2005,"Comedy,Documentary",3.265,Penn Jillette|Paul Provenza
Arlington Road,1999,Thriller,3.4572,Mark Pellington
Armageddon,1998,"Action,Romance,Sci-Fi,Thriller",2.993,Michael Bay
Armed and Dangerous,1986,"Comedy,Crime",2.4994,Mark L. Lester
Armour of God II: Operation Condor (Operation Condor) (Fei ying gai wak),1991,"Action,Adventure,Comedy",3.3534,Jackie Chan
Army of Darkness,1993,"Action,Adventure,Comedy,Fantasy,Horror",3.733,Sam Raimi
Arrival,2016,Sci-Fi,4.0275,Denis Villeneuve
"Arrival, The",1996,"Action,Sci-Fi,Thriller",3.1646,David Twohy
Arsenic and Old Lace,1944,"Comedy,Mystery,Thriller",4.0401,Frank Capra
"Art of War, The",2000,"Action,Thriller",2.8906,Christian Duguay
Arthur,1981,"Comedy,Romance",3.3079,Steve Gordon
As Good as It Gets,1997,"Comedy,Drama,Romance",3.7749,James L. Brooks
"Asphalt Jungle, The",1950,"Crime,Film-Noir",3.8708,John Huston
Assassin's Creed,2016,"Action,Adventure,Sci-Fi",2.7261,Justin Kurzel
"Assassination of Jesse James by the Coward Robert Ford, The",2007,"Crime,Drama,Western",3.6614,Andrew Dominik
Assassins,1995,"Action,Crime,Thriller",3.1457,Richard Donner
"Associate, The",1996,Comedy,3.1795,Donald Petrie
"Astronaut's Wife, The",1999,"Horror,Sci-Fi,Thriller",2.4871,Rand Ravich
Atlantic City,1980,"Crime,Drama,Romance",3.8179,Louis Malle
Atlantis: The Lost Empire,2001,"Adventure,Animation,Children,Fantasy",3.3106,Gary Trousdale|Kirk Wise
Atomic Blonde,2017,Thriller,3.2946,David Leitch
Atonement,2007,"Drama,Romance,War",3.7408,Joe Wright
Attack the Block,2011,"Action,Comedy,Sci-Fi",3.4132,Joe Cornish
Au revoir les enfants,1987,Drama,3.9681,Louis Malle
Audition (Ôdishon),1999,"Drama,Horror,Mystery,Romance,Thriller",3.605,Takashi Miike
August Rush,2007,"Drama,Musical",3.5821,Kirsten Sheridan
Auntie Mame,1958,"Comedy,Drama",3.888,Morton DaCosta
Austin Powers in Goldmember,2002,Comedy,2.9527,Jay Roach
Austin Powers: International Man of Mystery,1997,"Action,Adventure,Comedy",3.4114,Jay Roach
Austin Powers: The Spy Who Shagged Me,1999,"Action,Adventure,Comedy",3.1937,Jay Roach
Australia,2008,"Adventure,Drama,War,Western",3.1748,Baz Luhrmann
Autumn in New York,2000,"Drama,Romance",2.3926,Joan Chen
Avatar,2009,"Action,Adventure,Sci-Fi,IMAX",3.6223,James Cameron
Avengers: Age of Ultron,2015,"Action,Adventure,Sci-Fi",3.5618,Joss Whedon
Avengers: Infinity War - Part I,2018,"Action,Adventure,Sci-Fi",3.9063,Anthony Russo|Joe Russo
Avengers: Infinity War - Part II,2019,"Action,Adventure,Sci-Fi",3.8973,Anthony Russo|Joe Russo
"Aviator, The",2004,Drama,3.6062,Martin Scorsese
Awakenings,1990,"Drama,Mystery",3.7868,Penny Marshall
Away We Go,2009,"Comedy,Drama,Romance",3.6514,Sam Mendes
BASEketball,1998,Comedy,3.0303,David Zucker
Babe,1995,"Children,Drama",3.6032,Chris Noonan
Babe: Pig in the City,1998,"Adventure,Children,Drama",2.9516,George Miller
Babel,2006,"Drama,Thriller",3.6319,Alejandro G. Iñárritu
Babes in Toyland,1961,"Children,Fantasy,Musical",2.9672,Jack Donohue
Babette's Feast (Babettes gæstebud),1987,Drama,3.9273,Gabriel Axel
Baby Driver,2017,"Action,Crime,Thriller",3.8033,Edgar Wright
Baby Geniuses,1999,Comedy,1.6993,Bob Clark
Baby Mama,2008,Comedy,3.0582,Michael McCullers
Babylon A.D.,2008,"Action,Adventure,Sci-Fi,Thriller",2.8861,Mathieu Kassovitz
"Babysitter, The",1995,"Drama,Thriller",2.7282,Guy Ferland
Bachelor Party,1984,Comedy,3.0502,Neal Israel
"Bachelor, The",1999,"Comedy,Romance",2.5143,Gary Sinyor
Back to School,1986,Comedy,3.0515,Alan Metter
Back to the Future,1985,"Adventure,Comedy,Sci-Fi",3.9539,Robert Zemeckis
Back to the Future Part II,1989,"Adventure,Comedy,Sci-Fi",3.5548,Robert Zemeckis
Back to the Future Part III,1990,"Adventure,Comedy,Sci-Fi,Western",3.3373,Robert Zemeckis
Backbeat,1993,"Drama,Musical",3.41,Iain Softley
Backdraft,1991,"Action,Drama",3.3174,Ron Howard
Bad Boys,1995,"Action,Comedy,Crime,Drama,Thriller",3.2755,Michael Bay
Bad Boys II,2003,"Action,Comedy,Crime,Thriller",3.1377,Michael Bay
Bad Company,2002,"Action,Comedy,Crime",2.8168,Joel Schumacher
Bad Education (La mala educación),2004,"Drama,Thriller",3.8031,Pedro Almodóvar
Bad Girls,1994,Western,2.6983,Jonathan Kaplan
Bad Lieutenant,1992,"Crime,Drama",3.3142,Abel Ferrara
Bad Lieutenant: Port of Call New Orleans,2009,"Crime,Drama",3.3969,Werner Herzog
"Bad News Bears, The",1976,Comedy,3.3991,Michael Ritchie
Bad Santa,2003,"Comedy,Crime",3.3327,Terry Zwigoff
"Bad Seed, The",1956,"Drama,Thriller",3.7156,Mervyn LeRoy
Bad Teacher,2011,Comedy,2.8431,Jake Kasdan
Badlands,1973,"Crime,Drama,Thriller",3.998,Terrence Malick
Balto,1995,"Adventure,Animation,Children",3.3335,Simon Wells
"Bamba, La",1987,Drama,3.2429,Luis Valdez
Bambi,1942,"Animation,Children,Drama",3.5004,James Algar|Samuel Armstrong|David Hand|Graham Heid
Bananas,1971,"Comedy,War",3.7171,Woody Allen
Band of Brothers,2001,"Action,Drama,War",4.3986,
Bandits,2001,"Comedy,Crime,Romance",3.3289,Barry Levinson
"Bank Job, The",2008,"Action,Crime,Thriller",3.6039,Roger Donaldson
Barb Wire,1996,"Action,Sci-Fi",2.0991,David Hogan
Barbarella,1968,"Adventure,Comedy,Sci-Fi",2.9683,Roger Vadim
"Barbarian Invasions, The (Les invasions barbares)",2003,"Comedy,Crime,Drama,Mystery,Romance",3.834,Denys Arcand
Barbershop,2002,Comedy,3.1116,Tim Story
Barcelona,1994,"Comedy,Romance",3.5206,Whit Stillman
Barefoot in the Park,1967,Comedy,3.5694,Gene Saks
Barry Lyndon,1975,"Drama,Romance,War",3.8454,Stanley Kubrick
Barton Fink,1991,"Drama,Thriller",3.8284,Joel Coen
Basic,2003,"Drama,Thriller,War",3.1901,John McTiernan
Basic Instinct,1992,"Crime,Mystery,Thriller",3.3508,Paul Verhoeven
"Basketball Diaries, The",1995,Drama,3.5834,Scott Kalvert
Basquiat,1996,Drama,3.4915,Julian Schnabel
Batman & Robin,1997,"Action,Adventure,Fantasy,Thriller",2.1601,Joel Schumacher
Batman Begins,2005,"Action,Crime,IMAX",3.93,Christopher Nolan
Batman Forever,1995,"Action,Adventure,Comedy,Crime",2.8717,Joel Schumacher
Batman Returns,1992,"Action,Crime",3.1304,Tim Burton
Batman v Superman: Dawn of Justice,2016,"Action,Adventure,Fantasy,Sci-Fi",2.7718,Zack Snyder
Batman: Mask of the Phantasm,1993,"Animation,Children",3.5062,Kevin Altieri|Boyd Kirkland|Frank Paur|Dan Riba
Battle Royale (Batoru rowaiaru),2000,"Action,Drama,Horror,Thriller",3.7914,Kinji Fukasaku
Battle for the Planet of the Apes,1973,"Action,Sci-Fi",2.7702,J. Lee Thompson
Battle: Los Angeles,2011,"Action,Sci-Fi,War",2.7517,Jonathan Liebesman
Battlefield Earth,2000,"Action,Sci-Fi",1.5784,Roger Christian
Battleship,2012,"Action,Sci-Fi,Thriller,IMAX",2.7206,Peter Berg
Be Cool,2005,"Comedy,Crime,Musical",2.7411,F. Gary Gray
Be Kind Rewind,2008,Comedy,3.1696,Michel Gondry
"Beach, The",2000,"Adventure,Drama",3.0795,Danny Boyle
Beaches,1988,"Comedy,Drama,Musical",3.1681,Garry Marshall
Bean,1997,Comedy,2.7986,Mel Smith
"Bear, The (Ours, L')",1988,"Adventure,Children,Drama",3.456,Jean-Jacques Annaud
"Beastmaster, The",1982,"Action,Adventure,Fantasy",2.8754,Don Coscarelli
Beasts of the Southern Wild,2012,"Drama,Fantasy",3.6813,Benh Zeitlin
"Beautician and the Beast, The",1997,"Comedy,Romance",2.4305,Ken Kwapis
Beautiful Girls,1996,"Comedy,Drama,Romance",3.5279,Ted Demme
"Beautiful Mind, A",2001,"Drama,Romance",3.9611,Ron Howard
Beauty and the Beast (La belle et la bête),1946,"Drama,Fantasy",3.9163,Jean Cocteau
Beauty of the Day (Belle de jour),1967,Drama,3.7868,Luis Buñuel
Beavis and Butt-Head Do America,1996,"Adventure,Animation,Comedy,Crime",2.962,Mike de Seve|Yvette Kaplan|Geoffrey Johnson|Brian Mulroney
Becoming Jane,2007,"Drama,Romance",3.5573,Julian Jarrold
Bed of Roses,1996,"Drama,Romance",3.2881,Michael Goldenberg
Bedazzled,2000,Comedy,2.8922,Harold Ramis
Bedknobs and Broomsticks,1971,"Adventure,Children,Musical",3.3462,Ward Kimball|Robert Stevenson
Bedtime Stories,2008,"Adventure,Children,Comedy",3.0606,Adam Shankman
Bee Movie,2007,"Animation,Comedy",2.7767,Simon J. Smith|Steve Hickner
Beerfest,2006,Comedy,3.0643,Jay Chandrasekhar
Beethoven,1992,"Children,Comedy,Drama",2.5595,Brian Levant
Beethoven's 2nd,1993,"Children,Comedy",2.0188,Rod Daniel
Beetlejuice,1988,"Comedy,Fantasy",3.5006,Tim Burton
Before Midnight,2013,"Drama,Romance",3.946,Richard Linklater
Before Night Falls,2000,Drama,3.7097,Julian Schnabel
Before Sunrise,1995,"Drama,Romance",3.9148,Richard Linklater
Before Sunset,2004,"Drama,Romance",3.9718,Richard Linklater
Before and After,1996,"Drama,Mystery",3.101,Barbet Schroeder
Before the Devil Knows You're Dead,2007,"Crime,Drama,Thriller",3.5631,Sidney Lumet
Before the Rain (Pred dozhdot),1994,"Drama,War",4.027,Milcho Manchevski
Begin Again,2013,"Comedy,Romance",3.7378,John Carney
Beginners,2010,Drama,3.7039,Mike Mills
Behind Enemy Lines,2001,"Action,Drama,War",3.2182,John Moore
Being John Malkovich,1999,"Comedy,Drama,Fantasy",3.9335,Spike Jonze
Being There,1979,"Comedy,Drama",3.9737,Hal Ashby
"Believer, The",2001,Drama,3.7029,Henry Bean
"Bell, Book and Candle",1958,"Comedy,Fantasy,Romance",3.6685,Richard Quine
Ben-Hur,1959,"Action,Adventure,Drama",3.8208,William Wyler
Bend It Like Beckham,2002,"Comedy,Drama,Romance",3.4626,Gurinder Chadha
Beneath the Planet of the Apes,1970,"Action,Sci-Fi",2.899,Ted Post
Benny & Joon,1993,"Comedy,Romance",3.5323,Jeremiah S. Chechik
Beowulf,2007,"Action,Adventure,Animation,Fantasy,IMAX",2.8703,Robert Zemeckis
"Best Exotic Marigold Hotel, The",2011,"Comedy,Drama",3.7137,John Madden
"Best Years of Our Lives, The",1946,"Drama,War",4.077,William Wyler
Best in Show,2000,Comedy,3.8169,Christopher Guest
Better Off Dead...,1985,"Comedy,Romance",3.8281,Savage Steve Holland
"Beverly Hillbillies, The",1993,Comedy,2.4867,Penelope Spheeris
Beverly Hills Cop,1984,"Action,Comedy,Crime,Drama",3.5718,Martin Brest
Beverly Hills Cop II,1987,"Action,Comedy,Crime,Thriller",3.1098,Tony Scott
Beverly Hills Cop III,1994,"Action,Comedy,Crime,Thriller",2.7501,John Landis
Beverly Hills Ninja,1997,"Action,Comedy",2.5478,Dennis Dugan
Bewitched,2005,"Comedy,Fantasy,Romance",2.5525,Nora Ephron
Beyond Rangoon,1995,"Adventure,Drama,War",3.4084,John Boorman
Bicentennial Man,1999,"Drama,Romance,Sci-Fi",3.1496,Chris Columbus
Big,1988,"Comedy,Drama,Fantasy,Romance",3.617,Penny Marshall
"Big Blue, The (Grand bleu, Le)",1988,"Adventure,Drama,Romance",3.8102,Luc Besson
"Big Chill, The",1983,"Comedy,Drama",3.7249,Lawrence Kasdan
Big Daddy,1999,Comedy,3.1084,Dennis Dugan
"Big Easy, The",1987,"Action,Crime,Mystery,Romance,Thriller",3.5651,Jim McBride
Big Fat Liar,2002,"Children,Comedy",2.7259,Shawn Levy
Big Fish,2003,"Drama,Fantasy,Romance",3.7986,Tim Burton
"Big Green, The",1995,"Children,Comedy",2.8411,Holly Goldberg Sloan
Big Hero 6,2014,"Action,Animation,Comedy",3.8796,Chris Williams|Don Hall
"Big Hit, The",1998,"Action,Comedy,Crime",3.0128,Kirk Wong
"Big Kahuna, The",2000,"Comedy,Drama",3.2895,John Swanbeck
"Big Lebowski, The",1998,"Comedy,Crime",3.9744,Joel Coen
Big Momma's House,2000,Comedy,2.3548,Raja Gosnell
Big Night,1996,"Comedy,Drama",4.0039,Campbell Scott|Stanley Tucci
"Big Short, The",2015,Drama,4.0271,Adam McKay
"Big Sleep, The",1946,"Crime,Film-Noir,Mystery",4.16,Howard Hawks
Big Top Pee-Wee,1988,"Adventure,Children,Comedy",2.4419,Randal Kleiser
Big Trouble in Little China,1986,"Action,Adventure,Comedy,Fantasy",3.4902,John Carpenter
Bill & Ted's Bogus Journey,1991,"Adventure,Comedy,Fantasy,Sci-Fi",3.0034,Peter Hewitt
Bill & Ted's Excellent Adventure,1989,"Adventure,Comedy,Sci-Fi",3.3879,Stephen Herek
"Bill Cosby, Himself",1983,"Comedy,Documentary",3.8538,Bill Cosby
Billy Elliot,2000,Drama,3.7804,Stephen Daldry
Billy Madison,1995,Comedy,3.2408,Tamra Davis
Biloxi Blues,1988,"Comedy,Drama",3.3483,Mike Nichols
Bio-Dome,1996,Comedy,2.3703,Jason Bloom
Bird Box,2018,"Drama,Sci-Fi,Thriller",3.2749,Susanne Bier
Bird on a Wire,1990,"Action,Comedy,Romance",2.7187,John Badham
"Birdcage, The",1996,Comedy,3.5102,Mike Nichols
Birdman: Or (The Unexpected Virtue of Ignorance),2014,"Comedy,Drama",3.7312,Alejandro G. Iñárritu
"Birds, The",1963,"Horror,Thriller",3.745,Alfred Hitchcock
Birdy,1984,"Drama,War",3.7981,Alan Parker
Bitter Moon,1992,"Drama,Film-Noir,Romance",3.447,Roman Polanski
BlacKkKlansman,2018,"Comedy,Crime,Drama",3.7065,Spike Lee
Black Beauty,1994,"Adventure,Children,Drama",3.2872,Caroline Thompson
Black Book (Zwartboek),2006,"Drama,Thriller,War",3.8046,Paul Verhoeven
"Black Cauldron, The",1985,"Adventure,Animation,Children,Fantasy",3.1972,Ted Berman|Richard Rich
"Black Dahlia, The",2006,"Crime,Drama,Mystery,Thriller",2.7378,Brian De Palma
Black Hawk Down,2001,"Action,Drama,War",3.6828,Ridley Scott
"Black Hole, The",1979,"Children,Sci-Fi",2.8289,Gary Nelson
Black Knight,2001,"Adventure,Comedy,Fantasy",2.3485,Gil Junger
Black Mass,2015,"Crime,Drama",3.3375,Scott Cooper
Black Mirror: Bandersnatch,2018,"Drama,Mystery,Sci-Fi,Thriller",3.4742,David Slade
Black Panther,2017,"Action,Adventure,Sci-Fi",3.647,Ryan Coogler
Black Rain,1989,"Action,Crime,Drama",3.1173,Ridley Scott
Black Sheep,1996,Comedy,3.1072,Penelope Spheeris
Black Snake Moan,2006,Drama,3.3504,Craig Brewer
"Black Stallion, The",1979,"Adventure,Children,Drama",3.6126,Carroll Ballard
Black Swan,2010,"Drama,Thriller",3.7859,Darren Aronofsky
Blade,1998,"Action,Horror,Thriller",3.3632,Stephen Norrington
Blade II,2002,"Action,Horror,Thriller",3.1195,Guillermo del Toro
Blade Runner,1982,"Action,Sci-Fi,Thriller",4.1158,Ridley Scott
Blade Runner 2049,2017,Sci-Fi,3.9148,Denis Villeneuve
Blade: Trinity,2004,"Action,Fantasy,Horror,Thriller",2.9362,David S. Goyer
Blades of Glory,2007,"Comedy,Romance",3.0266,Josh Gordon|Will Speck
Blame It on Rio,1984,"Comedy,Romance",2.6376,Stanley Donen
Blank Check,1994,"Children,Comedy",2.3429,Rupert Wainwright
Blast from the Past,1999,"Comedy,Romance",3.2114,Hugh Wilson
Blazing Saddles,1974,"Comedy,Western",3.8609,Mel Brooks
Blind Date,1987,"Comedy,Romance",2.6606,Blake Edwards
"Blind Side, The",2009,Drama,3.7241,John Lee Hancock
"Blind Swordsman: Zatoichi, The (Zatôichi)",2003,"Action,Comedy,Crime,Drama",3.764,Takeshi Kitano
Blink,1994,Thriller,3.2335,Michael Apted
Blood Diamond,2006,"Action,Adventure,Crime,Drama,Thriller,War",3.8445,Edward Zwick
Blood Simple,1984,"Crime,Drama,Film-Noir",3.9991,Joel Coen
Blood Work,2002,"Crime,Drama,Mystery,Thriller",3.0585,Clint Eastwood
Bloodsport,1988,Action,3.1901,Newt Arnold
Bloodsport 2 (a.k.a. Bloodsport II: The Next Kumite),1996,Action,2.505,Alan Mehrez
Blow,2001,"Crime,Drama",3.7359,Ted Demme
Blow Out,1981,"Mystery,Thriller",3.5746,Brian De Palma
Blow-Up (Blowup),1966,"Drama,Mystery",3.8376,Michelangelo Antonioni
Blown Away,1994,"Action,Thriller",2.9991,Stephen Hopkins
"Blue Angel, The (Blaue Engel, Der)",1930,Drama,3.8891,Josef von Sternberg
Blue Crush,2002,"Adventure,Drama,Romance",2.9384,John Stockwell
Blue Jasmine,2013,Drama,3.6071,Woody Allen
"Blue Lagoon, The",1980,"Adventure,Drama,Romance",2.5261,Randal Kleiser
Blue Ruin,2013,Thriller,3.7347,Jeremy Saulnier
Blue Streak,1999,Comedy,3.0772,Les Mayfield
Blue Valentine,2010,"Drama,Romance",3.6833,Derek Cianfrance
Blue Velvet,1986,"Drama,Mystery,Thriller",3.8498,David Lynch
Blue in the Face,1995,"Comedy,Drama",3.5089,Paul Auster|Harvey Wang|Wayne Wang
Blues Brothers 2000,1998,"Action,Comedy,Musical",2.5463,John Landis
"Blues Brothers, The",1980,"Action,Comedy,Musical",3.8002,John Landis
Bob Roberts,1992,Comedy,3.7047,Tim Robbins
Body Heat,1981,"Crime,Thriller",3.9271,Lawrence Kasdan
Body Snatchers,1993,"Horror,Sci-Fi,Thriller",3.1091,Abel Ferrara
Body of Lies,2008,"Action,Drama,Thriller",3.5795,Ridley Scott
"Bodyguard, The",1992,"Drama,Romance,Thriller",2.7967,Mick Jackson
Bohemian Rhapsody,2018,Drama,3.7252,Bryan Singer
Boiler Room,2000,"Crime,Drama,Thriller",3.4902,Ben Younger
Bolt,2008,"Action,Adventure,Animation,Children,Comedy",3.3221,Byron Howard|Chris Williams
"Bone Collector, The",1999,Thriller,3.304,Phillip Noyce
Bonfire of the Vanities,1990,"Comedy,Crime,Drama",2.4606,Brian De Palma
Bonnie and Clyde,1967,"Crime,Drama",3.8729,Arthur Penn
Boogie Nights,1997,Drama,3.7045,Paul Thomas Anderson
"Book Thief, The",2013,"Children,Drama,War",3.7604,Brian Percival
"Book of Eli, The",2010,"Action,Adventure,Drama",3.4599,Albert Hughes|Allen Hughes
Book of Shadows: Blair Witch 2,2000,"Crime,Horror,Mystery,Thriller",1.9926,Joe Berlinger
Boomerang,1992,"Comedy,Romance",2.8594,Reginald Hudlin
"Boondock Saints II: All Saints Day, The",2009,"Action,Crime,Drama,Thriller",3.2111,Troy Duffy
"Boondock Saints, The",2000,"Action,Crime,Drama,Thriller",3.8807,Troy Duffy
"Boot, Das (Boat, The)",1981,"Action,Drama,War",4.1271,Wolfgang Petersen
Booty Call,1997,"Comedy,Romance",2.5521,Jeff Pollack
Borat: Cultural Learnings of America for Make Benefit Glorious Nation of Kazakhstan,2006,Comedy,3.3623,Larry Charles
Born Yesterday,1950,Comedy,3.8736,George Cukor
Born on the Fourth of July,1989,"Drama,War",3.4402,Oliver Stone
"Borrowers, The",1997,"Adventure,Children,Comedy,Fantasy",3.0096,Peter Hewitt
Bottle Rocket,1996,"Adventure,Comedy,Crime,Romance",3.7674,Wes Anderson
Bounce,2000,"Drama,Romance",2.9277,Don Roos
Bound,1996,"Crime,Drama,Romance,Thriller",3.7172,Lilly Wachowski|Lana Wachowski
"Bounty Hunter, The",2010,"Action,Comedy,Romance",2.904,Andy Tennant
"Bourne Identity, The",2002,"Action,Mystery,Thriller",3.9088,Doug Liman
"Bourne Legacy, The",2012,"Action,Adventure,Drama,Thriller,IMAX",3.4595,Tony Gilroy
"Bourne Supremacy, The",2004,"Action,Crime,Thriller",3.8544,Paul Greengrass
"Bourne Ultimatum, The",2007,"Action,Crime,Thriller",3.9194,Paul Greengrass
Bowfinger,1999,Comedy,3.0771,Frank Oz
"Box, The",2009,"Drama,Horror,Mystery,Sci-Fi,Thriller",2.7912,Richard Kelly
Boxing Helena,1993,"Drama,Mystery,Romance,Thriller",2.5481,Jennifer Lynch
"Boy Who Could Fly, The",1986,"Drama,Fantasy",3.0955,Nick Castle
"Boy in the Striped Pajamas, The (Boy in the Striped Pyjamas, The)",2008,"Drama,War",3.8143,Mark Herman
Boyhood,2014,Drama,3.7971,Richard Linklater
Boys Don't Cry,1999,Drama,3.7937,Kimberly Peirce
"Boys from Brazil, The",1978,"Action,Mystery,Thriller",3.5356,Franklin J. Schaffner
Boys on the Side,1995,"Comedy,Drama",3.2858,Herbert Ross
Boyz N the Hood,1991,"Crime,Drama",3.7648,John Singleton
"Brady Bunch Movie, The",1995,Comedy,2.6617,Betty Thomas
Brassed Off,1996,"Comedy,Drama,Romance",3.5575,Mark Herman
Brave,2012,"Action,Adventure,Animation,Children",3.5274,Mark Andrews|Brenda Chapman
"Brave Little Toaster, The",1987,"Animation,Children",3.4218,Jerry Rees
Braveheart,1995,"Action,Drama,War",4.0023,Mel Gibson
Brazil,1985,"Fantasy,Sci-Fi",4.0143,Terry Gilliam
Breach,2007,"Drama,Thriller",3.5898,Billy Ray
"Break-Up, The",2006,"Comedy,Drama,Romance",2.8638,Peyton Reed
Breakdown,1997,"Action,Thriller",3.3133,Jonathan Mostow
Breaker Morant,1980,"Drama,War",4.0346,Bruce Beresford
"Breakfast Club, The",1985,"Comedy,Drama",3.8348,John Hughes
Breakfast at Tiffany's,1961,"Drama,Romance",3.8265,Blake Edwards
Breaking Away,1979,"Comedy,Drama",3.9958,Peter Yates
Breaking the Waves,1996,"Drama,Mystery",3.8384,Lars von Trier
Breathless (À bout de souffle),1960,"Crime,Drama,Romance",3.9556,
Brewster's Millions,1985,Comedy,3.0673,Walter Hill
Brick,2005,"Crime,Drama,Film-Noir,Mystery",3.7881,Rian Johnson
Bride Wars,2009,"Comedy,Romance",2.9038,Gary Winick
Bride of Chucky (Child's Play 4),1998,"Comedy,Horror,Thriller",2.1741,Ronny Yu
"Bride of Frankenstein, The (Bride of Frankenstein)",1935,"Drama,Horror,Sci-Fi",3.7448,James Whale
Bridesmaids,2011,Comedy,3.5011,Paul Feig
"Bridge Too Far, A",1977,"Action,Drama,War",3.7304,Richard Attenborough
Bridge of Spies,2015,"Drama,Thriller",3.7823,Steven Spielberg
"Bridge on the River Kwai, The",1957,"Adventure,Drama,War",4.0951,David Lean
Bridge to Terabithia,2007,"Adventure,Children,Fantasy",3.4234,Gabor Csupo
"Bridges of Madison County, The",1995,"Drama,Romance",3.3332,Clint Eastwood
Bridget Jones's Diary,2001,"Comedy,Drama,Romance",3.3869,Sharon Maguire
Bridget Jones: The Edge of Reason,2004,"Comedy,Drama,Romance",3.0114,Beeban Kidron
Brief Encounter,1946,"Drama,Romance",3.969,David Lean
Bright,2017,"Action,Crime,Fantasy",2.986,David Ayer
Brighton Beach Memoirs,1986,Comedy,3.4591,Gene Saks
Bring It On,2000,Comedy,3.0383,Peyton Reed
Bringing Down the House,2003,Comedy,2.7312,Adam Shankman
Bringing Out the Dead,1999,Drama,3.1824,Martin Scorsese
Bringing Up Baby,1938,"Comedy,Romance",4.0184,Howard Hawks
Broadcast News,1987,"Comedy,Drama,Romance",3.6965,James L. Brooks
Brokeback Mountain,2005,"Drama,Romance",3.5897,Ang Lee
Brokedown Palace,1999,Drama,2.9876,Jonathan Kaplan
Broken Arrow,1996,"Action,Adventure,Thriller",3.0772,John Woo
Broken Flowers,2005,"Comedy,Drama",3.6078,Jim Jarmusch
Bronson,2009,"Action,Comedy,Drama,Thriller",3.5748,Nicolas Winding Refn
"Bronx Tale, A",1993,Drama,3.8231,Robert De Niro
Brooklyn,2015,"Drama,Romance",3.8004,John Crowley
Brother Bear,2003,"Adventure,Animation,Children",3.2841,Aaron Blaise|Robert Walker
"Brother from Another Planet, The",1984,"Drama,Sci-Fi",3.5427,John Sayles
"Brotherhood of the Wolf (Pacte des loups, Le)",2001,"Action,Mystery,Thriller",3.4566,Christophe Gans
"Brothers Bloom, The",2008,"Adventure,Comedy,Crime,Romance",3.5383,Rian Johnson
"Brothers Grimm, The",2005,"Comedy,Fantasy,Horror,Thriller",2.9326,Terry Gilliam
"Brothers McMullen, The",1995,Comedy,3.465,Edward Burns
Bruce Almighty,2003,"Comedy,Drama,Fantasy,Romance",3.2109,Tom Shadyac
Brüno (Bruno),2009,Comedy,2.7207,Larry Charles
Bubba Ho-tep,2002,"Comedy,Horror",3.4712,Don Coscarelli
Bubble Boy,2001,Comedy,2.5865,Blair Hayes
"Bucket List, The",2007,"Comedy,Drama",3.5929,Rob Reiner
"Buddy Holly Story, The",1978,Drama,3.6186,Steve Rash
Buffalo '66 (a.k.a. Buffalo 66),1998,"Drama,Romance",3.6346,Vincent Gallo
Buffy the Vampire Slayer,1992,"Action,Comedy,Horror",2.934,Fran Rubel Kuzui
"Bug's Life, A",1998,"Adventure,Animation,Children,Comedy",3.5692,John Lasseter
Bull Durham,1988,"Comedy,Drama,Romance",3.6947,Ron Shelton
Bulletproof,1996,"Action,Comedy,Crime",3.0597,Ernest Dickerson
Bulletproof Monk,2003,"Action,Adventure,Sci-Fi",2.818,Paul Hunter
Bullets Over Broadway,1994,Comedy,3.6954,Woody Allen
Bullitt,1968,"Action,Crime,Drama,Thriller",3.7271,Peter Yates
Bully,2001,"Crime,Drama,Thriller",3.4333,Larry Clark
Bulworth,1998,"Comedy,Drama,Romance",3.3314,Warren Beatty
Buried,2010,"Mystery,Thriller",3.3653,Rodrigo Cortés
Burn After Reading,2008,"Comedy,Crime,Drama",3.5426,Ethan Coen|Joel Coen
Burnt by the Sun (Utomlyonnye solntsem),1994,Drama,4.0165,Nikita Mikhalkov
But I'm a Cheerleader,1999,Comedy,3.3997,Jamie Babbit
Butch Cassidy and the Sundance Kid,1969,"Action,Western",4.0396,George Roy Hill
"Butcher Boy, The",1997,"Comedy,Drama",3.6115,Neil Jordan
"Butcher's Wife, The",1991,"Comedy,Romance",2.8503,Terry Hughes
Cabaret,1972,"Drama,Musical",3.8646,Bob Fosse
Cabin Boy,1994,Comedy,2.3817,Adam Resnick
Cabin Fever,2002,"Horror,Thriller",2.7822,Eli Roth
"Cabin in the Woods, The",2012,"Comedy,Horror,Sci-Fi,Thriller",3.6349,Drew Goddard
"Cable Guy, The",1996,"Comedy,Thriller",2.7059,Ben Stiller
Caddyshack,1980,Comedy,3.6753,Harold Ramis
"Cage aux Folles, La",1978,Comedy,3.7873,Édouard Molinaro
"Caine Mutiny, The",1954,"Drama,War",3.9065,Edward Dmytryk
Calendar Girls,2003,Comedy,3.4977,Nigel Cole
Caligula,1979,Drama,2.5938,Tinto Brass
Call Me by Your Name,2017,"Drama,Romance",3.8917,Luca Guadagnino
"Campaign, The",2012,Comedy,3.0757,Jay Roach
Can't Buy Me Love,1987,"Comedy,Romance",3.275,Steve Rash
Can't Hardly Wait,1998,"Comedy,Drama,Romance",3.1856,Harry Elfont|Deborah Kaplan
Canadian Bacon,1995,"Comedy,War",2.7942,Michael Moore
"Candidate, The",1972,Drama,3.6374,Michael Ritchie
Candyman,1992,"Horror,Thriller",2.9841,Bernard Rose
Candyman: Farewell to the Flesh,1995,"Fantasy,Horror",2.5736,Bill Condon
"Cannonball Run, The",1981,"Action,Comedy",2.9126,Hal Needham
Capote,2005,"Crime,Drama",3.6983,Bennett Miller
Captain America: Civil War,2016,"Action,Sci-Fi,Thriller",3.7236,Anthony Russo|Joe Russo
Captain America: The First Avenger,2011,"Action,Adventure,Sci-Fi,Thriller,War",3.5156,Joe Johnston
Captain America: The Winter Soldier,2014,"Action,Adventure,Sci-Fi,IMAX",3.7013,Anthony Russo|Joe Russo
Captain Corelli's Mandolin,2001,"Drama,Romance,War",2.8405,John Madden
Captain Fantastic,2016,Drama,3.9379,Matt Ross
Captain Marvel,2018,"Action,Adventure,Sci-Fi",3.4054,Ryan Fleck|Anna Boden
Captain Phillips,2013,"Adventure,Drama,Thriller,IMAX",3.7938,Paul Greengrass
Carlito's Way,1993,"Crime,Drama",3.7198,Brian De Palma
Carnage,2011,"Comedy,Drama",3.6131,Roman Polanski
Carnal Knowledge,1971,"Comedy,Drama",3.5593,Mike Nichols
Carol,2015,"Drama,Romance",3.61,Todd Haynes
Carrie,1976,"Drama,Fantasy,Horror,Thriller",3.4604,Brian De Palma
Carrington,1995,"Drama,Romance",3.4793,Christopher Hampton
Cars,2006,"Animation,Children,Comedy",3.3257,John Lasseter
Cars 2,2011,"Adventure,Animation,Children,Comedy,IMAX",2.7721,John Lasseter
Casablanca,1942,"Drama,Romance",4.2066,Michael Curtiz
Cashback,2006,"Comedy,Drama,Romance",3.6362,Sean Ellis
Casino,1995,"Crime,Drama",3.8237,Martin Scorsese
Casper,1995,"Adventure,Children",2.9215,Brad Silberling
Cast Away,2000,Drama,3.663,Robert Zemeckis
"Castle, The",1997,Comedy,3.8389,Rob Sitch
Cat Ballou,1965,"Comedy,Western",3.5689,Elliot Silverstein
Cat People,1982,"Drama,Fantasy,Horror",3.0127,Paul Schrader
"Cat Returns, The (Neko no ongaeshi)",2002,"Adventure,Animation,Children,Fantasy",3.7327,Hiroyuki Morita
"Cat from Outer Space, The",1978,"Children,Comedy,Sci-Fi",2.8815,Norman Tokar
"Cat in the Hat, The",2003,"Children,Comedy",1.9779,Bo Welch
Cat on a Hot Tin Roof,1958,Drama,3.9281,Richard Brooks
Cat's Eye,1985,Horror,2.9846,Lewis Teague
Catch Me If You Can,2002,"Crime,Drama",3.929,Steven Spielberg
Catch-22,1970,"Comedy,War",3.6744,Mike Nichols
Cats & Dogs,2001,"Children,Comedy",2.5827,Lawrence Guterman
Catwoman,2004,"Action,Crime,Fantasy",1.8327,Pitof
"Celebration, The (Festen)",1998,Drama,4.0891,
Celebrity,1998,Comedy,2.9582,Woody Allen
"Cell, The",2000,"Drama,Horror,Thriller",3.044,Tarsem Singh
Cellular,2004,"Action,Crime,Drama,Mystery,Thriller",3.0804,David R. Ellis
Celtic Pride,1996,Comedy,2.7393,Tom DeCerchio
Center Stage,2000,"Drama,Musical",3.2695,Nicholas Hytner
Central Intelligence,2016,"Action,Comedy",3.2018,Rawson Marshall Thurber
Central Station (Central do Brasil),1998,Drama,4.0704,Walter Salles
Chain Reaction,1996,"Action,Adventure,Thriller",2.895,Andrew Davis
"Chamber, The",1996,Drama,3.232,James Foley
"Change-Up, The",2011,Comedy,3.1102,David Dobkin
Changeling,2008,"Crime,Drama,Mystery",3.6807,Clint Eastwood
Changing Lanes,2002,"Drama,Thriller",3.2601,Roger Michell
Chaplin,1992,Drama,3.6108,Richard Attenborough
Chappie,2015,"Action,Thriller",3.39,Neill Blomkamp
Charade,1963,"Comedy,Crime,Mystery,Romance,Thriller",4.0473,Stanley Donen
Chariots of Fire,1981,Drama,3.715,Hugh Hudson
Charlie Bartlett,2007,"Comedy,Drama",3.5653,Jon Poll
Charlie Wilson's War,2007,"Comedy,Drama,War",3.6435,Mike Nichols
Charlie and the Chocolate Factory,2005,"Adventure,Children,Comedy,Fantasy,IMAX",3.1757,Tim Burton
Charlie's Angels,2000,"Action,Comedy",2.7529,McG
Charlie's Angels: Full Throttle,2003,"Action,Adventure,Comedy,Crime,Thriller",2.5074,McG
Charlotte's Web,1973,"Animation,Children",3.5593,Charles Nichols|Iwao Takamoto
Chasing Amy,1997,"Comedy,Drama,Romance",3.619,Kevin Smith
Cheaper by the Dozen,2003,"Children,Comedy",2.8218,Shawn Levy
Cheech and Chong's Up in Smoke,1978,Comedy,3.4181,Lou Adler
Chef,2014,Comedy,3.6365,Jon Favreau
Chicago,2002,"Comedy,Crime,Drama,Musical",3.5262,Rob Marshall
Chicken Little,2005,"Action,Adventure,Animation,Children,Comedy,Sci-Fi",2.7524,Mark Dindal
Chicken Run,2000,"Animation,Children,Comedy",3.4888,Peter Lord|Nick Park
Child's Play,1988,"Horror,Thriller",2.8478,Tom Holland
Child's Play 2,1990,"Horror,Thriller",2.3335,John Lafia
Child's Play 3,1991,"Comedy,Horror,Thriller",2.0529,Jack Bender
Children of Men,2006,"Action,Adventure,Drama,Sci-Fi,Thriller",3.8979,Alfonso Cuarón
Children of Paradise (Les enfants du paradis),1945,"Drama,Romance",4.1278,Marcel Carné
Children of a Lesser God,1986,Drama,3.7222,Randa Haines
Children of the Corn,1984,"Horror,Thriller",2.6381,Fritz Kiersch
Children of the Corn IV: The Gathering,1996,Horror,2.3265,Greg Spence
"China Syndrome, The",1979,"Drama,Thriller",3.6638,James Bridges
Chinatown,1974,"Crime,Film-Noir,Mystery,Thriller",4.1586,Roman Polanski
Chitty Chitty Bang Bang,1968,"Adventure,Children,Comedy,Fantasy,Musical",3.3091,Ken Hughes
Chopper,2000,"Drama,Thriller",3.5836,Andrew Dominik
"Chorus, The (Choristes, Les)",2004,Drama,3.9462,Christophe Barratier
Christine,1983,Horror,3.0709,John Carpenter
"Christmas Story, A",1983,"Children,Comedy",3.9905,Bob Clark
Christmas Vacation (National Lampoon's Christmas Vacation),1989,Comedy,3.614,Jeremiah S. Chechik
Chronicle,2012,"Action,Sci-Fi,Thriller",3.5843,Josh Trank
"Chronicles of Narnia: Prince Caspian, The",2008,"Adventure,Children,Fantasy",3.217,Andrew Adamson
"Chronicles of Narnia: The Lion, the Witch and the Wardrobe, The",2005,"Adventure,Children,Fantasy",3.3934,Andrew Adamson
"Chronicles of Narnia: The Voyage of the Dawn Treader, The",2010,"Adventure,Children,Fantasy",3.309,Michael Apted
"Chronicles of Riddick, The",2004,"Action,Sci-Fi,Thriller",3.3357,David Twohy
Chungking Express (Chung Hing sam lam),1994,"Drama,Mystery,Romance",3.9914,Wong Kar-Wai
"Cider House Rules, The",1999,Drama,3.6889,Lasse Hallström
Cinderella Man,2005,"Drama,Romance",3.8452,Ron Howard
"Cinderella Story, A",2004,"Comedy,Romance",3.2354,Mark Rosman
Cinema Paradiso (Nuovo cinema Paradiso),1989,Drama,4.1311,Giuseppe Tornatore
Circle of Friends,1995,"Drama,Romance",3.5285,Pat O'Connor
Citizen Kane,1941,"Drama,Mystery",4.0927,Orson Welles
Citizen Ruth,1996,"Comedy,Drama",3.6213,Alexander Payne
City Hall,1996,"Drama,Thriller",3.2212,Harold Becker
City Lights,1931,"Comedy,Drama,Romance",4.1106,Charles Chaplin
City Slickers,1991,"Comedy,Western",3.3131,Ron Underwood
City Slickers II: The Legend of Curly's Gold,1994,"Adventure,Comedy,Western",2.7297,Paul Weiland
City of Angels,1998,"Drama,Fantasy,Romance",3.2452,Brad Silberling
City of Ember,2008,"Adventure,Children,Sci-Fi",3.4227,Gil Kenan
City of God (Cidade de Deus),2002,"Action,Adventure,Crime,Drama,Thriller",4.1816,Fernando Meirelles
"City of Lost Children, The (Cité des enfants perdus, La)",1995,"Adventure,Drama,Fantasy,Mystery,Sci-Fi",3.9367,Jean-Pierre Jeunet|Marc Caro
"Civil Action, A",1998,Drama,3.3381,Steven Zaillian
"Clan of the Cave Bear, The",1986,"Adventure,Drama,Fantasy",2.5905,Michael Chapman
Clay Pigeons,1998,Crime,3.3061,David Dobkin
Clean Slate,1994,Comedy,2.9222,Mick Jackson
Clear and Present Danger,1994,"Action,Crime,Drama,Thriller",3.6552,Phillip Noyce
Clerks,1994,Comedy,3.8472,Kevin Smith
Clerks II,2006,Comedy,3.5154,Kevin Smith
Click,2006,"Adventure,Comedy,Drama,Fantasy,Romance",2.9085,Frank Coraci
"Client, The",1994,"Drama,Mystery,Thriller",3.4667,Joel Schumacher
Cliffhanger,1993,"Action,Adventure,Thriller",3.0493,Renny Harlin
Clockers,1995,"Crime,Drama,Mystery",3.4178,Spike Lee
Clockwatchers,1997,Comedy,3.3445,Jill Sprecher
"Clockwork Orange, A",1971,"Crime,Drama,Sci-Fi,Thriller",3.9842,Stanley Kubrick
Close Encounters of the Third Kind,1977,"Adventure,Drama,Sci-Fi",3.7778,Steven Spielberg
Closer,2004,"Drama,Romance",3.5849,Mike Nichols
Cloud Atlas,2012,"Drama,Sci-Fi,IMAX",3.5679,Tom Tykwer|Lilly Wachowski|Lana Wachowski
Cloudy with a Chance of Meatballs,2009,"Animation,Children,Fantasy,IMAX",3.3429,Phil Lord|Christopher Miller
Cloudy with a Chance of Meatballs 2,2013,"Animation,Children,Comedy,Fantasy",3.2733,Cody Cameron|Kris Pearn
Cloverfield,2008,"Action,Mystery,Sci-Fi,Thriller",3.3195,Matt Reeves
Clue,1985,"Comedy,Crime,Mystery,Thriller",3.4873,Jonathan Lynn
Clueless,1995,"Comedy,Romance",3.4187,Amy Heckerling
Coach Carter,2005,Drama,3.661,Thomas Carter
Coal Miner's Daughter,1980,Drama,3.6634,Michael Apted
Cobb,1994,Drama,3.1357,Ron Shelton
Cobra,1986,"Action,Crime",2.5006,George P. Cosmatos
Cocktail,1988,"Drama,Romance",2.8099,Roger Donaldson
Coco,2017,"Adventure,Animation,Children",4.0369,Lee Unkrich
Cocoon,1985,"Comedy,Sci-Fi",3.2933,Ron Howard
Cocoon: The Return,1988,"Comedy,Sci-Fi",2.4919,Daniel Petrie
Coffee and Cigarettes,2003,"Comedy,Drama",3.5368,Jim Jarmusch
Coherence,2013,"Drama,Mystery,Sci-Fi,Thriller",3.8647,James Ward Byrkit
Cold Comfort Farm,1995,Comedy,3.8109,John Schlesinger
Cold Mountain,2003,"Drama,Romance,War",3.5142,Anthony Minghella
Collateral,2004,"Action,Crime,Drama,Thriller",3.6867,Michael Mann
Collateral Damage,2002,"Action,Thriller",2.5853,Andrew Davis
"Color Purple, The",1985,Drama,3.7383,Steven Spielberg
"Color of Money, The",1986,Drama,3.4332,Martin Scorsese
Color of Night,1994,"Drama,Thriller",2.6253,Richard Rush
Colors,1988,"Action,Crime,Drama",3.3455,Dennis Hopper
Coma,1978,Thriller,3.3437,Michael Crichton
Coming to America,1988,"Comedy,Romance",3.5151,John Landis
Commando,1985,"Action,Adventure",3.2097,Mark L. Lester
"Commitments, The",1991,"Comedy,Drama,Musical",3.7621,Alan Parker
Con Air,1997,"Action,Adventure,Thriller",3.198,Simon West
Conan the Barbarian,1982,"Action,Adventure,Fantasy",3.2435,John Milius
Conan the Destroyer,1984,"Action,Adventure,Fantasy",2.8411,Richard Fleischer
Coneheads,1993,"Comedy,Sci-Fi",2.5815,Steve Barron
Confessions of a Shopaholic,2009,"Comedy,Romance",3.0175,P.J. Hogan
Confidence,2003,"Crime,Thriller",3.4452,James Foley
"Conformist, The (Conformista, Il)",1970,Drama,3.9906,Bernardo Bertolucci
Congo,1995,"Action,Adventure,Mystery,Sci-Fi",2.6022,Frank Marshall
"Conjuring, The",2013,"Horror,Thriller",3.6615,James Wan
Conquest of the Planet of the Apes,1972,"Action,Sci-Fi",2.8272,J. Lee Thompson
Conspiracy Theory,1997,"Drama,Mystery,Romance,Thriller",3.3279,Richard Donner
"Constant Gardener, The",2005,"Drama,Thriller",3.6927,Fernando Meirelles
Constantine,2005,"Action,Fantasy,Horror,Thriller",3.4596,Francis Lawrence
Contact,1997,"Drama,Sci-Fi",3.6845,Robert Zemeckis
Contagion,2011,"Sci-Fi,Thriller,IMAX",3.4659,Steven Soderbergh
"Contender, The",2000,"Drama,Thriller",3.6124,Rod Lurie
Control,2007,Drama,3.8258,Anton Corbijn
"Conversation, The",1974,"Drama,Mystery",4.0437,Francis Ford Coppola
"Cook the Thief His Wife & Her Lover, The",1989,"Comedy,Drama",3.4594,Peter Greenaway
Cookie's Fortune,1999,"Comedy,Drama",3.5893,Robert Altman
Cool Hand Luke,1967,Drama,4.0898,Stuart Rosenberg
Cool Runnings,1993,Comedy,3.2587,Jon Turteltaub
"Cooler, The",2003,"Comedy,Drama,Romance",3.4635,Wayne Kramer
Cop Land,1997,"Action,Crime,Drama,Thriller",3.278,James Mangold
Cops and Robbersons,1994,Comedy,2.5922,Michael Ritchie
Copycat,1995,"Crime,Drama,Horror,Mystery,Thriller",3.32,Jon Amiel
Coraline,2009,"Animation,Fantasy,Thriller",3.7189,Henry Selick
"Core, The",2003,"Action,Drama,Sci-Fi,Thriller",2.6142,Jon Amiel
Corpse Bride,2005,"Animation,Comedy,Fantasy,Musical,Romance",3.5532,Tim Burton|Mike Johnson
"Corrina, Corrina",1994,"Comedy,Drama,Romance",3.3049,Jessie Nelson
"Corruptor, The",1999,"Action,Crime,Drama,Thriller",3.0025,James Foley
Couples Retreat,2009,"Comedy,Romance",2.7139,Peter Billingsley
Courage Under Fire,1996,"Action,Crime,Drama,War",3.5357,Edward Zwick
Cowboy Bebop: The Movie (Cowboy Bebop: Tengoku no Tobira),2001,"Action,Animation,Sci-Fi,Thriller",3.8992,Shin'ichirô Watanabe
"Cowboy Way, The",1994,"Action,Comedy,Drama",2.7122,Gregg Champion
Cowboys & Aliens,2011,"Action,Sci-Fi,Thriller,Western,IMAX",2.8268,Jon Favreau
Coyote Ugly,2000,"Comedy,Drama,Romance",2.7047,David McNally
Cradle Will Rock,1999,Drama,3.3221,Tim Robbins
"Craft, The",1996,"Drama,Fantasy,Horror,Thriller",3.0856,Andrew Fleming
Crank,2006,"Action,Thriller",3.4025,Mark Neveldine|Brian Taylor
Crank: High Voltage,2009,"Action,Comedy,Crime",3.0877,Mark Neveldine|Brian Taylor
"Crazies, The",2010,"Action,Drama,Horror,Sci-Fi,Thriller",3.2406,Breck Eisner
Crazy Heart,2009,"Drama,Romance",3.6418,Scott Cooper
"Crazy, Stupid, Love.",2011,"Comedy,Drama,Romance",3.7517,Glenn Ficarra|John Requa
Crazy/Beautiful,2001,"Drama,Romance",3.1063,John Stockwell
Creed,2015,Drama,3.6412,Ryan Coogler
Creepshow,1982,Horror,3.2238,George A. Romero
Crimes and Misdemeanors,1989,"Comedy,Crime,Drama",4.0112,Woody Allen
Crimson Peak,2015,Horror,3.2706,Guillermo del Toro
"Crimson Rivers, The (Rivières pourpres, Les)",2000,"Crime,Drama,Mystery,Thriller",3.4865,Mathieu Kassovitz
Crimson Tide,1995,"Drama,Thriller,War",3.7399,Tony Scott
Critters,1986,"Comedy,Sci-Fi",2.774,Stephen Herek
Crocodile Dundee,1986,"Adventure,Comedy",3.1458,Peter Faiman
Crocodile Dundee II,1988,"Action,Adventure,Comedy",2.5847,John Cornell
Crocodile Dundee in Los Angeles,2001,"Comedy,Drama",2.2006,Simon Wincer
Cronos,1993,"Drama,Horror",3.2244,Guillermo del Toro
"Croods, The",2013,"Adventure,Animation,Comedy",3.3592,Kirk DeMicco|Chris Sanders
Crooklyn,1994,"Comedy,Drama",3.2809,Spike Lee
"Crossing Guard, The",1995,"Action,Crime,Drama,Thriller",3.1528,Sean Penn
Crossroads,2002,"Comedy,Musical,Romance",1.8659,Tamra Davis
"Crouching Tiger, Hidden Dragon (Wo hu cang long)",2000,"Action,Drama,Romance",3.8524,Ang Lee
Croupier,1998,"Crime,Drama",3.7908,Mike Hodges
"Crow, The",1994,"Action,Crime,Fantasy,Thriller",3.518,Alex Proyas
"Crow: City of Angels, The",1996,"Action,Thriller",2.7317,Tim Pope
"Crucible, The",1996,Drama,3.3886,Nicholas Hytner
Cruel Intentions,1999,Drama,3.2969,Roger Kumble
"Crush, The",1993,Thriller,2.6483,Alan Shapiro
Cry-Baby,1990,"Comedy,Musical,Romance",3.3462,John Waters
"Crying Game, The",1992,"Drama,Romance,Thriller",3.6509,Neil Jordan
Cube,1997,"Horror,Mystery,Sci-Fi,Thriller",3.5891,Vincenzo Natali
Cube 2: Hypercube,2002,"Horror,Mystery,Sci-Fi",2.9422,Andrzej Sekula
Cujo,1983,"Horror,Thriller",2.764,Lewis Teague
"Curious Case of Benjamin Button, The",2008,"Drama,Fantasy,Mystery,Romance",3.5953,David Fincher
"Curse of the Jade Scorpion, The",2001,Comedy,3.2373,Woody Allen
Cutthroat Island,1995,"Action,Adventure,Romance",2.719,Renny Harlin
"Cutting Edge, The",1992,"Comedy,Drama,Romance",3.3631,Paul Michael Glaser
Cypher,2002,"Action,Sci-Fi,Thriller",3.5978,Vincenzo Natali
Cyrano de Bergerac,1990,"Comedy,Drama,Romance",3.7955,Jean-Paul Rappeneau
D2: The Mighty Ducks,1994,"Children,Comedy",2.6593,Sam Weisman
D3: The Mighty Ducks,1996,"Children,Comedy",2.4825,Robert Lieberman
"Da Vinci Code, The",2006,"Drama,Mystery,Thriller",3.1486,Ron Howard
Daddy Day Care,2003,"Children,Comedy",2.7034,Steve Carr
Dallas Buyers Club,2013,Drama,3.9096,Jean-Marc Vallée
Damien: Omen II,1978,Horror,2.8994,Don Taylor
Dan in Real Life,2007,"Comedy,Drama,Romance",3.4086,Peter Hedges
Dancer in the Dark,2000,"Drama,Musical",3.8378,Lars von Trier
Dances with Wolves,1990,"Adventure,Drama,Western",3.7257,Kevin Costner
Dangerous Beauty,1998,Drama,3.6468,Marshall Herskovitz
Dangerous Liaisons,1988,"Drama,Romance",3.8843,Stephen Frears
"Dangerous Lives of Altar Boys, The",2002,Drama,3.5953,Peter Care
Dangerous Minds,1995,Drama,3.2448,John N. Smith
Dante's Peak,1997,"Action,Thriller",2.8217,Roger Donaldson
Darby O'Gill and the Little People,1959,"Adventure,Children,Fantasy",3.3048,Robert Stevenson
Daredevil,2003,"Action,Crime",2.5169,Mark Steven Johnson
"Darjeeling Limited, The",2007,"Adventure,Comedy,Drama",3.7281,Wes Anderson
Dark City,1998,"Adventure,Film-Noir,Sci-Fi,Thriller",3.8057,Alex Proyas
"Dark Crystal, The",1982,"Adventure,Fantasy",3.5964,Frank Oz|Jim Henson
"Dark Knight Rises, The",2012,"Action,Adventure,Crime,IMAX",3.9713,Christopher Nolan
"Dark Knight, The",2008,"Action,Crime,Drama,IMAX",4.1665,Christopher Nolan
Dark Shadows,2012,"Comedy,Horror,IMAX",2.8907,Tim Burton
Dark Water,2005,"Drama,Horror,Thriller",2.7667,Walter Salles
Darkest Hour,2017,"Drama,War",3.7555,Joe Wright
Darkman,1990,"Action,Crime,Fantasy,Sci-Fi,Thriller",3.0702,Sam Raimi
"Das Experiment (Experiment, The)",2001,"Drama,Thriller",3.8432,Oliver Hirschbiegel
Date Movie,2006,"Comedy,Romance",1.6275,Aaron Seltzer
Date Night,2010,"Action,Comedy,Romance",3.2038,Shawn Levy
Dave,1993,"Comedy,Romance",3.6009,Ivan Reitman
Dawn of the Planet of the Apes,2014,Sci-Fi,3.5614,Matt Reeves
"Day After Tomorrow, The",2004,"Action,Adventure,Drama,Sci-Fi,Thriller",3.0516,Roland Emmerich
"Day at the Races, A",1937,"Comedy,Musical",3.9769,Sam Wood
Day of the Dead,1985,"Horror,Sci-Fi,Thriller",3.5772,George A. Romero
"Day of the Jackal, The",1973,"Crime,Thriller",3.9211,Fred Zinnemann
Daybreakers,2010,"Action,Drama,Horror,Thriller",3.2242,Michael Spierig|Peter Spierig
Daylight,1996,"Action,Adventure,Drama,Thriller",2.8234,Rob Cohen
Days of Heaven,1978,Drama,3.9527,Terrence Malick
Days of Thunder,1990,"Action,Drama,Romance",2.8476,Tony Scott
"Daytrippers, The",1996,"Comedy,Drama,Mystery,Romance",3.6913,Greg Mottola
Dazed and Confused,1993,Comedy,3.6898,Richard Linklater
Dead Again,1991,"Mystery,Romance,Thriller",3.7427,Kenneth Branagh
Dead Calm,1989,Thriller,3.5949,Phillip Noyce
Dead Man,1995,"Drama,Mystery,Western",3.89,Jim Jarmusch
Dead Man Walking,1995,"Crime,Drama",3.9187,Tim Robbins
Dead Man on Campus,1998,Comedy,2.7109,Alan Cohn
Dead Men Don't Wear Plaid,1982,"Comedy,Crime,Thriller",3.2824,Carl Reiner
Dead Poets Society,1989,Drama,3.9224,Peter Weir
"Dead Pool, The",1988,"Action,Crime,Thriller",3.1444,Buddy Van Horn
Dead Presidents,1995,"Action,Crime,Drama",3.0496,Albert Hughes|Allen Hughes
Dead Ringers,1988,"Drama,Horror,Thriller",3.5151,David Cronenberg
"Dead Zone, The",1983,Thriller,3.6386,David Cronenberg
Deadpool,2016,"Action,Adventure,Comedy,Sci-Fi",3.8527,Tim Miller
Deadpool 2,2018,"Action,Comedy,Sci-Fi",3.7818,David Leitch
Dear Frankie,2004,"Drama,Romance",3.8892,Shona Auerbach
Dear God,1996,Comedy,2.91,Garry Marshall
Dear John,2010,"Drama,Romance,War",3.1767,Lasse Hallström
Death Becomes Her,1992,"Comedy,Fantasy",2.9552,Robert Zemeckis
Death Proof,2007,"Action,Adventure,Crime,Horror,Thriller",3.5656,Quentin Tarantino
Death Race,2008,"Action,Adventure,Sci-Fi,Thriller",3.0965,Paul W.S. Anderson
Death Wish,1974,"Action,Crime,Drama",3.2165,Michael Winner
Death and the Maiden,1994,"Drama,Thriller",3.5625,Roman Polanski
Death at a Funeral,2007,Comedy,3.689,Frank Oz
Death to Smoochy,2002,"Comedy,Crime,Drama",3.1661,Danny DeVito
Deconstructing Harry,1997,"Comedy,Drama",3.4719,Woody Allen
Deep Blue Sea,1999,"Action,Horror,Sci-Fi,Thriller",2.6884,Renny Harlin
"Deep End of the Ocean, The",1999,Drama,2.9938,Ulu Grosbard
Deep Impact,1998,"Drama,Sci-Fi,Thriller",2.9649,Mimi Leder
Deep Rising,1998,"Action,Horror,Sci-Fi",2.7583,Stephen Sommers
Deepwater Horizon,2016,Drama,3.5358,Peter Berg
"Deer Hunter, The",1978,"Drama,War",3.9689,Michael Cimino
Defending Your Life,1991,"Comedy,Drama,Fantasy,Romance",3.6068,Albert Brooks
Defiance,2008,"Drama,Thriller,War",3.5848,Edward Zwick
"Definitely, Maybe",2008,"Comedy,Drama,Romance",3.5669,Adam Brooks
Delicatessen,1991,"Comedy,Drama,Romance",3.9556,Jean-Pierre Jeunet|Marc Caro
Deliverance,1972,"Adventure,Drama,Thriller",3.799,John Boorman
Demolition Man,1993,"Action,Adventure,Sci-Fi",3.0713,Marco Brambilla
Dennis the Menace,1993,Comedy,2.37,Nick Castle
"Departed, The",2006,"Crime,Drama,Thriller",4.1212,Martin Scorsese
Derailed,2005,"Drama,Thriller",3.21,Mikael Håfström
"Descendants, The",2011,"Comedy,Drama",3.5618,Alexander Payne
"Descent, The",2005,"Adventure,Drama,Horror,Thriller",3.502,Neil Marshall
Desperado,1995,"Action,Romance,Western",3.4393,Robert Rodriguez
Desperate Measures,1998,"Crime,Drama,Thriller",2.8756,Barbet Schroeder
Desperately Seeking Susan,1985,"Comedy,Drama,Romance",2.9391,Susan Seidelman
Despicable Me,2010,"Animation,Children,Comedy,Crime",3.698,Chris Renaud|Pierre Coffin
Despicable Me 2,2013,"Animation,Children,Comedy,IMAX",3.5577,Chris Renaud|Pierre Coffin
Detroit Rock City,1999,Comedy,3.129,Adam Rifkin
Deuce Bigalow: European Gigolo,2005,Comedy,2.1268,Mike Bigelow
Deuce Bigalow: Male Gigolo,1999,Comedy,2.6227,Mike Mitchell
Devil,2010,"Horror,Mystery,Thriller",2.9802,John Erick Dowdle
"Devil Wears Prada, The",2006,"Comedy,Drama",3.4794,David Frankel
Devil in a Blue Dress,1995,"Crime,Film-Noir,Mystery,Thriller",3.4523,Carl Franklin
"Devil's Backbone, The (Espinazo del diablo, El)",2001,"Drama,Fantasy,Horror,Thriller,War",3.7324,Guillermo del Toro
"Devil's Own, The",1997,"Action,Drama,Thriller",3.0374,Alan J. Pakula
"Devil's Rejects, The",2005,"Action,Crime,Horror",3.3346,Rob Zombie
Diabolique,1996,"Drama,Thriller",2.9696,Jeremiah S. Chechik
Diabolique (Les diaboliques),1955,"Horror,Mystery,Thriller",3.9595,Henri-Georges Clouzot
Dial M for Murder,1954,"Crime,Mystery,Thriller",4.0338,Alfred Hitchcock
Diamonds Are Forever,1971,"Action,Adventure,Thriller",3.5031,Guy Hamilton
Dick,1999,Comedy,3.2628,Andrew Fleming
Dick Tracy,1990,"Action,Crime",2.7259,Warren Beatty
"Dictator, The",2012,Comedy,3.109,Larry Charles
Die Another Day,2002,"Action,Adventure,Thriller",3.0862,Lee Tamahori
Die Hard,1988,"Action,Crime,Thriller",3.9332,John McTiernan
Die Hard 2,1990,"Action,Adventure,Thriller",3.4475,Renny Harlin
Die Hard: With a Vengeance,1995,"Action,Crime,Thriller",3.5066,John McTiernan
Diner,1982,"Comedy,Drama",3.8779,Barry Levinson
"Dinner Game, The (Dîner de cons, Le)",1998,Comedy,3.8228,Francis Veber
Dinner for Schmucks,2010,Comedy,2.8598,Jay Roach
Dinosaur,2000,"Adventure,Animation,Children",3.0453,Eric Leighton|Ralph Zondag
Dirty Dancing,1987,"Drama,Musical,Romance",3.25,Emile Ardolino
"Dirty Dozen, The",1967,"Action,Drama,War",3.8444,Robert Aldrich
Dirty Harry,1971,"Action,Crime,Thriller",3.7704,Don Siegel
Dirty Pretty Things,2002,"Crime,Drama,Thriller",3.7682,Stephen Frears
Dirty Rotten Scoundrels,1988,Comedy,3.689,Frank Oz
Dirty Work,1998,Comedy,3.0458,Bob Saget
Disclosure,1994,"Drama,Thriller",3.284,Barry Levinson
"Discreet Charm of the Bourgeoisie, The (Charme discret de la bourgeoisie, Le)",1972,"Comedy,Drama,Fantasy",3.9254,Luis Buñuel
"Dish, The",2001,Comedy,3.7389,Rob Sitch
"Distinguished Gentleman, The",1992,Comedy,2.9446,Jonathan Lynn
District 13 (Banlieue 13),2004,"Action,Crime,Sci-Fi",3.6037,Pierre Morel
District 9,2009,"Mystery,Sci-Fi,Thriller",3.8065,Neill Blomkamp
Disturbia,2007,"Drama,Thriller",3.2788,D.J. Caruso
Disturbing Behavior,1998,"Horror,Thriller",2.6417,David Nutter
Diva,1981,"Action,Drama,Mystery,Romance,Thriller",4.0054,Jean-Jacques Beineix
Divergent,2014,"Adventure,Romance,Sci-Fi,IMAX",3.2498,Neil Burger
Divine Secrets of the Ya-Ya Sisterhood,2002,"Comedy,Drama",2.9388,Callie Khouri
"Diving Bell and the Butterfly, The (Scaphandre et le papillon, Le)",2007,Drama,3.8807,Julian Schnabel
Django Unchained,2012,"Action,Drama,Western",4.0049,Quentin Tarantino
Do the Right Thing,1989,Drama,3.8571,Spike Lee
Doc Hollywood,1991,"Comedy,Romance",2.9995,Michael Caton-Jones
Doctor Dolittle,1967,"Adventure,Children,Musical",3.043,Richard Fleischer
Doctor Strange,2016,"Action,Adventure,Sci-Fi",3.7523,Scott Derrickson
Doctor Zhivago,1965,"Drama,Romance,War",3.9281,David Lean
Dodgeball: A True Underdog Story,2004,Comedy,3.3029,Rawson Marshall Thurber
Dog Day Afternoon,1975,"Crime,Drama",3.9704,Sidney Lumet
Dog Soldiers,2002,"Action,Horror",3.3285,Neil Marshall
Dogma,1999,"Adventure,Comedy,Fantasy",3.6253,Kevin Smith
Dogville,2003,"Drama,Mystery,Thriller",3.8536,Lars von Trier
"Dolce Vita, La",1960,Drama,3.9126,Federico Fellini
Dolores Claiborne,1995,"Drama,Thriller",3.5882,Taylor Hackford
Domino,2005,"Crime,Drama,Thriller",3.0085,Tony Scott
Don Jon,2013,"Comedy,Drama,Romance",3.1248,Joseph Gordon-Levitt
Don Juan DeMarco,1995,"Comedy,Drama,Romance",3.445,Jeremy Leven
Don't Be a Menace to South Central While Drinking Your Juice in the Hood,1996,"Comedy,Crime",3.0839,Paris Barclay
Don't Breathe,2016,Thriller,3.5484,Fede Alvarez
Don't Look Now,1973,"Drama,Horror,Thriller",3.698,Nicolas Roeg
Don't Say a Word,2001,Thriller,3.1091,Gary Fleder
Don't Tell Mom the Babysitter's Dead,1991,Comedy,2.7252,Stephen Herek
Donnie Brasco,1997,"Crime,Drama",3.8102,Mike Newell
Donnie Darko,2001,"Drama,Mystery,Sci-Fi,Thriller",3.9541,Richard Kelly
Doom,2005,"Action,Horror,Sci-Fi",2.4522,Andrzej Bartkowiak
"Doors, The",1991,Drama,3.3601,Oliver Stone
Dope,2015,"Comedy,Drama",3.6228,Rick Famuyiwa
Double Indemnity,1944,"Crime,Drama,Film-Noir",4.194,Billy Wilder
Double Jeopardy,1999,"Action,Crime,Drama,Thriller",3.1903,Bruce Beresford
"Double Life of Veronique, The (Double Vie de Véronique, La)",1991,"Drama,Fantasy,Romance",3.8972,Krzysztof Kieslowski
Doubt,2008,"Drama,Mystery",3.7309,John Patrick Shanley
Down Periscope,1996,Comedy,3.0019,David S. Ward
Down and Out in Beverly Hills,1986,Comedy,3.0289,Paul Mazursky
Down by Law,1986,"Comedy,Drama,Film-Noir",4.008,Jim Jarmusch
Down to Earth,2001,"Comedy,Fantasy,Romance",2.7425,Chris Weitz|Paul Weitz
Down to You,2000,"Comedy,Romance",2.6674,Kris Isacsson
Down with Love,2003,"Comedy,Romance",3.1576,Peyton Reed
"Downfall (Untergang, Der)",2004,"Drama,War",3.9915,Oliver Hirschbiegel
Dr. Dolittle,1998,Comedy,2.6674,Betty Thomas
Dr. Dolittle 2,2001,Comedy,2.3834,Steve Carr
Dr. Horrible's Sing-Along Blog,2008,"Comedy,Drama,Musical,Sci-Fi",3.949,
Dr. No,1962,"Action,Adventure,Thriller",3.6813,Terence Young
Dr. Seuss' The Lorax,2012,"Animation,Fantasy,Musical,IMAX",3.1395,Chris Renaud
Dr. Strangelove or: How I Learned to Stop Worrying and Love the Bomb,1964,"Comedy,War",4.2158,Stanley Kubrick
Dr. T and the Women,2000,"Comedy,Romance",2.2569,Robert Altman
Dracula,1931,Horror,3.7096,Tod Browning
Dracula (Bram Stoker's Dracula),1992,"Fantasy,Horror,Romance,Thriller",3.4491,Francis Ford Coppola
Dracula 2000,2000,Horror,2.5624,Patrick Lussier
Dracula Untold,2014,"Action,Drama,Fantasy",3.0787,Gary Shore
Dracula: Dead and Loving It,1995,"Comedy,Horror",2.6246,Mel Brooks
Drag Me to Hell,2009,"Comedy,Horror",3.1546,Sam Raimi
Dragon: The Bruce Lee Story,1993,"Action,Drama",3.4478,Rob Cohen
Dragonfly,2002,"Drama,Fantasy,Mystery,Romance,Thriller",2.9811,Tom Shadyac
Dragonheart,1996,"Action,Adventure,Fantasy",3.219,Rob Cohen
Dragonslayer,1981,"Action,Adventure,Fantasy",3.3055,Matthew Robbins
Dreamcatcher,2003,"Drama,Horror,Sci-Fi,Thriller",2.7061,Lawrence Kasdan
"Dreamers, The",2003,Drama,3.6562,Bernardo Bertolucci
Dreamgirls,2006,"Drama,Musical",3.2559,Bill Condon
"Dreamlife of Angels, The (Vie rêvée des anges, La)",1998,Drama,3.9162,Erick Zonca
Dreamscape,1984,"Horror,Sci-Fi,Thriller",3.3568,Joseph Ruben
Dredd,2012,"Action,Sci-Fi",3.5697,Pete Travis
Drive,2011,"Crime,Drama,Film-Noir,Thriller",3.8277,Nicolas Winding Refn
Drive Me Crazy,1999,"Comedy,Romance",2.8062,John Schultz
Driven,2001,"Action,Thriller",2.296,Renny Harlin
Driving Miss Daisy,1989,Drama,3.699,Bruce Beresford
Drop Dead Fred,1991,"Comedy,Fantasy",2.6351,Ate de Jong
Drop Dead Gorgeous,1999,Comedy,3.1833,Michael Patrick Jann
Drop Zone,1994,"Action,Thriller",3.0618,John Badham
Drowning Mona,2000,Comedy,2.6948,Nick Gomez
Drugstore Cowboy,1989,"Crime,Drama",3.8447,Gus Van Sant
Drumline,2002,"Comedy,Drama,Musical,Romance",3.0371,Charles Stone III
Drunken Master (Jui kuen),1978,"Action,Comedy",3.8113,Yuen Woo-Ping
"Duchess, The",2008,"Drama,Romance",3.5338,Saul Dibb
Duck Soup,1933,"Comedy,Musical,War",4.0837,Leo McCarey
"Dude, Where's My Car?",2000,"Comedy,Sci-Fi",2.5099,Danny Leiner
Dudley Do-Right,1999,"Children,Comedy",2.0022,Hugh Wilson
Due Date,2010,Comedy,3.1629,Todd Phillips
Duel,1971,"Action,Mystery,Thriller",3.7101,Steven Spielberg
"Dukes of Hazzard, The",2005,"Action,Adventure,Comedy",2.482,Jay Chandrasekhar
Dumb & Dumber (Dumb and Dumber),1994,"Adventure,Comedy",2.965,Peter Farrelly
Dumb and Dumber To,2014,Comedy,2.607,Bobby Farrelly|Peter Farrelly
Dumb and Dumberer: When Harry Met Lloyd,2003,Comedy,1.741,Troy Miller
Dumbo,1941,"Animation,Children,Drama,Musical",3.4733,Samuel Armstrong|Norman Ferguson|Wilfred Jackson|Jack Kinney
Dune,1984,"Adventure,Sci-Fi",3.3106,David Lynch
Dungeons & Dragons,2000,"Action,Adventure,Comedy,Fantasy",2.0635,Courtney Solomon
Dunkirk,2017,"Action,Drama,Thriller,War",3.7821,Christopher Nolan
Dunston Checks In,1996,"Children,Comedy",2.3497,Ken Kwapis
Duplex,2003,"Comedy,Crime",2.7786,Danny DeVito
Déjà Vu (Deja Vu),2006,"Action,Sci-Fi,Thriller",3.5904,Tony Scott
E.T. the Extra-Terrestrial,1982,"Children,Drama,Sci-Fi",3.7331,Steven Spielberg
EDtv,1999,Comedy,3.0326,Ron Howard
Eagle Eye,2008,"Action,Crime,Thriller,IMAX",3.255,D.J. Caruso
Earth Girls Are Easy,1988,"Comedy,Musical,Sci-Fi",2.7399,Julien Temple
East is East,1999,Comedy,3.554,Damien O'Donnell
East of Eden,1955,Drama,3.9023,Elia Kazan
Eastern Promises,2007,"Crime,Drama,Thriller",3.812,David Cronenberg
Easy A,2010,"Comedy,Romance",3.6287,Will Gluck
Easy Rider,1969,"Adventure,Drama",3.6918,Dennis Hopper
Eat Drink Man Woman (Yin shi nan nu),1994,"Comedy,Drama,Romance",4.0279,Ang Lee
Eat Pray Love,2010,"Drama,Romance",2.9258,Ryan Murphy
Ed Wood,1994,"Comedy,Drama",3.6644,Tim Burton
Eddie,1996,Comedy,2.8708,Steve Rash
Eddie Murphy Raw,1987,"Comedy,Documentary",3.6596,Robert Townsend
Edge of Tomorrow,2014,"Action,Sci-Fi,IMAX",3.9401,Doug Liman
"Edge, The",1997,"Adventure,Drama",3.4823,Lee Tamahori
"Education, An",2009,"Drama,Romance",3.6648,Lone Scherfig
"Edukators, The (Die Fetten Jahre sind vorbei)",2004,"Comedy,Crime,Drama,Romance",3.8106,Hans Weingartner
Edward Scissorhands,1990,"Drama,Fantasy,Romance",3.726,Tim Burton
Eight Legged Freaks,2002,"Action,Comedy,Horror,Sci-Fi",2.5077,Ellory Elkayem
Eight Men Out,1988,Drama,3.7484,John Sayles
Election,1999,Comedy,3.7711,Alexander Payne
Elektra,2005,"Action,Adventure,Crime,Drama",2.4266,Rob Bowman
"Elephant Man, The",1980,Drama,3.9168,David Lynch
Elf,2003,"Children,Comedy,Fantasy",3.3494,Jon Favreau
Elite Squad (Tropa de Elite),2007,"Action,Crime,Drama,Thriller",3.9879,José Padilha
Elite Squad: The Enemy Within (Tropa de Elite 2 - O Inimigo Agora É Outro),2010,"Action,Crime,Drama",3.9866,José Padilha
Elizabeth,1998,Drama,3.8753,Shekhar Kapur
Elizabeth: The Golden Age,2007,Drama,3.4294,Shekhar Kapur
Elizabethtown,2005,"Comedy,Drama,Romance",3.113,Cameron Crowe
Ella Enchanted,2004,"Comedy,Fantasy,Romance",3.2802,Tommy O'Haver
Elysium,2013,"Action,Drama,Sci-Fi,IMAX",3.2669,Neill Blomkamp
"Emerald Forest, The",1985,"Action,Adventure,Drama",3.3869,John Boorman
Emma,1996,"Comedy,Drama,Romance",3.7755,Douglas McGrath
"Emperor's New Groove, The",2000,"Adventure,Animation,Children,Comedy,Fantasy",3.621,Mark Dindal
Empire Records,1995,"Comedy,Drama",3.3696,Allan Moyle
Empire of the Sun,1987,"Action,Adventure,Drama,War",3.8182,Steven Spielberg
Enchanted,2007,"Adventure,Animation,Children,Comedy,Fantasy,Musical,Romance",3.4807,Kevin Lima
Enchanted April,1992,"Drama,Romance",3.8499,Mike Newell
Encino Man,1992,Comedy,2.5978,Les Mayfield
End of Days,1999,"Action,Fantasy,Horror,Mystery,Thriller",2.6532,Peter Hyams
End of Watch,2012,"Crime,Drama,Thriller",3.8125,David Ayer
"End of the Affair, The",1999,Drama,3.5916,Neil Jordan
Ender's Game,2013,"Action,Adventure,Sci-Fi,IMAX",3.399,Gavin Hood
Enemy,2013,"Mystery,Thriller",3.595,Denis Villeneuve
Enemy Mine,1985,"Adventure,Drama,Sci-Fi",3.4996,Wolfgang Petersen
Enemy at the Gates,2001,"Drama,War",3.713,Jean-Jacques Annaud
Enemy of the State,1998,"Action,Thriller",3.5716,Tony Scott
"English Patient, The",1996,"Drama,Romance,War",3.6195,Anthony Minghella
"Englishman Who Went Up a Hill But Came Down a Mountain, The",1995,"Comedy,Romance",3.3125,Christopher Monger
Enigma,2001,"Romance,Thriller",3.4115,Michael Apted
Enough,2002,"Drama,Thriller",2.7713,Michael Apted
Enter the Dragon,1973,"Action,Crime",3.7719,Robert Clouse
Enter the Void,2009,Drama,3.7414,Gaspar Noé
Entrapment,1999,"Crime,Thriller",3.1501,Jon Amiel
Epic Movie,2007,"Adventure,Comedy",1.4572,Jason Friedberg|Aaron Seltzer
"Equalizer, The",2014,"Action,Crime,Thriller",3.6441,Antoine Fuqua
Equilibrium,2002,"Action,Sci-Fi,Thriller",3.7309,Kurt Wimmer
Eragon,2006,"Action,Adventure,Fantasy",2.4733,Stefen Fangmeier
Eraser,1996,"Action,Drama,Thriller",3.1348,Chuck Russell
Eraserhead,1977,"Drama,Horror",3.6396,David Lynch
Erin Brockovich,2000,Drama,3.5726,Steven Soderbergh
Ernest Goes to Camp,1987,Comedy,2.2049,John R. Cherry III
Escape Plan,2013,"Action,Mystery,Thriller",3.3594,Mikael Håfström
Escape from Alcatraz,1979,"Drama,Thriller",3.7766,Don Siegel
Escape from L.A.,1996,"Action,Adventure,Sci-Fi,Thriller",2.7584,John Carpenter
Escape from New York,1981,"Action,Adventure,Sci-Fi,Thriller",3.4029,John Carpenter
Escape from the Planet of the Apes,1971,"Action,Sci-Fi",3.0228,Don Taylor
Escape to Witch Mountain,1975,"Adventure,Children,Fantasy",3.1508,John Hough
Eternal Sunshine of the Spotless Mind,2004,"Drama,Romance,Sci-Fi",4.0664,Michel Gondry
EuroTrip,2004,"Adventure,Comedy",3.2896,Jeff Schaffer
Europa Europa (Hitlerjunge Salomon),1990,"Drama,War",3.9475,Agnieszka Holland
Europa Report,2013,"Sci-Fi,Thriller",3.3861,Sebastián Cordero
European Vacation (aka National Lampoon's European Vacation),1985,"Adventure,Comedy,Romance",2.956,Amy Heckerling
Evan Almighty,2007,"Comedy,Fantasy",2.693,Tom Shadyac
Eve's Bayou,1997,Drama,3.5433,Kasi Lemmons
Even Cowgirls Get the Blues,1993,"Comedy,Romance",2.4149,Gus Van Sant
Event Horizon,1997,"Horror,Sci-Fi,Thriller",2.9764,Paul W.S. Anderson
Ever After: A Cinderella Story,1998,"Comedy,Drama,Romance",3.6525,Andy Tennant
Everyone Says I Love You,1996,"Comedy,Musical,Romance",3.439,Woody Allen
Everything Is Illuminated,2005,"Comedy,Drama",3.7648,Liev Schreiber
Everything You Always Wanted to Know About Sex * But Were Afraid to Ask,1972,Comedy,3.5253,Woody Allen
Evil Dead II (Dead by Dawn),1987,"Action,Comedy,Fantasy,Horror",3.7882,Sam Raimi
"Evil Dead, The",1981,"Fantasy,Horror,Thriller",3.7004,Sam Raimi
Evita,1996,"Drama,Musical",3.1506,Alan Parker
Evolution,2001,"Comedy,Sci-Fi",2.9033,Ivan Reitman
Ex Machina,2015,"Drama,Sci-Fi,Thriller",3.9694,Alex Garland
Exam,2009,"Mystery,Thriller",3.5937,Stuart Hazeldine
Excalibur,1981,"Adventure,Fantasy",3.6045,John Boorman
Excess Baggage,1997,"Adventure,Romance",2.5811,Marco Brambilla
Executive Decision,1996,"Action,Adventure,Thriller",3.3531,Stuart Baird
Exit Wounds,2001,"Action,Thriller",2.6211,Andrzej Bartkowiak
Exit to Eden,1994,Comedy,2.6704,Garry Marshall
"Exorcism of Emily Rose, The",2005,"Crime,Drama,Horror,Thriller",3.2131,Scott Derrickson
Exorcist II: The Heretic,1977,Horror,1.9019,John Boorman
"Exorcist III, The",1990,Horror,2.686,William Peter Blatty
"Exorcist, The",1973,"Horror,Mystery",3.7448,William Friedkin
Exotica,1994,Drama,3.5331,Atom Egoyan
"Expendables 2, The",2012,"Action,Adventure",2.9734,Simon West
"Expendables, The",2010,"Action,Adventure,Thriller",2.9722,Sylvester Stallone
Extreme Measures,1996,"Drama,Thriller",3.1321,Michael Apted
Eye for an Eye,1996,"Drama,Thriller",3.3161,John Schlesinger
Eye of the Beholder,1999,Thriller,2.3419,Stephan Elliott
Eyes Wide Shut,1999,"Drama,Mystery,Thriller",3.2785,Stanley Kubrick
F/X,1986,"Action,Crime,Thriller",3.4347,Robert Mandel
F/X2 (a.k.a. F/X 2 - The Deadly Art of Illusion),1991,"Action,Crime,Thriller",2.7064,Richard Franklin
"Fabulous Baker Boys, The",1989,"Drama,Romance",3.3429,Steve Kloves
Face/Off,1997,"Action,Crime,Drama,Thriller",3.328,John Woo
"Faculty, The",1998,"Horror,Sci-Fi",2.8633,Robert Rodriguez
Fahrenheit 451,1966,"Drama,Sci-Fi",3.6013,François Truffaut
Fail-Safe,1964,"Drama,Thriller,War",3.9422,Sidney Lumet
Failure to Launch,2006,"Comedy,Romance",2.849,Tom Dey
Fair Game,1995,Action,2.3457,Andrew Sipes
"Fall, The",2006,"Adventure,Drama,Fantasy",3.9199,Tarsem Singh
Fallen,1998,"Crime,Drama,Fantasy,Thriller",3.4888,Gregory Hoblit
Falling Down,1993,"Action,Drama",3.5879,Joel Schumacher
Fame,1980,"Drama,Musical",3.2681,Alan Parker
"Family Man, The",2000,"Comedy,Drama,Romance",3.3549,Brett Ratner
"Family Stone, The",2005,"Comedy,Drama,Romance",3.231,Thomas Bezucha
"Family Thing, A",1996,"Comedy,Drama",3.6358,Richard Pearce
"Fan, The",1996,"Drama,Thriller",2.8749,Tony Scott
Fanny and Alexander (Fanny och Alexander),1982,"Drama,Fantasy,Mystery",3.9757,Ingmar Bergman
Fantasia,1940,"Animation,Children,Fantasy,Musical",3.7175,
Fantasia 2000,1999,"Animation,Children,Musical,IMAX",3.5231,James Algar|Gaëtan Brizzi|Paul Brizzi|Hendel Butoy
Fantastic Four: Rise of the Silver Surfer,2007,"Action,Adventure,Sci-Fi",2.6292,Tim Story
Fantastic Mr. Fox,2009,"Adventure,Animation,Children,Comedy,Crime",3.8714,Wes Anderson
Fantastic Voyage,1966,"Adventure,Sci-Fi",3.4793,Richard Fleischer
Far and Away,1992,"Adventure,Drama,Romance",3.2747,Ron Howard
Far from Heaven,2002,"Drama,Romance",3.693,Todd Haynes
Farewell My Concubine (Ba wang bie ji),1993,"Drama,Romance",3.8894,Kaige Chen
Fargo,1996,"Comedy,Crime,Drama,Thriller",4.1114,Joel Coen
"Fast & Furious (Fast and the Furious 4, The)",2009,"Action,Crime,Drama,Thriller",3.2141,Justin Lin
"Fast & Furious 6 (Fast and the Furious 6, The)",2013,"Action,Crime,Thriller,IMAX",3.28,Justin Lin
"Fast Five (Fast and the Furious 5, The)",2011,"Action,Crime,Drama,Thriller,IMAX",3.457,Justin Lin
Fast Times at Ridgemont High,1982,"Comedy,Drama,Romance",3.6631,Amy Heckerling
"Fast and the Furious, The",2001,"Action,Crime,Thriller",2.9372,Rob Cohen
"Fast and the Furious: Tokyo Drift, The (Fast and the Furious 3, The)",2006,"Action,Crime,Drama,Thriller",2.847,Justin Lin
Fatal Attraction,1987,"Drama,Thriller",3.4222,Adrian Lyne
Fatal Instinct,1993,Comedy,2.885,Carl Reiner
Father of the Bride Part II,1995,Comedy,3.0584,Charles Shyer
Fear,1996,Thriller,3.2455,James Foley
Fear and Loathing in Las Vegas,1998,"Adventure,Comedy,Drama",3.7506,Terry Gilliam
Fearless,1993,Drama,3.5558,Peter Weir
Feeling Minnesota,1996,"Drama,Romance",2.7737,Steven Baigelman
Femme Fatale,2002,"Crime,Thriller",3.1527,Brian De Palma
"Femme Nikita, La (Nikita)",1990,"Action,Crime,Romance,Thriller",3.8671,Luc Besson
Ferngully: The Last Rainforest,1992,"Animation,Children,Comedy,Musical",3.1379,Bill Kroyer
Ferris Bueller's Day Off,1986,Comedy,3.9157,John Hughes
Fever Pitch,2005,"Comedy,Romance",3.1792,Bobby Farrelly|Peter Farrelly
"Few Good Men, A",1992,"Crime,Drama,Thriller",3.818,Rob Reiner
Fiddler on the Roof,1971,"Drama,Musical",3.8961,Norman Jewison
Field of Dreams,1989,"Children,Drama,Fantasy",3.6371,Phil Alden Robinson
Fierce Creatures,1997,Comedy,3.2008,Robert Young
"Fifth Element, The",1997,"Action,Adventure,Comedy,Sci-Fi",3.7699,Luc Besson
Fifty Shades of Grey,2015,"Drama,Romance",2.0209,Sam Taylor-Johnson
Fight Club,1999,"Action,Crime,Drama,Thriller",4.2283,David Fincher
"Fighter, The",2010,Drama,3.8319,David O. Russell
Final Destination,2000,"Drama,Thriller",3.1106,James Wong
Final Destination 2,2003,"Horror,Thriller",2.8977,David R. Ellis
Final Destination 3,2006,"Horror,Mystery,Thriller",2.7656,James Wong
"Final Destination, The (Final Destination 4) (Final Destination in 3-D, The)",2009,"Horror,Thriller",2.7371,David R. Ellis
Final Fantasy: The Spirits Within,2001,"Adventure,Animation,Fantasy,Sci-Fi",3.0862,Hironobu Sakaguchi
Finding Dory,2016,"Adventure,Animation,Comedy",3.6156,Andrew Stanton
Finding Forrester,2000,Drama,3.6717,Gus Van Sant
Finding Nemo,2003,"Adventure,Animation,Children,Comedy",3.834,Andrew Stanton
Finding Neverland,2004,Drama,3.6999,Marc Forster
Firestarter,1984,"Horror,Thriller",2.985,Mark L. Lester
Firewall,2006,"Crime,Drama,Thriller",2.8874,Richard Loncraine
Fireworks (Hana-bi),1997,"Crime,Drama",3.9525,Takeshi Kitano
"Firm, The",1993,"Drama,Thriller",3.4994,Sydney Pollack
First Blood (Rambo: First Blood),1982,"Action,Adventure,Drama,Thriller",3.576,Ted Kotcheff
First Kid,1996,"Children,Comedy",2.825,David Mickey Evans
First Knight,1995,"Action,Drama,Romance",3.0819,Jerry Zucker
First Strike (Police Story 4: First Strike) (Ging chaat goo si 4: Ji gaan daan yam mo),1996,"Action,Adventure,Comedy,Thriller",3.2939,Stanley Tong
"First Wives Club, The",1996,Comedy,3.0883,Hugh Wilson
"Fish Called Wanda, A",1988,"Comedy,Crime",3.8345,Charles Crichton
"Fisher King, The",1991,"Comedy,Drama,Fantasy,Romance",3.6207,Terry Gilliam
"Fistful of Dollars, A (Per un pugno di dollari)",1964,"Action,Western",3.9478,Sergio Leone
Fitzcarraldo,1982,"Adventure,Drama",3.957,Werner Herzog
Five Easy Pieces,1970,Drama,3.8992,Bob Rafelson
Flags of Our Fathers,2006,"Drama,War",3.4553,Clint Eastwood
"Flamingo Kid, The",1984,"Comedy,Drama",3.1608,Garry Marshall
Flash Gordon,1980,"Action,Adventure,Sci-Fi",3.089,Mike Hodges
Flashdance,1983,"Drama,Romance",2.9541,Adrian Lyne
Flatliners,1990,"Horror,Sci-Fi,Thriller",3.2564,Joel Schumacher
Fled,1996,"Action,Adventure",2.8339,Kevin Hooks
Fletch,1985,"Comedy,Crime,Mystery",3.4607,Michael Ritchie
Fletch Lives,1989,Comedy,2.8945,Michael Ritchie
Flight,2012,Drama,3.6222,Robert Zemeckis
Flight of the Navigator,1986,"Adventure,Children,Sci-Fi",3.4338,Randal Kleiser
Flight of the Phoenix,2004,"Action,Adventure",2.9463,John Moore
Flightplan,2005,"Action,Drama,Thriller",3.1195,Robert Schwentke
"Flintstones in Viva Rock Vegas, The",2000,"Children,Comedy",1.8287,Brian Levant
"Flintstones, The",1994,"Children,Comedy,Fantasy",2.4128,Brian Levant
Flipper,1996,"Adventure,Children",2.6262,Alan Shapiro
Flirting With Disaster,1996,Comedy,3.7442,David O. Russell
Flubber,1997,"Children,Comedy,Fantasy",2.5702,Les Mayfield
Flushed Away,2006,"Animation,Comedy",3.2771,David Bowers|Sam Fell
Fly Away Home,1996,"Adventure,Children",3.5166,Carroll Ballard
"Fly II, The",1989,"Horror,Sci-Fi",2.3083,Chris Walas
Focus,2015,"Comedy,Crime,Drama,Romance",3.495,Glenn Ficarra|John Requa
"Fog, The",1980,Horror,3.0554,John Carpenter
Fool's Gold,2008,"Action,Adventure,Comedy,Romance",2.9393,Andy Tennant
Fools Rush In,1997,"Comedy,Drama,Romance",3.1089,Andy Tennant
Footloose,1984,Drama,3.1152,Herbert Ross
For Love of the Game,1999,"Comedy,Drama",3.1113,Sam Raimi
For Love or Money,1993,"Comedy,Romance",3.1116,Barry Sonnenfeld
For Whom the Bell Tolls,1943,"Adventure,Drama,Romance,War",3.6392,Sam Wood
For Your Eyes Only,1981,"Action,Adventure,Thriller",3.4464,John Glen
For a Few Dollars More (Per qualche dollaro in più),1965,"Action,Drama,Thriller,Western",3.9912,Sergio Leone
"Forbidden Kingdom, The",2008,"Action,Adventure,Comedy,Fantasy",3.2834,Rob Minkoff
Forbidden Planet,1956,"Drama,Sci-Fi",3.8566,Fred M. Wilcox
Force 10 from Navarone,1978,"Action,Drama,War",3.2933,Guy Hamilton
Forces of Nature,1999,"Comedy,Romance",2.7265,Bronwen Hughes
Foreign Correspondent,1940,"Drama,Film-Noir,Mystery,Thriller",3.8115,Alfred Hitchcock
Forever Young,1992,"Drama,Romance,Sci-Fi",3.0727,Steve Miner
Forget Paris,1995,"Comedy,Romance",3.2214,Billy Crystal
Forgetting Sarah Marshall,2008,"Comedy,Romance",3.5629,Nicholas Stoller
"Forgotten, The",2004,"Drama,Mystery,Sci-Fi,Thriller",2.9248,Joseph Ruben
Forrest Gump,1994,"Comedy,Drama,Romance,War",4.048,Robert Zemeckis
"Fountain, The",2006,"Drama,Fantasy,Romance",3.6077,Darren Aronofsky
Four Brothers,2005,"Action,Crime,Drama",3.3538,John Singleton
Four Lions,2010,"Comedy,Drama",3.7193,Christopher Morris
Four Rooms,1995,Comedy,3.3844,Quentin Tarantino|Robert Rodriguez|Allison Anders|Alexandre Rockwell
Four Weddings and a Funeral,1994,"Comedy,Romance",3.6408,Mike Newell
"Fox and the Hound, The",1981,"Animation,Children,Drama",3.4518,Ted Berman|Richard Rich|Art Stevens
Foxcatcher,2014,Drama,3.3631,Bennett Miller
Foxfire,1996,Drama,3.1693,Annette Haywood-Carter
Fracture,2007,"Crime,Drama,Mystery,Thriller",3.7204,Gregory Hoblit
Frailty,2001,"Crime,Drama,Thriller",3.6432,Bill Paxton
Frances Ha,2012,"Comedy,Drama",3.7532,Noah Baumbach
Frankenstein,1931,"Drama,Horror,Sci-Fi",3.8436,James Whale
Frankenweenie,2012,"Animation,Comedy,Horror,IMAX",3.2792,Tim Burton
Frankie and Johnny,1991,"Comedy,Romance",3.188,Garry Marshall
Frantic,1988,"Crime,Mystery,Thriller",3.3834,Roman Polanski
Freaks,1932,"Crime,Drama,Horror",3.7573,Tod Browning
Freddy Got Fingered,2001,Comedy,2.1406,Tom Green
Freddy vs. Jason,2003,"Action,Horror,Thriller",2.5026,Ronny Yu
"Freddy's Dead: The Final Nightmare (Nightmare on Elm Street Part 6: Freddy's Dead, A)",1991,Horror,2.323,Rachel Talalay
Free Willy,1993,"Adventure,Children,Drama",2.6178,Simon Wincer
Free Willy 2: The Adventure Home,1995,"Adventure,Children,Drama",2.2695,Dwight H. Little
Free Willy 3: The Rescue,1997,"Adventure,Children,Drama",1.712,Sam Pillsbury
Freedom Writers,2007,Drama,3.6742,Richard LaGravenese
Freejack,1992,"Action,Sci-Fi",2.5319,Geoff Murphy
Freeway,1996,"Comedy,Crime,Drama,Thriller",3.5209,Matthew Bright
"French Connection, The",1971,"Action,Crime,Thriller",3.94,William Friedkin
French Kiss,1995,"Action,Comedy,Romance",3.315,Lawrence Kasdan
French Twist (Gazon maudit),1995,"Comedy,Romance",3.4302,Josiane Balasko
Frenzy,1972,Thriller,3.6019,Alfred Hitchcock
Frequency,2000,"Drama,Thriller",3.569,Gregory Hoblit
Fresh,1994,"Crime,Drama,Thriller",3.8083,Boaz Yakin
"Freshman, The",1990,"Comedy,Crime",3.4394,Andrew Bergman
Frida,2002,"Drama,Romance",3.738,Julie Taymor
Friday,1995,Comedy,3.5583,F. Gary Gray
Friday Night Lights,2004,"Action,Drama",3.5499,Peter Berg
Friday the 13th,1980,"Horror,Mystery,Thriller",2.9196,Sean S. Cunningham
Friday the 13th Part 2,1981,Horror,2.4983,Steve Miner
Friday the 13th Part IV: The Final Chapter,1984,Horror,2.2935,Joseph Zito
Fried Green Tomatoes,1991,"Comedy,Crime,Drama",3.7411,Jon Avnet
Friends with Benefits,2011,"Comedy,Romance",3.2922,Will Gluck
Fright Night,1985,"Comedy,Horror,Thriller",3.3514,Tom Holland
"Frighteners, The",1996,"Comedy,Horror,Thriller",3.3693,Peter Jackson
From Dusk Till Dawn,1996,"Action,Comedy,Horror,Thriller",3.3266,Robert Rodriguez
From Hell,2001,"Crime,Horror,Mystery,Thriller",3.3166,Albert Hughes|Allen Hughes
From Here to Eternity,1953,"Drama,Romance,War",3.9287,Fred Zinnemann
From Paris with Love,2010,"Action,Crime",3.1486,Pierre Morel
From Russia with Love,1963,"Action,Adventure,Thriller",3.7048,Terence Young
Frost/Nixon,2008,Drama,3.7676,Ron Howard
Frozen,2013,"Adventure,Animation,Comedy,Fantasy,Musical,Romance",3.485,Chris Buck|Jennifer Lee
"Fugitive, The",1993,Thriller,3.9722,Andrew Davis
Full Metal Jacket,1987,"Drama,War",4.0434,Stanley Kubrick
"Full Monty, The",1997,"Comedy,Drama",3.6846,Peter Cattaneo
Fun with Dick and Jane,2005,"Comedy,Crime",2.9518,Dean Parisot
Funny Face,1957,"Comedy,Musical",3.615,Stanley Donen
Funny Farm,1988,Comedy,2.9165,George Roy Hill
Funny Games,1997,"Drama,Horror,Thriller",3.7535,Michael Haneke
Funny Games U.S.,2007,"Drama,Thriller",3.3933,Michael Haneke
Funny Girl,1968,"Drama,Musical,Romance",3.5413,William Wyler
Funny People,2009,"Comedy,Drama",3.0912,Judd Apatow
Furious 7,2015,"Action,Crime,Thriller",3.3637,James Wan
Fury,2014,"Action,Drama,War",3.7282,David Ayer
G.I. Jane,1997,"Action,Drama",2.9301,Ridley Scott
G.I. Joe: Retaliation,2013,"Action,Adventure,Sci-Fi,Thriller,IMAX",2.7681,Jon M. Chu
G.I. Joe: The Rise of Cobra,2009,"Action,Adventure,Sci-Fi,Thriller",2.777,Stephen Sommers
Galaxy Quest,1999,"Adventure,Comedy,Sci-Fi",3.6078,Dean Parisot
Gallipoli,1981,"Drama,War",3.8396,Peter Weir
Game Night,2018,"Action,Comedy,Crime,Horror",3.5865,John Francis Daley|Jonathan Goldstein
"Game, The",1997,"Drama,Mystery,Thriller",3.8671,David Fincher
Gamer,2009,"Action,Sci-Fi,Thriller",2.9497,Mark Neveldine|Brian Taylor
Gandhi,1982,Drama,3.9857,Richard Attenborough
Gangs of New York,2002,"Crime,Drama",3.5364,Martin Scorsese
Gangster Squad,2013,"Action,Crime,Drama",3.1876,Ruben Fleischer
Garden State,2004,"Comedy,Drama,Romance",3.7375,Zach Braff
Garfield: The Movie,2004,"Animation,Children,Comedy",2.2132,Peter Hewitt
Gaslight,1944,"Drama,Thriller",4.0179,George Cukor
Gattaca,1997,"Drama,Sci-Fi,Thriller",3.8045,Andrew Niccol
"Gay Divorcee, The",1934,"Comedy,Musical,Romance",3.9131,Mark Sandrich
"General's Daughter, The",1999,"Crime,Drama,Mystery,Thriller",3.0616,Simon West
Gentlemen Prefer Blondes,1953,"Comedy,Musical,Romance",3.697,Howard Hawks
George of the Jungle,1997,"Children,Comedy",2.6904,Sam Weisman
Georgia,1995,Drama,3.2203,Ulu Grosbard
Geri's Game,1997,"Animation,Children",3.9448,Jan Pinkava
Geronimo: An American Legend,1993,"Drama,Western",3.1334,Walter Hill
Get Carter,2000,"Action,Drama,Thriller",2.3719,Stephen Kay
Get Hard,2015,"Comedy,Crime",3.1453,Etan Cohen
Get Him to the Greek,2010,Comedy,3.1642,Nicholas Stoller
Get Out,2017,Horror,3.9628,Jordan Peele
Get Shorty,1995,"Comedy,Crime,Thriller",3.5702,Barry Sonnenfeld
Get Smart,2008,"Action,Comedy",3.1454,Peter Segal
"Getaway, The",1994,"Action,Adventure,Crime,Drama,Romance,Thriller",2.7577,Roger Donaldson
Getting Even with Dad,1994,Comedy,2.4275,Howard Deutch
Gettysburg,1993,"Drama,War",3.7883,Ron Maxwell
Ghost,1990,"Comedy,Drama,Fantasy,Romance,Thriller",3.4342,Jerry Zucker
Ghost Dog: The Way of the Samurai,1999,"Crime,Drama",3.733,Jim Jarmusch
Ghost Rider,2007,"Action,Fantasy,Thriller",2.4626,Mark Steven Johnson
Ghost Ship,2002,Horror,2.6097,Steve Beck
Ghost Town,2008,"Comedy,Fantasy,Romance",3.3913,David Koepp
Ghost World,2001,"Comedy,Drama",3.7524,Terry Zwigoff
"Ghost Writer, The",2010,"Drama,Mystery,Thriller",3.591,Roman Polanski
"Ghost and Mrs. Muir, The",1947,"Drama,Fantasy,Romance",3.8122,Joseph L. Mankiewicz
"Ghost and the Darkness, The",1996,"Action,Adventure",3.3937,Stephen Hopkins
Ghost in the Shell,2017,"Action,Drama,Sci-Fi",3.2154,Rupert Sanders
Ghost in the Shell (Kôkaku kidôtai),1995,"Animation,Sci-Fi",3.9678,Mamoru Oshii
Ghost in the Shell 2: Innocence (a.k.a. Innocence) (Inosensu),2004,"Action,Animation,Drama,Sci-Fi,Thriller",3.8014,Mamoru Oshii
Ghostbusters,2016,"Action,Comedy,Horror,Sci-Fi",2.7796,Paul Feig
Ghostbusters (a.k.a. Ghost Busters),1984,"Action,Comedy,Sci-Fi",3.7591,Ivan Reitman
Ghostbusters II,1989,"Comedy,Fantasy,Sci-Fi",3.0316,Ivan Reitman
Ghosts of Mars,2001,"Horror,Sci-Fi,Thriller",2.3423,John Carpenter
Ghosts of Mississippi,1996,Drama,3.5272,Rob Reiner
Giant,1956,"Drama,Romance,Western",3.7397,George Stevens
"Gift, The",2000,Thriller,3.3862,Sam Raimi
Gifted,2017,Drama,3.8801,Marc Webb
Gigi,1958,Musical,3.5968,Vincente Minnelli
Gilda,1946,"Drama,Film-Noir,Mystery,Romance",3.8959,Charles Vidor
Ginger Snaps,2000,"Drama,Horror,Thriller",3.4615,John Fawcett
Girl 6,1996,"Comedy,Drama",2.9309,Spike Lee
"Girl Next Door, The",2004,"Comedy,Romance",3.2948,Luke Greenfield
"Girl Who Kicked the Hornet's Nest, The (Luftslottet som sprängdes)",2009,"Action,Crime,Mystery",3.8397,Daniel Alfredson
"Girl Who Leapt Through Time, The (Toki o kakeru shôjo)",2006,"Animation,Comedy,Drama,Romance,Sci-Fi",3.9351,Mamoru Hosoda
"Girl Who Played with Fire, The (Flickan som lekte med elden)",2009,"Action,Crime,Drama,Mystery,Thriller",3.7734,Daniel Alfredson
Girl with a Pearl Earring,2003,"Drama,Romance",3.484,Peter Webber
"Girl with the Dragon Tattoo, The",2011,"Drama,Thriller",3.8112,David Fincher
"Girl with the Dragon Tattoo, The (Män som hatar kvinnor)",2009,"Crime,Drama,Mystery,Thriller",3.8857,Niels Arden Oplev
"Girl, Interrupted",1999,Drama,3.5926,James Mangold
"Giver, The",2014,"Drama,Sci-Fi",3.3613,Phillip Noyce
"Glass House, The",2001,Thriller,2.8311,Daniel Sackheim
Glengarry Glen Ross,1992,Drama,3.8585,James Foley
"Glimmer Man, The",1996,"Action,Thriller",2.6677,John Gray
Glory,1989,"Drama,War",3.96,Edward Zwick
Go,1999,"Comedy,Crime",3.6802,Doug Liman
Go Fish,1994,"Drama,Romance",3.3442,Rose Troche
"Godfather, The",1972,"Crime,Drama",4.3243,Francis Ford Coppola
"Godfather: Part II, The",1974,"Crime,Drama",4.2618,Francis Ford Coppola
"Godfather: Part III, The",1990,"Crime,Drama,Mystery,Thriller",3.4332,Francis Ford Coppola
Gods and Monsters,1998,Drama,3.8077,Bill Condon
Godzilla (Gojira),1954,"Drama,Horror,Sci-Fi",3.2283,Ishirô Honda
"Gold Rush, The",1925,"Adventure,Comedy,Romance",4.0458,Charles Chaplin
"Golden Child, The",1986,"Action,Adventure,Comedy,Fantasy,Mystery",2.8878,Michael Ritchie
"Golden Compass, The",2007,"Adventure,Children,Fantasy",3.0892,Chris Weitz
GoldenEye,1995,"Action,Adventure,Thriller",3.4215,Martin Campbell
Goldfinger,1964,"Action,Adventure,Thriller",3.744,Guy Hamilton
Gone Baby Gone,2007,"Crime,Drama,Mystery",3.797,Ben Affleck
Gone Girl,2014,"Drama,Thriller",3.9343,David Fincher
Gone in 60 Seconds,2000,"Action,Crime",3.0879,Dominic Sena
Gone with the Wind,1939,"Drama,Romance,War",3.8098,Victor Fleming
"Good Day to Die Hard, A",2013,"Action,Crime,Thriller,IMAX",2.5877,John Moore
"Good Girl, The",2002,"Comedy,Drama",3.3307,Miguel Arteta
Good Luck Chuck,2007,"Comedy,Romance",2.7817,Mark Helfrich
"Good Morning, Vietnam",1987,"Comedy,Drama,War",3.6666,Barry Levinson
"Good Night, and Good Luck.",2005,"Crime,Drama",3.7836,George Clooney
"Good Shepherd, The",2006,"Drama,Thriller",3.4061,Robert De Niro
"Good Son, The",1993,"Drama,Thriller",2.9026,Joseph Ruben
Good Will Hunting,1997,"Drama,Romance",4.0749,Gus Van Sant
"Good Year, A",2006,"Comedy,Drama,Romance",3.5364,Ridley Scott
"Good bye, Lenin!",2003,"Comedy,Drama",3.8762,Wolfgang Becker
"Good, the Bad and the Ugly, The (Buono, il brutto, il cattivo, Il)",1966,"Action,Adventure,Western",4.1293,Sergio Leone
"Goodbye Girl, The",1977,"Comedy,Romance",3.6501,Herbert Ross
Goodfellas,1990,"Crime,Drama",4.1805,Martin Scorsese
"Goofy Movie, A",1995,"Animation,Children,Comedy,Romance",3.0852,Kevin Lima
"Goonies, The",1985,"Action,Adventure,Children,Comedy,Fantasy",3.6417,Richard Donner
Gorillas in the Mist,1988,Drama,3.4945,Michael Apted
Gosford Park,2001,"Comedy,Drama,Mystery",3.6072,Robert Altman
Gothika,2003,"Horror,Thriller",2.8836,Mathieu Kassovitz
"Graduate, The",1967,"Comedy,Drama,Romance",4.0315,Mike Nichols
Gran Torino,2008,"Crime,Drama",3.9094,Clint Eastwood
"Grand Budapest Hotel, The",2014,"Comedy,Drama",4.0167,Wes Anderson
Grand Canyon,1991,"Crime,Drama",3.3931,Lawrence Kasdan
"Grand Day Out with Wallace and Gromit, A",1989,"Adventure,Animation,Children,Comedy,Sci-Fi",4.0483,Nick Park
Grand Illusion (La grande illusion),1937,"Drama,War",4.1264,Jean Renoir
Grandma's Boy,2006,Comedy,3.528,Nicholaus Goossen
"Grapes of Wrath, The",1940,Drama,3.978,John Ford
Gravity,2013,"Action,Sci-Fi,IMAX",3.617,Alfonso Cuarón
Grease,1978,"Comedy,Musical,Romance",3.3127,Randal Kleiser
Grease 2,1982,"Comedy,Musical,Romance",1.9705,Patricia Birch
"Great Dictator, The",1940,"Comedy,Drama,War",4.0491,Charles Chaplin
"Great Escape, The",1963,"Action,Adventure,Drama,War",4.1037,John Sturges
Great Expectations,1998,"Drama,Romance",3.252,Alfonso Cuarón
"Great Gatsby, The",2013,Drama,3.503,Baz Luhrmann
"Great Mouse Detective, The",1986,"Action,Animation,Children,Crime",3.4864,Ron Clements|Burny Mattinson|Dave Michener|John Musker
"Great Muppet Caper, The",1981,"Children,Comedy",3.5978,Jim Henson
"Great Outdoors, The",1988,Comedy,3.3115,Howard Deutch
"Great Race, The",1965,"Comedy,Musical",3.4824,Blake Edwards
"Great Santini, The",1979,Drama,3.8335,Lewis John Carlino
"Great White Hype, The",1996,Comedy,2.7868,Reginald Hudlin
Green Book,2018,"Comedy,Drama",3.9437,Peter Farrelly
Green Card,1990,"Comedy,Drama,Romance",2.9749,Peter Weir
"Green Hornet, The",2011,"Action,Comedy,Crime,Fantasy,Thriller,IMAX",2.7201,Michel Gondry
Green Lantern,2011,"Action,Adventure,Sci-Fi",2.4646,Martin Campbell
"Green Mile, The",1999,"Crime,Drama",4.0278,Frank Darabont
Green Street Hooligans (a.k.a. Hooligans),2005,"Crime,Drama",3.7159,Lexi Alexander
Green Zone,2010,"Action,Drama,Thriller,War",3.3687,Paul Greengrass
Gremlins,1984,"Comedy,Horror",3.2842,Joe Dante
Gremlins 2: The New Batch,1990,"Comedy,Horror",2.7548,Joe Dante
"Grey, The",2012,"Action,Drama",3.1679,Joe Carnahan
"Grifters, The",1990,"Crime,Drama,Film-Noir",3.7102,Stephen Frears
Grindhouse,2007,"Action,Crime,Horror,Sci-Fi,Thriller",3.677,Quentin Tarantino|Robert Rodriguez|Eli Roth|Edgar Wright
Grosse Pointe Blank,1997,"Comedy,Crime,Romance",3.7289,George Armitage
Groundhog Day,1993,"Comedy,Fantasy,Romance",3.8918,Harold Ramis
Grown Ups,2010,Comedy,2.7072,Dennis Dugan
"Grudge, The",2004,"Horror,Mystery,Thriller",2.8341,Takashi Shimizu
Grumpier Old Men,1995,"Comedy,Romance",3.142,Howard Deutch
Grumpy Old Men,1993,Comedy,3.3298,Donald Petrie
"Guard, The",2011,"Comedy,Crime",3.7724,John Michael McDonagh
"Guardian, The",2006,"Action,Adventure,Drama",3.4982,Andrew Davis
Guardians of the Galaxy,2014,"Action,Adventure,Sci-Fi",3.9322,James Gunn
Guardians of the Galaxy 2,2017,"Action,Adventure,Sci-Fi",3.8694,James Gunn
Guess Who's Coming to Dinner,1967,Drama,3.8504,Stanley Kramer
Gung Ho,1986,"Comedy,Drama",2.8932,Ron Howard
"Guns of Navarone, The",1961,"Action,Adventure,Drama,War",3.8,J. Lee Thompson
Guys and Dolls,1955,"Comedy,Musical,Romance",3.737,Joseph L. Mankiewicz
Hachiko: A Dog's Story (a.k.a. Hachi: A Dog's Tale),2009,Drama,3.8037,Lasse Hallström
Hackers,1995,"Action,Adventure,Crime,Thriller",3.2157,Iain Softley
Hacksaw Ridge,2016,"Drama,War",3.8882,Mel Gibson
"Hail, Caesar!",2016,Comedy,3.2621,Ethan Coen|Joel Coen
Half Baked,1998,Comedy,3.2699,Tamra Davis
Half Nelson,2006,Drama,3.6801,Ryan Fleck
Hall Pass,2011,Comedy,2.7617,Bobby Farrelly|Peter Farrelly
Halloween 4: The Return of Michael Myers,1988,Horror,2.4,Dwight H. Little
Halloween 5: The Revenge of Michael Myers,1989,Horror,2.1842,Dominique Othenin-Girard
Halloween H20: 20 Years Later (Halloween 7: The Revenge of Laurie Strode),1998,"Horror,Thriller",2.528,Steve Miner
Halloween II,1981,Horror,2.8279,Rick Rosenthal
Halloween III: Season of the Witch,1982,Horror,2.0182,Tommy Lee Wallace
Halloween: The Curse of Michael Myers (Halloween 6: The Curse of Michael Myers),1995,"Horror,Thriller",2.5737,Joe Chappelle
Hancock,2008,"Action,Adventure,Comedy,Crime,Fantasy",3.1386,Peter Berg
"Hand That Rocks the Cradle, The",1992,"Drama,Thriller",3.0793,Curtis Hanson
Hang 'Em High,1968,"Crime,Drama,Western",3.6344,Ted Post
"Hangover Part II, The",2011,Comedy,2.9797,Todd Phillips
"Hangover Part III, The",2013,Comedy,2.963,Todd Phillips
"Hangover, The",2009,"Comedy,Crime",3.5993,Todd Phillips
Hanna,2011,"Action,Adventure,Mystery,Thriller",3.4829,Joe Wright
Hannah and Her Sisters,1986,"Comedy,Drama,Romance",3.9158,Woody Allen
Hannibal,2001,"Horror,Thriller",3.2158,Ridley Scott
Hannibal Rising,2007,"Drama,Horror,Thriller",3.0405,Peter Webber
Hansel & Gretel: Witch Hunters,2013,"Action,Fantasy,Horror,IMAX",2.9619,Tommy Wirkola
"Happening, The",2008,"Drama,Sci-Fi,Thriller",2.4187,M. Night Shyamalan
Happiness,1998,"Comedy,Drama",3.8333,Todd Solondz
Happy Feet,2006,"Adventure,Animation,Children,Comedy,IMAX",2.9915,George Miller
Happy Gilmore,1996,Comedy,3.3944,Dennis Dugan
"Happy, Texas",1999,Comedy,3.3784,Mark Illsley
Hard Candy,2005,"Drama,Thriller",3.5996,David Slade
"Hard Day's Night, A",1964,"Adventure,Comedy,Musical",3.8289,Richard Lester
Hard Rain,1998,"Action,Crime,Thriller",2.748,Mikael Salomon
Hard Target,1993,"Action,Adventure,Crime,Thriller",2.9176,John Woo
Hard-Boiled (Lat sau san taam),1992,"Action,Crime,Drama,Thriller",3.9521,John Woo
Harold & Kumar Escape from Guantanamo Bay,2008,"Adventure,Comedy",3.1229,Jon Hurwitz|Hayden Schlossberg
Harold and Kumar Go to White Castle,2004,"Adventure,Comedy",3.4353,Danny Leiner
Harold and Maude,1971,"Comedy,Drama,Romance",3.9753,Hal Ashby
Harriet the Spy,1996,"Children,Comedy",2.9987,Bronwen Hughes
Harry Potter and the Chamber of Secrets,2002,"Adventure,Fantasy",3.6418,Chris Columbus
Harry Potter and the Deathly Hallows: Part 1,2010,"Action,Adventure,Fantasy,IMAX",3.8654,David Yates
Harry Potter and the Deathly Hallows: Part 2,2011,"Action,Adventure,Drama,Fantasy,Mystery,IMAX",3.907,David Yates
Harry Potter and the Goblet of Fire,2005,"Adventure,Fantasy,Thriller,IMAX",3.7679,Mike Newell
Harry Potter and the Half-Blood Prince,2009,"Adventure,Fantasy,Mystery,Romance,IMAX",3.8349,David Yates
Harry Potter and the Order of the Phoenix,2007,"Adventure,Drama,Fantasy,IMAX",3.7689,David Yates
Harry Potter and the Prisoner of Azkaban,2004,"Adventure,Fantasy,IMAX",3.8111,Alfonso Cuarón
Harry Potter and the Sorcerer's Stone (a.k.a. Harry Potter and the Philosopher's Stone),2001,"Adventure,Children,Fantasy",3.6782,Chris Columbus
Harry and the Hendersons,1987,"Children,Comedy",2.7086,William Dear
Hart's War,2002,"Drama,War",3.1293,Gregory Hoblit
Harvey,1950,"Comedy,Fantasy",3.9983,Henry Koster
"Hate (Haine, La)",1995,"Crime,Drama",3.9862,Mathieu Kassovitz
"Haunted Mansion, The",2003,"Children,Comedy,Fantasy,Horror",2.3786,Rob Minkoff
He Got Game,1998,Drama,3.3635,Spike Lee
He's Just Not That Into You,2009,"Comedy,Drama,Romance",3.2511,Ken Kwapis
Headhunters (Hodejegerne),2011,"Action,Crime,Thriller",3.8072,Morten Tyldum
Heart and Souls,1993,"Comedy,Fantasy",3.4474,Ron Underwood
Heartbreak Ridge,1986,"Action,War",3.2801,Clint Eastwood
Heartbreakers,2001,"Comedy,Crime,Romance",3.0179,David Mirkin
Hearts in Atlantis,2001,Drama,3.3005,Scott Hicks
Hearts of Darkness: A Filmmakers Apocalypse,1991,Documentary,3.9846,Fax Bahr|Eleanor Coppola|George Hickenlooper
Heat,1995,"Action,Crime,Thriller",3.8549,Michael Mann
"Heat, The",2013,"Action,Comedy,Crime",3.3527,Paul Feig
Heathers,1989,Comedy,3.7498,Michael Lehmann
Heaven Can Wait,1978,Comedy,3.5412,Warren Beatty|Buck Henry
Heavenly Creatures,1994,"Crime,Drama",3.8224,Peter Jackson
Heavy Metal,1981,"Action,Adventure,Animation,Horror,Sci-Fi",3.3742,John Bruno|John Halas|Gerald Potterton|Julian Harris
Heavyweights (Heavy Weights),1995,"Children,Comedy",3.0752,Steven Brill
Hedwig and the Angry Inch,2000,"Comedy,Drama,Musical",3.7836,John Cameron Mitchell
Heist,2001,"Crime,Drama",3.3829,David Mamet
Hell or High Water,2016,"Crime,Drama",3.8845,David Mackenzie
Hellbound: Hellraiser II,1988,Horror,2.9821,Tony Randel
Hellboy,2004,"Action,Adventure,Fantasy,Horror",3.3069,Guillermo del Toro
Hellboy II: The Golden Army,2008,"Action,Adventure,Fantasy,Sci-Fi",3.3534,Guillermo del Toro
Hellraiser,1987,Horror,3.363,Clive Barker
Hellraiser: Bloodline,1996,"Action,Horror,Sci-Fi",2.512,Kevin Yagher
Help!,1965,"Comedy,Musical",3.7274,Richard Lester
"Help, The",2011,Drama,3.91,Tate Taylor
Henry Fool,1997,"Comedy,Drama",3.5295,Hal Hartley
Henry V,1989,"Action,Drama,Romance,War",4.1104,Kenneth Branagh
Henry: Portrait of a Serial Killer,1986,"Crime,Horror,Thriller",3.4149,John McNaughton
Her,2013,"Drama,Romance,Sci-Fi",3.8845,Spike Jonze
Herbie Goes Bananas,1980,"Adventure,Children,Comedy",2.5016,Vincent McEveety
Herbie Goes to Monte Carlo,1977,"Adventure,Children,Comedy",2.5769,Vincent McEveety
Herbie Rides Again,1974,"Children,Comedy,Fantasy,Romance",2.751,Robert Stevenson
Hercules,1997,"Adventure,Animation,Children,Comedy,Musical",3.4191,Ron Clements|John Musker
Hero,1992,"Comedy,Drama",3.0522,Stephen Frears
Hero (Ying xiong),2002,"Action,Adventure,Drama",3.8972,Yimou Zhang
Hidalgo,2004,"Adventure,Drama",3.3211,Joe Johnston
Hidden (a.k.a. Cache) (Caché),2005,"Drama,Mystery,Thriller",3.6594,Michael Haneke
Hidden Figures,2016,Drama,4.0079,Theodore Melfi
"Hidden Fortress, The (Kakushi-toride no san-akunin)",1958,"Action,Adventure",3.949,Akira Kurosawa
"Hidden, The",1987,"Action,Horror,Sci-Fi",3.5663,Jack Sholder
Hide and Seek,2005,"Horror,Mystery,Thriller",2.9484,John Polson
High Art,1998,"Drama,Romance",3.5458,Lisa Cholodenko
High Crimes,2002,Thriller,3.1853,Carl Franklin
High Fidelity,2000,"Comedy,Drama,Romance",3.8059,Stephen Frears
High Noon,1952,"Drama,Western",4.0377,Fred Zinnemann
High Plains Drifter,1973,Western,3.8245,Clint Eastwood
High School High,1996,Comedy,2.7182,Hart Bochner
High School Musical,2006,"Children,Comedy,Drama,Musical,Romance",2.585,Kenny Ortega
Higher Learning,1995,Drama,3.2518,John Singleton
Highlander,1986,"Action,Adventure,Fantasy",3.618,Russell Mulcahy
Highlander II: The Quickening,1991,"Action,Sci-Fi",2.1504,Russell Mulcahy
Highlander III: The Sorcerer (a.k.a. Highlander: The Final Dimension),1994,"Action,Fantasy",2.441,Andrew Morahan
Highlander: Endgame (Highlander IV),2000,"Action,Adventure,Fantasy",2.4453,Doug Aarniokoski
Hilary and Jackie,1998,Drama,3.6774,Anand Tucker
"Hills Have Eyes, The",2006,"Drama,Horror,Thriller",2.8854,Alexandre Aja
His Girl Friday,1940,"Comedy,Romance",4.0992,Howard Hawks
"History of Violence, A",2005,"Action,Crime,Drama,Thriller",3.6249,David Cronenberg
History of the World: Part I,1981,"Comedy,Musical",3.5905,Mel Brooks
Hitch,2005,"Comedy,Romance",3.3461,Andy Tennant
"Hitcher, The",1986,"Action,Thriller",3.4976,Robert Harmon
"Hitchhiker's Guide to the Galaxy, The",2005,"Adventure,Comedy,Sci-Fi",3.4342,Garth Jennings
Hitman,2007,"Action,Crime,Thriller",2.9661,Xavier Gens
"Hobbit: An Unexpected Journey, The",2012,"Adventure,Fantasy,IMAX",3.6632,Peter Jackson
"Hobbit: The Desolation of Smaug, The",2013,"Adventure,Fantasy,IMAX",3.6298,Peter Jackson
Hocus Pocus,1993,"Children,Comedy,Fantasy,Horror",3.0801,Kenny Ortega
Holes,2003,"Adventure,Children,Comedy,Mystery",3.5207,Andrew Davis
Holiday Inn,1942,"Comedy,Musical",3.8118,Mark Sandrich
"Holiday, The",2006,"Comedy,Romance",3.5557,Nancy Meyers
Hollow Man,2000,"Horror,Sci-Fi,Thriller",2.5381,Paul Verhoeven
Holy Man,1998,Comedy,2.5124,Stephen Herek
Home,2015,"Adventure,Animation,Children,Comedy,Fantasy,Sci-Fi",3.3052,Tim Johnson
Home Alone,1990,"Children,Comedy",3.1419,Chris Columbus
Home Alone 2: Lost in New York,1992,"Children,Comedy",2.6659,Chris Columbus
Home Alone 3,1997,"Children,Comedy",1.8712,Raja Gosnell
Home Fries,1998,"Comedy,Romance",2.5262,Dean Parisot
Home for the Holidays,1995,Drama,3.3204,Jodie Foster
Homeward Bound II: Lost in San Francisco,1996,"Adventure,Children",3.0086,David R. Ellis
Homeward Bound: The Incredible Journey,1993,"Adventure,Children,Drama",3.2749,Duwayne Dunham
"Honey, I Blew Up the Kid",1992,"Children,Comedy,Sci-Fi",2.1265,Randal Kleiser
"Honey, I Shrunk the Kids",1989,"Adventure,Children,Comedy,Fantasy,Sci-Fi",2.7187,Joe Johnston
Honeymoon in Vegas,1992,"Comedy,Romance",3.1151,Andrew Bergman
Hoodwinked!,2005,"Animation,Children,Comedy",3.0816,Cory Edwards
Hook,1991,"Adventure,Comedy,Fantasy",3.214,Steven Spielberg
Hoosiers (a.k.a. Best Shot),1986,"Drama,Romance",3.8609,David Anspaugh
Hope Floats,1998,"Comedy,Drama,Romance",2.9346,Forest Whitaker
Hope and Glory,1987,Drama,3.9012,John Boorman
Horrible Bosses,2011,"Comedy,Crime",3.3268,Seth Gordon
Horrible Bosses 2,2014,"Comedy,Crime",3.1856,Sean Anders
Horse Feathers,1932,Comedy,3.9732,Norman Z. McLeod
"Horse Whisperer, The",1998,"Drama,Romance",3.1428,Robert Redford
Horton Hears a Who!,2008,"Adventure,Animation,Children,Comedy",3.2822,Jimmy Hayward|Steve Martino
"Host, The (Gwoemul)",2006,"Comedy,Drama,Horror,Sci-Fi,Thriller",3.5116,Bong Joon Ho
Hostage,2005,"Action,Crime,Drama,Thriller",3.2823,Florent-Emilio Siri
"Hot Chick, The",2002,Comedy,2.5231,Tom Brady
Hot Fuzz,2007,"Action,Comedy,Crime,Mystery",3.8519,Edgar Wright
Hot Rod,2007,Comedy,3.4551,Akiva Schaffer
Hot Shots!,1991,"Action,Comedy,Romance,War",3.267,Jim Abrahams
Hot Shots! Part Deux,1993,"Action,Comedy,War",2.9398,Jim Abrahams
Hot Tub Time Machine,2010,"Comedy,Sci-Fi",3.1051,Steve Pink
Hotel Rwanda,2004,"Drama,War",3.9785,Terry George
Hotel Transylvania,2012,"Animation,Children,Comedy",3.4959,Genndy Tartakovsky
Hotel Transylvania 2,2015,"Animation,Comedy",3.4595,Genndy Tartakovsky
"Hours, The",2002,"Drama,Romance",3.6804,Stephen Daldry
House,1986,"Comedy,Fantasy,Horror",2.9679,Steve Miner
"House Bunny, The",2008,Comedy,2.8299,Fred Wolf
House of Flying Daggers (Shi mian mai fu),2004,"Action,Drama,Romance",3.7296,Yimou Zhang
House of Games,1987,"Crime,Film-Noir,Mystery,Thriller",3.9406,David Mamet
House of Sand and Fog,2003,Drama,3.6941,Vadim Perelman
House of Wax,2005,"Horror,Thriller",2.3932,Jaume Collet-Serra
"House of Yes, The",1997,"Comedy,Drama",3.5329,Mark Waters
"House of the Spirits, The",1993,"Drama,Romance",3.2576,Bille August
Houseguest,1994,Comedy,3.008,Randall Miller
How Green Was My Valley,1941,"Drama,Musical,Romance",3.8286,John Ford
How Stella Got Her Groove Back,1998,"Drama,Romance",2.6762,Kevin Rodney Sullivan
How the Grinch Stole Christmas (a.k.a. The Grinch),2000,"Children,Comedy,Fantasy",2.8769,Ron Howard
How the Grinch Stole Christmas!,1966,"Animation,Comedy,Fantasy,Musical",3.7761,Chuck Jones
How to Lose a Guy in 10 Days,2003,"Comedy,Romance",3.1813,Donald Petrie
How to Make an American Quilt,1995,"Drama,Romance",3.2634,Jocelyn Moorhouse
How to Marry a Millionaire,1953,"Comedy,Drama,Romance",3.648,Jean Negulesco
How to Steal a Million,1966,"Comedy,Crime,Romance",3.9139,William Wyler
How to Train Your Dragon,2010,"Adventure,Animation,Children,Fantasy,IMAX",3.9113,Dean DeBlois|Chris Sanders
How to Train Your Dragon 2,2014,"Action,Adventure,Animation",3.7395,Dean DeBlois
Howard the Duck,1986,"Adventure,Comedy,Sci-Fi",2.1488,Willard Huyck
Howards End,1992,Drama,3.761,James Ivory
Howl's Moving Castle (Hauru no ugoku shiro),2004,"Adventure,Animation,Fantasy,Romance",4.0933,Hayao Miyazaki
"Howling, The",1980,"Horror,Mystery",3.2169,Joe Dante
Hud,1963,"Drama,Western",3.9565,Martin Ritt
Hudson Hawk,1991,"Action,Adventure,Comedy",2.8427,Michael Lehmann
"Hudsucker Proxy, The",1994,Comedy,3.658,Joel Coen
Hugo,2011,"Children,Drama,Mystery",3.5317,Martin Scorsese
Hulk,2003,"Action,Adventure,Sci-Fi",2.6377,Ang Lee
"Hunchback of Notre Dame, The",1996,"Animation,Children,Drama,Musical,Romance",3.2644,Gary Trousdale|Kirk Wise
Hunger,2008,Drama,3.7752,Steve McQueen
"Hunt for Red October, The",1990,"Action,Adventure,Thriller",3.8628,John McTiernan
Hunt for the Wilderpeople,2016,"Adventure,Comedy",4.0133,Taika Waititi
"Hunt, The (Jagten)",2012,Drama,4.0781,Thomas Vinterberg
"Hurricane, The",1999,Drama,3.7354,Norman Jewison
"Hurt Locker, The",2008,"Action,Drama,Thriller,War",3.7274,Kathryn Bigelow
Husbands and Wives,1992,"Comedy,Drama",3.8102,Woody Allen
Hustle & Flow,2005,"Crime,Drama",3.5719,Craig Brewer
"Hustler, The",1961,Drama,4.0726,Robert Rossen
I Am Legend,2007,"Action,Horror,Sci-Fi,Thriller,IMAX",3.491,Francis Lawrence
I Am Number Four,2011,"Action,Sci-Fi,Thriller,IMAX",2.9729,D.J. Caruso
I Am Sam,2001,Drama,3.5483,Jessie Nelson
I Heart Huckabees,2004,Comedy,3.5674,David O. Russell
I Know What You Did Last Summer,1997,"Horror,Mystery,Thriller",2.4885,Jim Gillespie
I Love Trouble,1994,"Action,Comedy",2.7209,Charles Shyer
I Love You Phillip Morris,2009,"Comedy,Drama,Romance",3.2912,Glenn Ficarra|John Requa
"I Love You, Man",2009,Comedy,3.5826,John Hamburg
I Now Pronounce You Chuck and Larry,2007,"Comedy,Romance",2.7926,Dennis Dugan
I Origins,2014,"Drama,Sci-Fi",3.6993,Mike Cahill
I Saw the Devil (Akmareul boatda),2010,"Crime,Thriller",3.7854,Kim Jee-woon
I Shot Andy Warhol,1996,Drama,3.4238,Mary Harron
I Spy,2002,"Action,Adventure,Comedy,Crime",2.7539,Betty Thomas
I Still Know What You Did Last Summer,1998,"Horror,Mystery,Thriller",2.1003,Danny Cannon
I'm Gonna Git You Sucka,1988,"Action,Comedy",3.3937,Keenen Ivory Wayans
"I, Robot",2004,"Action,Adventure,Sci-Fi,Thriller",3.4698,Alex Proyas
"I, Tonya",2017,Drama,3.7187,Craig Gillespie
I.Q.,1994,"Comedy,Romance",3.2158,Fred Schepisi
Ice Age,2002,"Adventure,Animation,Children,Comedy",3.5402,Chris Wedge
Ice Age 2: The Meltdown,2006,"Adventure,Animation,Children,Comedy",3.2594,Carlos Saldanha
Ice Age 4: Continental Drift,2012,"Adventure,Animation,Comedy",3.2008,Steve Martino|Michael Thurmeier
Ice Age: Dawn of the Dinosaurs,2009,"Action,Adventure,Animation,Children,Comedy,Romance",3.2871,Carlos Saldanha|Michael Thurmeier
"Ice Storm, The",1997,Drama,3.7912,Ang Lee
Ichi the Killer (Koroshiya 1),2001,"Action,Comedy,Crime,Drama,Horror,Thriller",3.476,Takashi Miike
"Ideal Husband, An",1999,"Comedy,Romance",3.744,Oliver Parker
Identity,2003,"Crime,Horror,Mystery,Thriller",3.6046,James Mangold
Identity Thief,2013,"Comedy,Crime",2.9202,Seth Gordon
"Ides of March, The",2011,Drama,3.5496,George Clooney
Idiocracy,2006,"Adventure,Comedy,Sci-Fi,Thriller",3.372,Mike Judge
"Idiots, The (Idioterne)",1998,"Comedy,Drama",3.5497,
Idle Hands,1999,"Comedy,Horror",2.7681,Rodman Flender
If Lucy Fell,1996,"Comedy,Romance",2.9854,Eric Schaeffer
Igby Goes Down,2002,"Comedy,Drama",3.5328,Burr Steers
Ikiru,1952,Drama,4.1117,Akira Kurosawa
"Illusionist, The",2006,"Drama,Fantasy,Mystery,Romance",3.8084,Neil Burger
"Imaginarium of Doctor Parnassus, The",2009,"Drama,Fantasy",3.4209,Terry Gilliam
Immortal Beloved,1994,"Drama,Romance",3.6753,Bernard Rose
Immortals,2011,"Action,Drama,Fantasy",2.8674,Tarsem Singh
"Importance of Being Earnest, The",2002,"Comedy,Drama,Romance",3.6087,Oliver Parker
"Impossible, The (Imposible, Lo)",2012,"Drama,Thriller",3.5969,J.A. Bayona
In & Out,1997,Comedy,3.149,Frank Oz
In America,2002,"Drama,Romance",3.8842,Jim Sheridan
In Bruges,2008,"Comedy,Crime,Drama,Thriller",3.8866,Martin McDonagh
In Cold Blood,1967,"Crime,Drama",3.9217,Richard Brooks
In Good Company,2004,"Comedy,Drama",3.3862,Paul Weitz
In Her Shoes,2005,"Comedy,Drama",3.2728,Curtis Hanson
In Time,2011,"Crime,Sci-Fi,Thriller",3.4393,Andrew Niccol
In the Army Now,1994,"Comedy,War",2.2988,Daniel Petrie Jr.
In the Bedroom,2001,Drama,3.6823,Todd Field
In the Company of Men,1997,"Comedy,Drama",3.6587,Neil LaBute
In the Heat of the Night,1967,"Drama,Mystery",4.0485,Norman Jewison
In the Line of Fire,1993,"Action,Thriller",3.7212,Wolfgang Petersen
In the Loop,2009,Comedy,3.8258,Armando Iannucci
In the Mood For Love (Fa yeung nin wa),2000,"Drama,Romance",4.042,Wong Kar-Wai
In the Mouth of Madness,1995,"Horror,Thriller",3.2434,John Carpenter
In the Name of the Father,1993,Drama,3.9152,Jim Sheridan
In the Valley of Elah,2007,"Drama,Mystery",3.571,Paul Haggis
Inception,2010,"Action,Crime,Drama,Mystery,Sci-Fi,Thriller,IMAX",4.1555,Christopher Nolan
"Incredible Hulk, The",2008,"Action,Sci-Fi",3.1622,Louis Leterrier
Incredibles 2,2018,"Action,Adventure,Animation,Children",3.7035,Brad Bird
"Incredibles, The",2004,"Action,Adventure,Animation,Children,Comedy",3.8549,Brad Bird
Indecent Proposal,1993,"Drama,Romance",2.7904,Adrian Lyne
Independence Day (a.k.a. ID4),1996,"Action,Adventure,Sci-Fi,Thriller",3.3739,Roland Emmerich
Independence Day: Resurgence,2016,"Action,Adventure,Sci-Fi",2.797,Roland Emmerich
"Indian in the Cupboard, The",1995,"Adventure,Children,Fantasy",3.0959,Frank Oz
Indiana Jones and the Kingdom of the Crystal Skull,2008,"Action,Adventure,Comedy,Sci-Fi",2.8993,Steven Spielberg
Indiana Jones and the Last Crusade,1989,"Action,Adventure",3.9852,Steven Spielberg
Indiana Jones and the Temple of Doom,1984,"Action,Adventure,Fantasy",3.6959,Steven Spielberg
Indochine,1992,"Drama,Romance",3.6925,Régis Wargnier
Infernal Affairs (Mou gaan dou),2002,"Crime,Drama,Thriller",3.9603,Wai Keung Lau|Alan Mak
"Informant!, The",2009,"Comedy,Crime,Drama,Thriller",3.3101,Steven Soderbergh
Inglorious Bastards (Quel maledetto treno blindato),1978,"Action,Adventure,Drama,War",3.8576,Enzo G. Castellari
Inglourious Basterds,2009,"Action,Drama,War",4.0114,Quentin Tarantino
Inherent Vice,2014,"Comedy,Crime,Drama,Mystery,Romance",3.4295,Paul Thomas Anderson
Inherit the Wind,1960,Drama,4.0596,Stanley Kramer
Inland Empire,2006,"Drama,Mystery,Thriller",3.5769,David Lynch
Innerspace,1987,"Action,Adventure,Comedy,Sci-Fi",3.2724,Joe Dante
Inside Llewyn Davis,2013,Drama,3.7323,Ethan Coen|Joel Coen
Inside Man,2006,"Crime,Drama,Thriller",3.8907,Spike Lee
Inside Out,2015,"Adventure,Animation,Children,Comedy,Drama,Fantasy",3.9324,Pete Docter
"Insider, The",1999,"Drama,Thriller",3.9182,Michael Mann
Insidious,2010,"Fantasy,Horror,Thriller",3.4308,James Wan
Inspector Gadget,1999,"Action,Adventure,Children,Comedy",2.1198,David Kellogg
Instinct,1999,"Drama,Thriller",3.1264,Jon Turteltaub
Insurgent,2015,"Action,Sci-Fi,Thriller",3.172,Robert Schwentke
"International, The",2009,"Drama,Thriller",3.2014,Tom Tykwer
"Internship, The",2013,Comedy,3.0926,Shawn Levy
"Interpreter, The",2005,"Drama,Thriller",3.3112,Sydney Pollack
Interstate 60,2002,"Adventure,Comedy,Drama,Fantasy,Mystery,Sci-Fi,Thriller",3.9301,Bob Gale
Interstellar,2014,"Sci-Fi,IMAX",4.0979,Christopher Nolan
Interview with the Vampire: The Vampire Chronicles,1994,"Drama,Horror",3.5089,Neil Jordan
Into the Wild,2007,"Action,Adventure,Drama",3.8752,Sean Penn
Into the Woods,2014,"Children,Comedy,Fantasy,Musical",3.0079,Rob Marshall
Intolerable Cruelty,2003,"Comedy,Romance",3.2055,Joel Coen
Intouchables,2011,"Comedy,Drama",4.1248,Olivier Nakache|Éric Toledano
Inventing the Abbotts,1997,"Drama,Romance",3.19,Pat O'Connor
"Invention of Lying, The",2009,Comedy,3.2239,Ricky Gervais|Matthew Robinson
Invictus,2009,Drama,3.5748,Clint Eastwood
Invincible,2006,Drama,3.5528,Ericson Core
"Invisible Man, The",1933,"Horror,Sci-Fi",3.564,James Whale
Ip Man,2008,"Action,Drama,War",3.9435,Wilson Yip
Ip Man 2,2010,Action,3.7767,Wilson Yip
Iron Eagle,1986,"Action,War",2.5733,Sidney J. Furie
Iron Eagle II,1988,"Action,War",1.8439,Sidney J. Furie
"Iron Giant, The",1999,"Adventure,Animation,Children,Drama,Sci-Fi",3.8665,Brad Bird
Iron Man,2008,"Action,Adventure,Sci-Fi",3.8338,Jon Favreau
Iron Man 2,2010,"Action,Adventure,Sci-Fi,Thriller,IMAX",3.4804,Jon Favreau
Iron Man 3,2013,"Action,Sci-Fi,Thriller,IMAX",3.5177,Shane Black
Iron Monkey (Siu nin Wong Fei-hung ji: Tit Ma Lau),1993,"Action,Comedy",3.7118,Yuen Woo-Ping
Iron Sky,2012,"Action,Comedy,Sci-Fi",3.119,Timo Vuorensola
Irreversible (Irréversible),2002,"Crime,Drama,Mystery,Thriller",3.5949,Gaspar Noé
"Island of Dr. Moreau, The",1996,"Sci-Fi,Thriller",2.4715,John Frankenheimer
"Island, The",2005,"Action,Sci-Fi,Thriller",3.4067,Michael Bay
Isle of Dogs,2018,"Animation,Comedy",3.8572,Wes Anderson
It Could Happen to You,1994,"Comedy,Drama,Romance",3.3268,Andrew Bergman
It Happened One Night,1934,"Comedy,Romance",4.1304,Frank Capra
It's Complicated,2009,"Comedy,Romance",3.2404,Nancy Meyers
It's Kind of a Funny Story,2010,"Comedy,Drama",3.6449,Ryan Fleck|Anna Boden
"It's a Mad, Mad, Mad, Mad World",1963,"Action,Adventure,Comedy,Crime",3.5481,Stanley Kramer
It's a Wonderful Life,1946,"Children,Drama,Fantasy,Romance",4.0329,Frank Capra
JFK,1991,"Drama,Mystery,Thriller",3.6687,Oliver Stone
Jack,1996,"Comedy,Drama",3.0212,Francis Ford Coppola
Jack Frost,1998,"Children,Comedy,Drama",2.3781,Troy Miller
Jack Reacher,2012,"Action,Crime,Thriller",3.5236,Christopher McQuarrie
Jack Ryan: Shadow Recruit,2014,"Action,Drama,Thriller,IMAX",3.2273,Kenneth Branagh
"Jackal, The",1997,"Action,Thriller",3.1748,Michael Caton-Jones
Jackass Number Two,2006,"Comedy,Documentary",3.0901,Jeff Tremaine
Jackass: The Movie,2002,"Action,Comedy,Documentary",2.8902,Jeff Tremaine
"Jacket, The",2005,"Drama,Mystery,Sci-Fi,Thriller",3.5878,John Maybury
Jackie Brown,1997,"Crime,Drama,Thriller",3.6953,Quentin Tarantino
Jacob's Ladder,1990,"Horror,Mystery",3.6779,Adrian Lyne
Jade,1995,Thriller,2.7779,William Friedkin
Jagged Edge,1985,"Crime,Romance,Thriller",3.5734,Richard Marquand
Jakob the Liar,1999,Drama,2.8299,Peter Kassovitz
James and the Giant Peach,1996,"Adventure,Animation,Children,Fantasy,Musical",3.3033,Henry Selick
Jane Austen's Mafia!,1998,"Comedy,Crime",2.4725,Jim Abrahams
Jarhead,2005,"Action,Drama,War",3.4498,Sam Mendes
Jason Bourne,2016,Action,3.4551,Paul Greengrass
Jawbreaker,1999,Comedy,2.695,Darren Stein
Jaws,1975,"Action,Horror",3.7824,Steven Spielberg
Jaws 2,1978,"Horror,Thriller",2.5882,Jeannot Szwarc
Jaws 3-D,1983,"Action,Horror",1.8618,Joe Alves
Jaws: The Revenge,1987,"Horror,Thriller",1.8675,Joseph Sargent
Jay and Silent Bob Strike Back,2001,"Adventure,Comedy",3.2801,Kevin Smith
Jean de Florette,1986,"Drama,Mystery",4.1077,Claude Berri
Jeepers Creepers,2001,Horror,2.7188,Victor Salva
Jeepers Creepers 2,2003,"Horror,Thriller",2.5168,Victor Salva
Jeffrey,1995,"Comedy,Drama",3.5998,Christopher Ashley
Jennifer's Body,2009,"Comedy,Horror,Sci-Fi,Thriller",2.6506,Karyn Kusama
Jeremiah Johnson,1972,Western,3.7543,Sydney Pollack
"Jerk, The",1979,Comedy,3.6327,Carl Reiner
"Jerky Boys, The",1995,Comedy,2.2779,James Melkonian
Jerry Maguire,1996,"Drama,Romance",3.597,Cameron Crowe
Jersey Girl,2004,"Comedy,Drama,Romance",3.0627,Kevin Smith
Jesus Christ Superstar,1973,"Drama,Musical",3.4278,Norman Jewison
Jet Li's Fearless (Huo Yuan Jia),2006,"Action,Drama",3.7819,Ronny Yu
"Jewel of the Nile, The",1985,"Action,Adventure,Comedy,Romance",3.1442,Lewis Teague
Jimmy Neutron: Boy Genius,2001,"Adventure,Animation,Children,Comedy",2.8564,John A. Davis
Jingle All the Way,1996,"Children,Comedy",2.551,Brian Levant
Joe Dirt,2001,"Adventure,Comedy,Mystery,Romance",2.6439,Dennie Gordon
Joe Versus the Volcano,1990,"Comedy,Romance",2.8691,John Patrick Shanley
Joe's Apartment,1996,"Comedy,Fantasy,Musical",2.664,John Payson
John Carter,2012,"Action,Adventure,Sci-Fi,IMAX",3.1718,Andrew Stanton
John Q,2002,"Crime,Drama,Thriller",3.3736,Nick Cassavetes
John Tucker Must Die,2006,"Comedy,Romance",3.1286,Betty Thomas
John Wick,2014,"Action,Thriller",3.7959,Chad Stahelski
John Wick: Chapter Two,2017,"Action,Crime,Thriller",3.7664,Chad Stahelski
Johnny English,2003,"Action,Comedy,Thriller",2.8868,Peter Howitt
Johnny English Reborn,2011,"Adventure,Comedy,Thriller",3.1446,Oliver Parker
Johnny Mnemonic,1995,"Action,Sci-Fi,Thriller",2.7516,Robert Longo
Joker,2019,"Crime,Drama,Thriller",4.0507,Todd Phillips
Josie and the Pussycats,2001,Comedy,2.5293,Harry Elfont|Deborah Kaplan
"Journey of Natty Gann, The",1985,"Adventure,Children",3.4933,Jeremy Kagan
Journey to the Center of the Earth,2008,"Action,Adventure,Sci-Fi",2.8307,Eric Brevig
Joy,2015,"Comedy,Drama",3.2891,David O. Russell
"Joy Luck Club, The",1993,"Drama,Romance",3.7103,Wayne Wang
Joy Ride,2001,"Adventure,Thriller",3.1893,John Dahl
Judge Dredd,1995,"Action,Crime,Sci-Fi",2.5554,Danny Cannon
"Judge, The",2014,Drama,3.5101,David Dobkin
Judgment Night,1993,"Action,Crime,Thriller",2.9239,Stephen Hopkins
Judgment at Nuremberg,1961,Drama,3.9623,Stanley Kramer
Jules and Jim (Jules et Jim),1961,"Drama,Romance",3.9434,François Truffaut
Julie & Julia,2009,"Comedy,Drama,Romance",3.5143,Nora Ephron
Jumanji,1995,"Adventure,Children,Fantasy",3.2515,Joe Johnston
Jumanji: Welcome to the Jungle,2017,"Action,Adventure,Children",3.5506,Jake Kasdan
Jumper,2008,"Action,Adventure,Drama,Sci-Fi,Thriller",3.0554,Doug Liman
Jumpin' Jack Flash,1986,"Action,Comedy,Romance,Thriller",2.7273,Penny Marshall
Jungle Fever,1991,"Drama,Romance",3.1822,Spike Lee
Jungle2Jungle (a.k.a. Jungle 2 Jungle),1997,"Children,Comedy",2.5229,John Pasquin
Junior,1994,"Comedy,Sci-Fi",2.7018,Ivan Reitman
Juno,2007,"Comedy,Drama,Romance",3.7328,Jason Reitman
Jupiter Ascending,2015,"Action,Adventure,Sci-Fi",2.6704,Lilly Wachowski|Lana Wachowski
Jurassic Park,1993,"Action,Adventure,Sci-Fi,Thriller",3.6792,Steven Spielberg
Jurassic Park III,2001,"Action,Adventure,Sci-Fi,Thriller",2.7088,Joe Johnston
Jurassic World,2015,"Action,Adventure,Drama,Sci-Fi,Thriller",3.3219,Colin Trevorrow
Jurassic World: Fallen Kingdom,2018,"Action,Adventure,Drama,Sci-Fi,Thriller",2.9696,J.A. Bayona
"Juror, The",1996,"Drama,Thriller",3.1199,Brian Gibson
Jury Duty,1995,Comedy,2.4493,John Fortenberry
Just Cause,1995,"Mystery,Thriller",3.4075,Arne Glimcher
Just Friends,2005,"Comedy,Romance",3.0927,Roger Kumble
Just Go with It,2011,"Comedy,Romance",3.2708,Dennis Dugan
Just Like Heaven,2005,"Comedy,Fantasy,Romance",3.5048,Mark Waters
Just Married,2003,"Comedy,Romance",2.6605,Shawn Levy
Justice League,2017,"Action,Adventure,Sci-Fi",2.8845,Zack Snyder
K-19: The Widowmaker,2002,"Action,Adventure,Drama,Thriller",3.2261,Kathryn Bigelow
K-9,1989,"Action,Comedy,Crime",2.6317,Rod Daniel
K-PAX,2001,"Drama,Fantasy,Mystery,Sci-Fi",3.5336,Iain Softley
Kagemusha,1980,"Drama,War",4.0262,Akira Kurosawa
Kalifornia,1993,"Drama,Thriller",3.3378,Dominic Sena
Kangaroo Jack,2003,"Action,Comedy",1.9027,David McNally
"Karate Kid, Part II, The",1986,"Action,Adventure,Drama",2.6559,John G. Avildsen
"Karate Kid, Part III, The",1989,"Action,Adventure,Children,Drama",2.1873,John G. Avildsen
Kate & Leopold,2001,"Comedy,Romance",3.1643,James Mangold
Kazaam,1996,"Children,Comedy,Fantasy",1.8094,Paul Michael Glaser
Keeping the Faith,2000,"Comedy,Drama,Romance",3.3992,Edward Norton
Kelly's Heroes,1970,"Action,Comedy,War",3.779,Brian G. Hutton
"Kentucky Fried Movie, The",1977,Comedy,3.3822,John Landis
Key Largo,1948,"Crime,Drama,Film-Noir,Thriller",3.9839,John Huston
Kick-Ass,2010,"Action,Comedy",3.6104,Matthew Vaughn
Kick-Ass 2,2013,"Action,Comedy,Crime",3.1511,Jeff Wadlow
Kicking and Screaming,1995,"Comedy,Drama",3.4869,Noah Baumbach
"Kid in King Arthur's Court, A",1995,"Adventure,Children,Comedy,Fantasy,Romance",2.6281,Michael Gottlieb
Kids,1995,Drama,3.5078,Larry Clark
"Kids Are All Right, The",2010,"Comedy,Drama",3.5076,Lisa Cholodenko
Kids in the Hall: Brain Candy,1996,Comedy,3.3606,Kelly Makin
Kiki's Delivery Service (Majo no takkyûbin),1989,"Adventure,Animation,Children,Drama,Fantasy",4.0114,Hayao Miyazaki
Kill Bill: Vol. 1,2003,"Action,Crime,Thriller",3.8578,Quentin Tarantino
Kill Bill: Vol. 2,2004,"Action,Drama,Thriller",3.8232,Quentin Tarantino
"Killer, The (Die xue shuang xiong)",1989,"Action,Crime,Drama,Thriller",4.0359,John Woo
"Killing Fields, The",1984,"Drama,War",4.071,Roland Joffé
Killing Zoe,1994,"Crime,Drama,Thriller",3.424,Roger Avary
"Killing, The",1956,"Crime,Film-Noir",4.043,Stanley Kubrick
Kind Hearts and Coronets,1949,"Comedy,Drama",4.0286,Robert Hamer
Kindergarten Cop,1990,"Action,Comedy,Crime,Thriller",2.8574,Ivan Reitman
King Arthur,2004,"Action,Adventure,Drama,War",3.0143,Antoine Fuqua
King Kong vs. Godzilla (Kingukongu tai Gojira),1962,"Action,Sci-Fi",2.7692,Ishirô Honda|Tom Montgomery
"King and I, The",1956,"Drama,Musical,Romance",3.764,Walter Lang
"King of Comedy, The",1983,"Comedy,Drama",3.8435,Martin Scorsese
King of New York,1990,"Crime,Thriller",3.4585,Abel Ferrara
"King's Speech, The",2010,Drama,3.917,Tom Hooper
Kingdom of Heaven,2005,"Action,Drama,Romance,War",3.475,Ridley Scott
"Kingdom, The",2007,"Action,Drama,Thriller",3.5179,Peter Berg
Kingpin,1996,Comedy,3.2797,Bobby Farrelly|Peter Farrelly
Kingsman: The Golden Circle,2017,"Action,Adventure,Comedy",3.392,Matthew Vaughn
Kingsman: The Secret Service,2015,"Action,Adventure,Comedy,Crime",3.7983,Matthew Vaughn
Kinsey,2004,Drama,3.5632,Bill Condon
Kiss Kiss Bang Bang,2005,"Comedy,Crime,Mystery,Thriller",3.8396,Shane Black
Kiss of Death,1995,"Crime,Drama,Thriller",3.0602,Barbet Schroeder
Kiss of the Dragon,2001,Action,3.2456,Chris Nahon
Kiss the Girls,1997,"Crime,Drama,Mystery,Thriller",3.3592,Gary Fleder
Kissing Jessica Stein,2001,"Comedy,Romance",3.4301,Charles Herman-Wurmfeld
Klute,1971,"Drama,Mystery",3.7837,Alan J. Pakula
Knight and Day,2010,"Action,Comedy,Romance",3.2532,James Mangold
"Knight's Tale, A",2001,"Action,Comedy,Romance",3.331,Brian Helgeland
Knocked Up,2007,"Comedy,Drama,Romance",3.4137,Judd Apatow
Knockin' on Heaven's Door,1997,"Action,Comedy,Crime,Drama",4.0523,Thomas Jahn
Knowing,2009,"Action,Drama,Mystery,Sci-Fi,Thriller",2.9492,Alex Proyas
Kolya (Kolja),1996,"Comedy,Drama",4.0078,Jan Svěrák
Kong: Skull Island,2017,"Action,Adventure,Fantasy",3.2017,Jordan Vogt-Roberts
Kramer vs. Kramer,1979,Drama,3.7211,Robert Benton
Krull,1983,"Action,Adventure,Fantasy,Sci-Fi",2.8935,Peter Yates
Kubo and the Two Strings,2016,"Adventure,Animation,Children,Fantasy",3.8539,Travis Knight
Kull the Conqueror,1997,"Action,Adventure",2.3307,John Nicolella
Kung Fu Hustle (Gong fu),2004,"Action,Comedy",3.7542,Stephen Chow
Kung Fu Panda,2008,"Action,Animation,Children,Comedy,IMAX",3.606,Mark Osborne|John Stevenson
Kung Fu Panda 2,2011,"Action,Adventure,Animation,Children,Comedy,IMAX",3.4778,Jennifer Yuh Nelson
Kung Fu Panda 3,2016,"Action,Adventure,Animation",3.5414,Jennifer Yuh Nelson|Alessandro Carloni
L.A. Confidential,1997,"Crime,Film-Noir,Mystery,Thriller",4.0632,Curtis Hanson
L.A. Story,1991,"Comedy,Romance",3.6084,Mick Jackson
La La Land,2016,"Comedy,Drama,Romance",3.7326,Damien Chazelle
Labyrinth,1986,"Adventure,Fantasy,Musical",3.6426,Jim Henson
Ladder 49,2004,"Action,Drama,Thriller",3.1933,Jay Russell
"Ladies Man, The",2000,Comedy,2.5035,Reginald Hudlin
Lady Bird,2017,Comedy,3.7758,Greta Gerwig
"Lady Eve, The",1941,"Comedy,Romance",4.0983,Preston Sturges
"Lady Vanishes, The",1938,"Drama,Mystery,Thriller",4.0572,Alfred Hitchcock
Lady Vengeance (Sympathy for Lady Vengeance) (Chinjeolhan geumjassi),2005,"Crime,Drama,Mystery,Thriller",3.8037,Park Chan-wook
Lady and the Tramp,1955,"Animation,Children,Comedy,Romance",3.5835,Clyde Geronimi|Wilfred Jackson|Hamilton Luske
Lady in the Water,2006,"Drama,Fantasy,Mystery",2.7884,M. Night Shyamalan
Ladyhawke,1985,"Adventure,Fantasy,Romance",3.5746,Richard Donner
"Lake House, The",2006,"Drama,Fantasy,Romance",3.3357,Alejandro Agresti
Lake Placid,1999,"Horror,Thriller",2.5257,Steve Miner
"Land Before Time, The",1988,"Adventure,Animation,Children,Fantasy",3.3482,Don Bluth
Land of the Dead,2005,"Action,Horror,Thriller",3.1868,George A. Romero
Lantana,2001,"Drama,Mystery,Thriller",3.7918,Ray Lawrence
Laputa: Castle in the Sky (Tenkû no shiro Rapyuta),1986,"Action,Adventure,Animation,Children,Fantasy,Sci-Fi",4.0676,Hayao Miyazaki
Lara Croft Tomb Raider: The Cradle of Life,2003,"Action,Adventure,Comedy,Romance,Thriller",2.7511,Jan de Bont
Lara Croft: Tomb Raider,2001,"Action,Adventure",2.7649,Simon West
Lars and the Real Girl,2007,"Comedy,Drama",3.7027,Craig Gillespie
Last Action Hero,1993,"Action,Adventure,Comedy,Fantasy",2.7995,John McTiernan
"Last Airbender, The",2010,"Action,Adventure,Fantasy",2.0063,M. Night Shyamalan
"Last Boy Scout, The",1991,"Action,Comedy,Crime,Drama,Thriller",3.3253,Tony Scott
"Last Castle, The",2001,Action,3.4029,Rod Lurie
"Last Days of Disco, The",1998,"Comedy,Drama",3.3052,Whit Stillman
"Last Detail, The",1973,"Comedy,Drama",3.8869,Hal Ashby
"Last Emperor, The",1987,Drama,3.8469,Bernardo Bertolucci
"Last King of Scotland, The",2006,"Drama,Thriller",3.841,Kevin Macdonald
Last Man Standing,1996,"Action,Crime,Drama,Thriller",3.0,Walter Hill
"Last Picture Show, The",1971,Drama,3.987,Peter Bogdanovich
"Last Samurai, The",2003,"Action,Adventure,Drama,War",3.6682,Edward Zwick
"Last Seduction, The",1994,"Crime,Drama,Thriller",3.7487,John Dahl
"Last Starfighter, The",1984,"Action,Adventure,Comedy,Sci-Fi",3.4349,Nick Castle
"Last Supper, The",1995,"Drama,Thriller",3.5281,Stacy Title
Last Tango in Paris (Ultimo tango a Parigi),1972,"Drama,Romance",3.4975,Bernardo Bertolucci
"Last Temptation of Christ, The",1988,Drama,3.6317,Martin Scorsese
"Last Unicorn, The",1982,"Animation,Children,Fantasy",3.6585,Jules Bass|Arthur Rankin Jr.
"Last of the Mohicans, The",1992,"Action,Romance,War,Western",3.7139,Michael Mann
Laura,1944,"Crime,Film-Noir,Mystery",4.0611,Otto Preminger
Law Abiding Citizen,2009,"Drama,Thriller",3.7269,F. Gary Gray
Lawless,2012,"Crime,Drama",3.5368,John Hillcoat
Lawnmower Man 2: Beyond Cyberspace,1996,"Action,Sci-Fi,Thriller",2.1377,Farhad Mann
"Lawnmower Man, The",1992,"Action,Horror,Sci-Fi,Thriller",2.7363,Brett Leonard
Lawrence of Arabia,1962,"Adventure,Drama,War",4.136,David Lean
Layer Cake,2004,"Crime,Drama,Thriller",3.7495,Matthew Vaughn
"League of Extraordinary Gentlemen, The (a.k.a. LXG)",2003,"Action,Fantasy,Sci-Fi",2.7818,Stephen Norrington
"League of Their Own, A",1992,"Comedy,Drama",3.5161,Penny Marshall
Lean on Me,1989,Drama,3.7275,John G. Avildsen
Leap Year,2010,"Comedy,Romance",3.313,Anand Tucker
Leaving Las Vegas,1995,"Drama,Romance",3.6773,Mike Figgis
Legally Blonde,2001,"Comedy,Romance",3.1577,Robert Luketic
"Legally Blonde 2: Red, White & Blonde",2003,Comedy,2.4081,Charles Herman-Wurmfeld
Legend,1985,"Adventure,Fantasy,Romance",3.2754,Ridley Scott
"Legend of 1900, The (a.k.a. The Legend of the Pianist on the Ocean) (Leggenda del pianista sull'oceano)",1998,Drama,3.7194,Giuseppe Tornatore
"Legend of Bagger Vance, The",2000,"Drama,Romance",3.1738,Robert Redford
"Legend of Drunken Master, The (Jui kuen II)",1994,"Action,Comedy",3.726,Chia-Liang Liu
"Legend of Zorro, The",2005,"Action,Adventure,Drama,Western",3.0727,Martin Campbell
Legend of the Guardians: The Owls of Ga'Hoole,2010,"Adventure,Animation,Fantasy,IMAX",3.2193,Zack Snyder
Legends of the Fall,1994,"Drama,Romance,War,Western",3.5003,Edward Zwick
Legion,2010,"Action,Fantasy,Horror,Thriller",2.6238,Scott Stewart
Lemony Snicket's A Series of Unfortunate Events,2004,"Adventure,Children,Comedy,Fantasy",3.3006,Brad Silberling
Let Me In,2010,"Drama,Horror,Mystery",3.5805,Matt Reeves
Lethal Weapon,1987,"Action,Comedy,Crime,Drama",3.694,Richard Donner
Lethal Weapon 2,1989,"Action,Comedy,Crime,Drama",3.3423,Richard Donner
Lethal Weapon 3,1992,"Action,Comedy,Crime,Drama",3.2151,Richard Donner
Lethal Weapon 4,1998,"Action,Comedy,Crime,Thriller",3.1185,Richard Donner
Letters from Iwo Jima,2006,"Drama,War",3.8059,Clint Eastwood
Letters to Juliet,2010,"Drama,Romance",3.4499,Gary Winick
Liar Liar,1997,Comedy,3.2381,Tom Shadyac
Licence to Kill,1989,"Action,Adventure,Thriller",3.2112,John Glen
"Life Aquatic with Steve Zissou, The",2004,"Adventure,Comedy,Fantasy",3.7099,Wes Anderson
Life Is Beautiful (La Vita è bella),1997,"Comedy,Drama,Romance,War",4.1543,Roberto Benigni
"Life Less Ordinary, A",1997,"Romance,Thriller",3.1743,Danny Boyle
Life as We Know It,2010,"Comedy,Romance",3.5663,Greg Berlanti
Life as a House,2001,Drama,3.7005,Irwin Winkler
"Life of David Gale, The",2003,"Crime,Drama,Thriller",3.6795,Alan Parker
Life of Pi,2012,"Adventure,Drama,IMAX",3.6783,Ang Lee
Lifeboat,1944,"Drama,War",3.8439,Alfred Hitchcock
Lifeforce,1985,"Horror,Sci-Fi",2.9179,Tobe Hooper
Like Water for Chocolate (Como agua para chocolate),1992,"Drama,Fantasy,Romance",3.9217,Alfonso Arau
Lilies of the Field,1963,Drama,3.93,Ralph Nelson
Lilo & Stitch,2002,"Adventure,Animation,Children,Sci-Fi",3.5242,Dean DeBlois|Chris Sanders
"Limey, The",1999,"Crime,Drama,Thriller",3.6177,Steven Soderbergh
Limitless,2011,"Sci-Fi,Thriller",3.8466,Neil Burger
Lincoln,2012,"Drama,War",3.625,Steven Spielberg
"Lincoln Lawyer, The",2011,"Crime,Drama,Thriller",3.7442,Brad Furman
Lion,2016,Drama,3.9169,Garth Davis
"Lion King, The",1994,"Adventure,Animation,Children,Drama,Musical,IMAX",3.8171,Roger Allers|Rob Minkoff
"Lion in Winter, The",1968,Drama,4.0338,Anthony Harvey
Little Big League,1994,"Comedy,Drama",2.9383,Andrew Scheinman
Little Big Man,1970,Western,3.9621,Arthur Penn
Little Buddha,1993,Drama,3.1569,Bernardo Bertolucci
Little Children,2006,"Drama,Romance",3.7613,Todd Field
Little Fockers,2010,Comedy,2.6776,Paul Weitz
Little Man Tate,1991,Drama,3.485,Jodie Foster
"Little Mermaid, The",1989,"Animation,Children,Comedy,Musical,Romance",3.5318,Ron Clements|John Musker
Little Miss Sunshine,2006,"Adventure,Comedy,Drama",3.8634,Jonathan Dayton|Valerie Faris
Little Nicky,2000,Comedy,2.4468,Steven Brill
"Little Princess, A",1995,"Children,Drama",3.7653,Alfonso Cuarón
"Little Princess, The",1939,"Children,Drama",3.6296,Walter Lang
"Little Rascals, The",1994,"Children,Comedy",2.9883,Penelope Spheeris
Little Shop of Horrors,1986,"Comedy,Horror,Musical",3.3024,Frank Oz
"Little Shop of Horrors, The",1960,"Comedy,Horror",3.2247,Roger Corman
Little Voice,1998,Comedy,3.6673,Mark Herman
Little Women,1994,Drama,3.6276,Gillian Armstrong
Live Free or Die Hard,2007,"Action,Adventure,Crime,Thriller",3.4549,Len Wiseman
Live and Let Die,1973,"Action,Adventure,Thriller",3.4825,Guy Hamilton
"Lives of Others, The (Das leben der Anderen)",2006,"Drama,Romance,Thriller",4.2004,Florian Henckel von Donnersmarck
"Living Daylights, The",1987,"Action,Adventure,Thriller",3.2669,John Glen
Living Out Loud,1998,"Comedy,Drama,Romance",3.3373,Richard LaGravenese
Living in Oblivion,1995,Comedy,3.8491,Tom DiCillo
Loaded Weapon 1 (National Lampoon's Loaded Weapon 1),1993,"Action,Comedy",2.7836,Gene Quintano
Local Hero,1983,Comedy,3.9487,Bill Forsyth
"Lock, Stock & Two Smoking Barrels",1998,"Comedy,Crime,Thriller",4.0267,Guy Ritchie
Locke,2013,Drama,3.642,Steven Knight
Logan,2017,"Action,Sci-Fi",3.8946,James Mangold
Logan Lucky,2017,Comedy,3.5377,Steven Soderbergh
Logan's Run,1976,"Action,Adventure,Sci-Fi",3.4306,Michael Anderson
London Has Fallen,2016,"Action,Crime,Thriller",3.066,Babak Najafi
"Lone Ranger, The",2013,"Action,Adventure,Western,IMAX",2.9461,Gore Verbinski
Lone Star,1996,"Drama,Mystery,Western",4.0532,John Sayles
Lone Survivor,2013,"Action,Drama,Thriller,War",3.7015,Peter Berg
"Long Goodbye, The",1973,"Crime,Film-Noir",3.8591,Robert Altman
"Long Kiss Goodnight, The",1996,"Action,Drama,Thriller",3.4246,Renny Harlin
"Longest Day, The",1962,"Action,Drama,War",3.8983,Ken Annakin|Andrew Marton|Bernhard Wicki
Look Who's Talking,1989,"Comedy,Romance",2.6718,Amy Heckerling
Look Who's Talking Now,1993,"Children,Comedy,Romance",1.9632,Tom Ropelewski
Look Who's Talking Too,1990,"Comedy,Romance",2.0281,Amy Heckerling
Looking for Richard,1996,"Documentary,Drama",3.7524,Al Pacino
"Lookout, The",2007,"Crime,Drama,Thriller",3.5371,Scott Frank
Looper,2012,"Action,Crime,Sci-Fi",3.6552,Rian Johnson
Lord of Illusions,1995,Horror,2.8893,Clive Barker
Lord of War,2005,"Action,Crime,Drama,Thriller,War",3.7655,Andrew Niccol
"Lord of the Rings, The",1978,"Adventure,Animation,Children,Fantasy",3.2073,Ralph Bakshi
"Lord of the Rings: The Fellowship of the Ring, The",2001,"Adventure,Fantasy",4.0912,Peter Jackson
"Lord of the Rings: The Return of the King, The",2003,"Action,Adventure,Drama,Fantasy",4.0903,Peter Jackson
"Lord of the Rings: The Two Towers, The",2002,"Adventure,Fantasy",4.0681,Peter Jackson
Loser,2000,"Comedy,Romance",2.6272,Amy Heckerling
Losing Isaiah,1995,Drama,3.3344,Stephen Gyllenhaal
"Lost Boys, The",1987,"Comedy,Horror,Thriller",3.576,Joel Schumacher
Lost Highway,1997,"Crime,Drama,Fantasy,Film-Noir,Mystery,Romance",3.7231,David Lynch
Lost Horizon,1937,Drama,3.8167,Frank Capra
"Lost Weekend, The",1945,Drama,3.8503,Billy Wilder
"Lost World: Jurassic Park, The",1997,"Action,Adventure,Sci-Fi,Thriller",2.9984,Steven Spielberg
Lost in Space,1998,"Action,Adventure,Sci-Fi",2.5775,Stephen Hopkins
Lost in Translation,2003,"Comedy,Drama,Romance",3.7939,Sofia Coppola
Louis C.K.: Chewed Up,2008,Comedy,3.9731,Louis C.K.|Shannon Hartman
Louis C.K.: Hilarious,2010,Comedy,3.998,Louis C.K.
Louis C.K.: Live at The Comedy Store,2015,Comedy,3.9444,Louis C.K.
Louis C.K.: Shameless,2007,Comedy,3.9897,Steven J. Santos
Love Actually,2003,"Comedy,Drama,Romance",3.7291,Richard Curtis
Love Affair,1994,"Drama,Romance",3.17,Glenn Gordon Caron
"Love Bug, The",1969,"Children,Comedy",3.0851,Robert Stevenson
"Love Letter, The",1999,"Comedy,Romance",2.6752,Peter Ho-Sun Chan
Love Me If You Dare (Jeux d'enfants),2003,"Drama,Romance",3.8369,Yann Samuell
Love Potion #9,1992,"Comedy,Romance",2.7331,Dale Launer
Love Story,1970,"Drama,Romance",3.186,Arthur Hiller
Love and Basketball,2000,"Drama,Romance",3.4132,Gina Prince-Bythewood
Love and Death,1975,Comedy,3.9557,Woody Allen
Love and Death on Long Island,1997,"Comedy,Drama",3.5145,Richard Kwietniowski
Love and Other Drugs,2010,"Comedy,Drama,Romance",3.3704,Edward Zwick
"Lovely Bones, The",2009,"Crime,Drama,Fantasy,Horror,Thriller",3.179,Peter Jackson
Lucas,1986,"Drama,Romance",3.4257,David Seltzer
Lucky Number Slevin,2006,"Crime,Drama,Mystery",3.8495,Paul McGuigan
Lucy,2014,"Action,Sci-Fi",3.0897,Luc Besson
Lupin III: The Castle Of Cagliostro (Rupan sansei: Kariosutoro no shiro),1979,"Action,Adventure,Animation,Comedy,Crime,Mystery",3.8802,Hayao Miyazaki
Léon: The Professional (a.k.a. The Professional) (Léon),1994,"Action,Crime,Drama,Thriller",4.0886,Luc Besson
M,1931,"Crime,Film-Noir,Thriller",4.1607,Fritz Lang
M*A*S*H (a.k.a. MASH),1970,"Comedy,Drama,War",3.8903,Robert Altman
Machete,2010,"Action,Adventure,Comedy,Crime,Thriller",3.2569,Robert Rodriguez|Ethan Maniquis
Mad City,1997,"Action,Drama",2.8376,Costa-Gavras
Mad Love,1995,"Drama,Romance",2.7306,Antonia Bird
Mad Max,1979,"Action,Adventure,Sci-Fi",3.5283,George Miller
Mad Max Beyond Thunderdome,1985,"Action,Adventure,Sci-Fi",3.1173,George Miller|George Ogilvie
Mad Max: Fury Road,2015,"Action,Adventure,Sci-Fi,Thriller",3.855,George Miller
Madagascar,2005,"Adventure,Animation,Children,Comedy",3.3605,Eric Darnell|Tom McGrath
Madagascar 3: Europe's Most Wanted,2012,"Adventure,Animation,Children,Comedy,IMAX",3.1774,Eric Darnell|Tom McGrath|Conrad Vernon
Madagascar: Escape 2 Africa,2008,"Action,Adventure,Animation,Children,Comedy,IMAX",3.2083,Eric Darnell|Tom McGrath
Made,2001,Comedy,3.2362,Jon Favreau
Made in America,1993,Comedy,2.7613,Richard Benjamin
Made of Honor,2008,"Comedy,Romance",3.1074,Paul Weiland
Madeline,1998,"Children,Comedy",3.137,Daisy von Scherler Mayer
"Madness of King George, The",1994,"Comedy,Drama",3.7401,Nicholas Hytner
Madonna: Truth or Dare,1991,"Documentary,Musical",2.8847,Alek Keshishian
"Magdalene Sisters, The",2002,Drama,3.8312,Peter Mullan
Magic Mike,2012,"Drama,Romance",3.04,Steven Soderbergh
"Magnificent Seven, The",1960,"Adventure,Western",3.911,John Sturges
Magnolia,1999,Drama,3.8691,Paul Thomas Anderson
Magnum Force,1973,"Action,Crime,Drama,Thriller",3.5875,Ted Post
Maid in Manhattan,2002,"Comedy,Romance",2.6725,Wayne Wang
"Majestic, The",2001,"Comedy,Drama,Romance",3.1932,Frank Darabont
Major League,1989,Comedy,3.4953,David S. Ward
Major League: Back to the Minors,1998,Comedy,2.2536,John Warren
Major Payne,1995,Comedy,2.8867,Nick Castle
Malcolm X,1992,Drama,3.7924,Spike Lee
Maleficent,2014,"Action,Adventure,Children,IMAX",3.3644,Robert Stromberg
Malice,1993,Thriller,3.36,Harold Becker
Mallrats,1995,"Comedy,Romance",3.5758,Kevin Smith
"Maltese Falcon, The",1941,"Film-Noir,Mystery",4.1541,John Huston
Malèna,2000,"Drama,Romance,War",3.6395,Giuseppe Tornatore
Mamma Mia!,2008,"Comedy,Musical,Romance",3.081,Phyllida Lloyd
"Man Who Fell to Earth, The",1976,"Drama,Sci-Fi",3.361,Nicolas Roeg
"Man Who Knew Too Little, The",1997,"Comedy,Crime,Thriller",3.2251,Jon Amiel
"Man Who Shot Liberty Valance, The",1962,"Crime,Drama,Western",3.9608,John Ford
"Man Who Wasn't There, The",2001,"Crime,Drama",3.7546,Joel Coen
"Man Who Would Be King, The",1975,"Adventure,Drama",4.0254,John Huston
"Man Without a Face, The",1993,Drama,3.4053,Mel Gibson
"Man for All Seasons, A",1966,Drama,4.1049,Fred Zinnemann
"Man from Earth, The",2007,"Drama,Sci-Fi",3.9597,Richard Schenkman
"Man from Snowy River, The",1982,"Drama,Romance,Western",3.7307,George Miller
"Man in the Iron Mask, The",1998,"Action,Adventure,Drama",3.1014,Randall Wallace
Man of Steel,2013,"Action,Adventure,Fantasy,Sci-Fi,IMAX",3.1261,Zack Snyder
Man of the House,1995,Comedy,2.8388,James Orr
Man on Fire,2004,"Action,Crime,Drama,Mystery,Thriller",3.808,Tony Scott
Man on a Ledge,2012,"Crime,Thriller",3.3361,Asger Leth
Man on the Moon,1999,"Comedy,Drama",3.5257,Miloš Forman
"Man with Two Brains, The",1983,Comedy,3.2295,Carl Reiner
"Man with the Golden Gun, The",1974,"Action,Adventure,Thriller",3.4723,Guy Hamilton
Manchester by the Sea,2016,Drama,3.8446,Kenneth Lonergan
Manhattan,1979,"Comedy,Drama,Romance",4.0492,Woody Allen
Manhattan Murder Mystery,1993,"Comedy,Mystery",3.6532,Woody Allen
Manhunter,1986,"Action,Crime,Drama,Horror,Thriller",3.5816,Michael Mann
Mannequin,1987,"Comedy,Romance",2.6621,Michael Gottlieb
Manon of the Spring (Manon des sources),1986,Drama,4.0651,Claude Berri
Mansfield Park,1999,"Comedy,Drama,Romance",3.7506,Patricia Rozema
Marathon Man,1976,"Crime,Drama,Thriller",3.8509,John Schlesinger
Margin Call,2011,"Drama,Thriller",3.723,J.C. Chandor
Marie Antoinette,2006,"Drama,Romance",3.257,Sofia Coppola
"Mark of Zorro, The",1940,Adventure,3.5881,Rouben Mamoulian
Marked for Death,1990,"Action,Drama",2.7547,Dwight H. Little
Marley & Me,2008,"Comedy,Drama",3.2822,David Frankel
Marnie,1964,"Drama,Mystery,Romance,Thriller",3.5034,Alfred Hitchcock
Married to the Mob,1988,Comedy,3.1052,Jonathan Demme
Mars Attacks!,1996,"Action,Comedy,Sci-Fi",2.9704,Tim Burton
Marty,1955,"Drama,Romance",3.9029,Delbert Mann
Marvin's Room,1996,Drama,3.4109,Jerry Zaks
Mary Poppins,1964,"Children,Comedy,Fantasy,Musical",3.7265,Robert Stevenson
Mary Reilly,1996,"Drama,Horror,Thriller",2.85,Stephen Frears
Mary Shelley's Frankenstein (Frankenstein),1994,"Drama,Horror,Sci-Fi",3.1321,Kenneth Branagh
Mask,1985,Drama,3.3716,Peter Bogdanovich
"Mask of Zorro, The",1998,"Action,Comedy,Romance",3.2817,Martin Campbell
"Mask, The",1994,"Action,Comedy,Crime,Fantasy",3.183,Chuck Russell
Master and Commander: The Far Side of the World,2003,"Adventure,Drama,War",3.6326,Peter Weir
"Master of Disguise, The",2002,"Comedy,Mystery",1.8687,Perry Andelin Blake
"Master, The",2012,Drama,3.6077,Paul Thomas Anderson
Masters of the Universe,1987,"Action,Adventure,Fantasy,Sci-Fi",2.3784,Gary Goddard
"Matador, The",2005,"Comedy,Drama,Thriller",3.4111,Richard Shepard
Match Point,2005,"Crime,Drama,Romance",3.7168,Woody Allen
"MatchMaker, The",1997,"Comedy,Romance",3.2179,Mark Joffe
Matchstick Men,2003,"Comedy,Crime,Drama",3.6479,Ridley Scott
Matewan,1987,Drama,4.0531,John Sayles
Matilda,1996,"Children,Comedy,Fantasy",3.4299,Danny DeVito
"Matrix Reloaded, The",2003,"Action,Adventure,Sci-Fi,Thriller,IMAX",3.3469,Lilly Wachowski|Lana Wachowski
"Matrix Revolutions, The",2003,"Action,Adventure,Sci-Fi,Thriller,IMAX",3.21,Lilly Wachowski|Lana Wachowski
"Matrix, The",1999,"Action,Sci-Fi,Thriller",4.1541,Lilly Wachowski|Lana Wachowski
Maverick,1994,"Adventure,Comedy,Western",3.4128,Richard Donner
Max Payne,2008,"Action,Crime,Drama,Thriller",2.5566,John Moore
Maximum Overdrive,1986,Horror,2.3664,Stephen King
Maximum Risk,1996,"Action,Adventure,Thriller",2.7368,Ringo Lam
"Maze Runner, The",2014,"Action,Mystery,Sci-Fi",3.3293,Wes Ball
Maze Runner: Scorch Trials,2015,"Action,Thriller",3.1841,Wes Ball
McCabe & Mrs. Miller,1971,"Drama,Western",3.8262,Robert Altman
McHale's Navy,1997,"Comedy,War",2.3148,Bryan Spicer
Me Before You,2016,"Drama,Romance",3.6461,Thea Sharrock
Me Myself I,2000,"Comedy,Romance",3.1333,Pip Karmel
Me and Earl and the Dying Girl,2015,Drama,3.8548,Alfonso Gomez-Rejon
Me and You and Everyone We Know,2005,"Comedy,Drama",3.7539,Miranda July
"Me, Myself & Irene",2000,"Adventure,Comedy",2.9747,Bobby Farrelly|Peter Farrelly
Mean Girls,2004,Comedy,3.5497,Mark Waters
Mean Streets,1973,"Crime,Drama",3.8084,Martin Scorsese
Meatballs,1979,Comedy,3.1754,Ivan Reitman
"Mechanic, The",2011,"Action,Drama,Thriller",3.4694,Simon West
Medicine Man,1992,"Adventure,Romance",2.9916,John McTiernan
Meet Joe Black,1998,Romance,3.3363,Martin Brest
Meet John Doe,1941,"Comedy,Drama",3.8185,Frank Capra
Meet Me in St. Louis,1944,Musical,3.7219,Vincente Minnelli
Meet the Fockers,2004,Comedy,3.0376,Jay Roach
Meet the Parents,2000,Comedy,3.3945,Jay Roach
Meet the Robinsons,2007,"Action,Adventure,Animation,Children,Comedy,Sci-Fi",3.4567,Stephen J. Anderson
Meet the Spartans,2008,Comedy,1.6096,Jason Friedberg|Aaron Seltzer
Megamind,2010,"Action,Animation,Children,Comedy,Sci-Fi,IMAX",3.5613,Tom McGrath
Melancholia,2011,"Drama,Sci-Fi",3.632,Lars von Trier
Memento,2000,"Mystery,Thriller",4.15,Christopher Nolan
Memoirs of a Geisha,2005,"Drama,Romance",3.6188,Rob Marshall
Memories of Murder (Salinui chueok),2003,"Crime,Drama,Mystery,Thriller",4.0144,Bong Joon Ho
Memphis Belle,1990,"Action,Drama,War",3.5625,Michael Caton-Jones
"Men Who Stare at Goats, The",2009,"Action,Comedy,Drama",3.1922,Grant Heslov
Men in Black (a.k.a. MIB),1997,"Action,Comedy,Sci-Fi",3.5817,Barry Sonnenfeld
Men in Black II (a.k.a. MIIB) (a.k.a. MIB 2),2002,"Action,Comedy,Sci-Fi",3.0116,Barry Sonnenfeld
Men in Black III (M.III.B.) (M.I.B.³),2012,"Action,Comedy,Sci-Fi,IMAX",3.3835,Barry Sonnenfeld
Men of Honor,2000,Drama,3.6206,George Tillman Jr.
Menace II Society,1993,"Action,Crime,Drama",3.6257,Albert Hughes|Allen Hughes
Mercury Rising,1998,"Action,Drama,Thriller",3.0284,Harold Becker
Mermaids,1990,"Comedy,Drama,Romance",3.2043,Richard Benjamin
Message in a Bottle,1999,Romance,2.8859,Luis Mandoki
"Messenger: The Story of Joan of Arc, The",1999,"Drama,War",3.062,Luc Besson
Metro,1997,"Action,Comedy,Crime,Drama,Thriller",2.8585,Thomas Carter
Metropolitan,1990,Comedy,3.8002,Whit Stillman
"Mexican, The",2001,"Action,Comedy",3.0209,Gore Verbinski
Miami Rhapsody,1995,Comedy,3.0212,David Frankel
Miami Vice,2006,"Action,Crime,Drama,Thriller",2.9407,Michael Mann
Michael,1996,"Comedy,Drama,Fantasy,Romance",3.0444,Nora Ephron
Michael Clayton,2007,"Drama,Thriller",3.7049,Tony Gilroy
Michael Collins,1996,Drama,3.5439,Neil Jordan
Mickey Blue Eyes,1999,"Comedy,Romance",2.8288,Kelly Makin
Midnight Cowboy,1969,Drama,3.9812,John Schlesinger
Midnight Express,1978,Drama,3.8839,Alan Parker
Midnight Run,1988,"Action,Comedy,Crime,Thriller",3.8079,Martin Brest
Midnight in Paris,2011,"Comedy,Fantasy,Romance",3.7806,Woody Allen
Midnight in the Garden of Good and Evil,1997,"Crime,Drama,Mystery",3.254,Clint Eastwood
Mighty Aphrodite,1995,"Comedy,Drama,Romance",3.5329,Woody Allen
"Mighty Ducks, The",1992,"Children,Comedy",2.8854,Stephen Herek
Mighty Morphin Power Rangers: The Movie,1995,"Action,Children",1.9535,Bryan Spicer
"Mighty Wind, A",2003,"Comedy,Musical",3.6659,Christopher Guest
"Mighty, The",1998,Drama,3.5782,Peter Chelsom
Mildred Pierce,1945,"Drama,Film-Noir",3.9331,Michael Curtiz
Milk,2008,Drama,3.7398,Gus Van Sant
Milk Money,1994,"Comedy,Romance",2.9789,Richard Benjamin
Millennium Actress (Sennen joyû),2001,"Animation,Drama,Romance",3.8339,Satoshi Kon
Miller's Crossing,1990,"Crime,Drama,Film-Noir,Thriller",3.9668,Joel Coen
Million Dollar Baby,2004,Drama,3.8294,Clint Eastwood
Millions,2004,"Children,Comedy,Crime,Drama,Fantasy",3.5756,Danny Boyle
Mimic,1997,"Horror,Sci-Fi,Thriller",2.7899,Guillermo del Toro
Mindhunters,2004,"Action,Crime,Horror,Mystery,Thriller",3.0831,Renny Harlin
Minions,2015,"Adventure,Animation,Children,Comedy",3.083,Kyle Balda|Pierre Coffin
Minority Report,2002,"Action,Crime,Mystery,Sci-Fi,Thriller",3.69,Steven Spielberg
Miracle,2004,Drama,3.7405,Gavin O'Connor
"Mirror Has Two Faces, The",1996,"Comedy,Drama,Romance",3.1809,Barbra Streisand
MirrorMask,2005,"Adventure,Children,Drama,Fantasy",3.6356,Dave McKean
Misery,1990,"Drama,Horror,Thriller",3.7731,Rob Reiner
Miss Congeniality,2000,"Comedy,Crime",3.0517,Donald Petrie
Miss Congeniality 2: Armed and Fabulous,2005,"Adventure,Comedy,Crime",2.5791,John Pasquin
Miss Peregrine's Home for Peculiar Children,2016,Fantasy,3.4364,Tim Burton
Mission to Mars,2000,Sci-Fi,2.6575,Brian De Palma
"Mission, The",1986,Drama,3.804,Roland Joffé
Mission: Impossible,1996,"Action,Adventure,Mystery,Thriller",3.4016,Brian De Palma
Mission: Impossible - Fallout,2018,"Action,Adventure,Thriller",3.7461,Christopher McQuarrie
Mission: Impossible - Ghost Protocol,2011,"Action,Adventure,Thriller,IMAX",3.6374,Brad Bird
Mission: Impossible - Rogue Nation,2015,"Action,Adventure,Thriller",3.6231,Christopher McQuarrie
Mission: Impossible II,2000,"Action,Adventure,Thriller",2.9809,John Woo
Mission: Impossible III,2006,"Action,Adventure,Thriller",3.3457,J.J. Abrams
Mississippi Burning,1988,"Crime,Drama,Thriller",3.8513,Alan Parker
"Mist, The",2007,"Horror,Sci-Fi",3.5197,Frank Darabont
Mister Roberts,1955,"Comedy,Drama,War",4.0352,John Ford|Mervyn LeRoy
Mixed Nuts,1994,Comedy,2.7166,Nora Ephron
Moana,2016,"Adventure,Animation,Children,Comedy,Fantasy",3.8499,Ron Clements|John Musker
"Mod Squad, The",1999,"Action,Crime",2.1431,Scott Silver
Modern Times,1936,"Comedy,Drama,Romance",4.0911,Charles Chaplin
Moll Flanders,1996,Drama,3.4546,Pen Densham
Molly's Game,2017,Drama,3.7569,Aaron Sorkin
Mommie Dearest,1981,Drama,3.1665,Frank Perry
Mona Lisa,1986,"Comedy,Thriller",3.7273,Neil Jordan
Mona Lisa Smile,2003,"Drama,Romance",3.2005,Mike Newell
"Money Pit, The",1986,Comedy,2.8896,Richard Benjamin
Money Train,1995,"Action,Comedy,Crime,Drama,Thriller",2.8699,Joseph Ruben
Moneyball,2011,Drama,3.8629,Bennett Miller
Monkey Shines,1988,"Horror,Sci-Fi",2.7056,George A. Romero
Monkeybone,2001,"Animation,Comedy,Fantasy",2.2614,Henry Selick
Monster,2003,"Crime,Drama",3.6106,Patty Jenkins
Monster House,2006,"Animation,Children,Fantasy,Mystery",3.2511,Gil Kenan
Monster's Ball,2001,"Drama,Romance",3.4788,Marc Forster
Monster-in-Law,2005,"Comedy,Romance",2.7732,Robert Luketic
Monsters,2010,"Drama,Sci-Fi",3.3039,Gareth Edwards
Monsters University,2013,"Adventure,Animation,Comedy",3.5024,Dan Scanlon
Monsters vs. Aliens,2009,"Animation,Sci-Fi,IMAX",3.1115,Conrad Vernon|Rob Letterman
"Monsters, Inc.",2001,"Adventure,Animation,Children,Comedy,Fantasy",3.8486,Pete Docter
Monty Python Live at the Hollywood Bowl,1982,Comedy,3.9158,Terry Hughes|Ian MacNaughton
Monty Python and the Holy Grail,1975,"Adventure,Comedy,Fantasy",4.1477,Terry Gilliam|Terry Jones
Monty Python's And Now for Something Completely Different,1971,Comedy,3.9833,Ian MacNaughton
Monty Python's Life of Brian,1979,Comedy,3.9881,Terry Jones
Monty Python's The Meaning of Life,1983,Comedy,3.8577,Terry Jones
"Monuments Men, The",2014,"Action,Drama,War",3.0461,George Clooney
Moon,2009,"Drama,Mystery,Sci-Fi,Thriller",4.0175,Duncan Jones
Moonlight,,Drama,3.8083,Barry Jenkins
Moonraker,1979,"Action,Adventure,Sci-Fi,Thriller",3.1461,Lewis Gilbert
Moonrise Kingdom,2012,"Comedy,Drama,Romance",3.9591,Wes Anderson
Moonstruck,1987,"Comedy,Romance",3.6525,Norman Jewison
Mortal Kombat,1995,"Action,Adventure,Fantasy",2.6546,Paul W.S. Anderson
Mortal Kombat: Annihilation,1997,"Action,Adventure,Fantasy",2.0594,John R. Leonetti
"Mosquito Coast, The",1986,"Adventure,Drama,Thriller",3.3043,Peter Weir
Mother,1996,Comedy,3.4424,Albert Brooks
Mother!,2017,"Drama,Horror,Mystery,Thriller",3.5462,Darren Aronofsky
"Mothman Prophecies, The",2002,"Drama,Fantasy,Horror,Mystery,Thriller",3.1046,Mark Pellington
"Motorcycle Diaries, The (Diarios de motocicleta)",2004,"Adventure,Drama",3.8419,Walter Salles
Moulin Rouge,2001,"Drama,Musical,Romance",3.529,Baz Luhrmann
Mouse Hunt,1997,"Children,Comedy",2.8882,Gore Verbinski
Mr. & Mrs. Smith,2005,"Action,Adventure,Comedy,Romance",3.2337,Doug Liman
Mr. Bean's Holiday,2007,Comedy,2.9791,Steve Bendelack
Mr. Brooks,2007,"Crime,Drama,Thriller",3.653,Bruce A. Evans
Mr. Deeds,2002,"Comedy,Romance",2.8256,Steven Brill
Mr. Holland's Opus,1995,Drama,3.7154,Stephen Herek
Mr. Magorium's Wonder Emporium,2007,"Children,Comedy,Fantasy",3.1768,Zach Helm
Mr. Mom,1983,"Comedy,Drama",3.2599,Stan Dragoti
Mr. Nice Guy (Yat goh ho yan),1997,"Action,Comedy",3.1537,Sammo Kam-Bo Hung
Mr. Nobody,2009,"Drama,Fantasy,Romance,Sci-Fi",3.8926,Jaco Van Dormael
Mr. Smith Goes to Washington,1939,Drama,4.0106,Frank Capra
Mr. Wrong,1996,Comedy,2.4106,Nick Castle
"Mrs. Brown (a.k.a. Her Majesty, Mrs. Brown)",1997,"Drama,Romance",3.8555,John Madden
Mrs. Doubtfire,1993,"Comedy,Drama",3.3863,Chris Columbus
Mrs. Parker and the Vicious Circle,1994,Drama,3.2886,Alan Rudolph
Mrs. Winterbourne,1996,"Comedy,Romance",3.0554,Richard Benjamin
Much Ado About Nothing,1993,"Comedy,Romance",3.8821,Kenneth Branagh
Mud,2012,"Adventure,Crime,Drama",3.6597,Jeff Nichols
Mulan,1998,"Adventure,Animation,Children,Comedy,Drama,Musical,Romance",3.7315,Tony Bancroft|Barry Cook
Mulholland Drive,2001,"Crime,Drama,Film-Noir,Mystery,Thriller",3.8411,David Lynch
Mulholland Falls,1996,"Crime,Drama,Thriller",3.0714,Lee Tamahori
Multiplicity,1996,Comedy,2.9665,Harold Ramis
Mumford,1999,"Comedy,Drama",3.4249,Lawrence Kasdan
"Mummy Returns, The",2001,"Action,Adventure,Comedy,Thriller",2.9644,Stephen Sommers
"Mummy: Tomb of the Dragon Emperor, The",2008,"Action,Adventure,Fantasy,Thriller",2.6464,Rob Cohen
Munich,2005,"Action,Crime,Drama,Thriller",3.7134,Steven Spielberg
"Muppet Christmas Carol, The",1992,"Children,Comedy,Musical",3.5909,Brian Henson
"Muppet Movie, The",1979,"Adventure,Children,Comedy,Musical",3.6826,James Frawley
Muppet Treasure Island,1996,"Adventure,Children,Comedy,Musical",3.2169,Brian Henson
Muppets From Space,1999,"Children,Comedy",3.1039,Tim Hill
"Muppets Take Manhattan, The",1984,"Children,Comedy,Musical",3.4493,Frank Oz
"Muppets, The",2011,"Children,Comedy,Musical",3.3799,James Bobin
Murder at 1600,1997,"Crime,Drama,Mystery,Thriller",3.0573,Dwight H. Little
Murder by Death,1976,"Comedy,Crime,Mystery,Thriller",3.6994,Robert Moore
Murder by Numbers,2002,"Crime,Thriller",3.015,Barbet Schroeder
Murder in the First,1995,"Drama,Thriller",3.7172,Marc Rocco
Muriel's Wedding,1994,Comedy,3.5076,P.J. Hogan
Murphy's Romance,1985,"Comedy,Romance",3.4669,Martin Ritt
"Muse, The",1999,Comedy,2.7982,Albert Brooks
"Music Man, The",1962,"Children,Comedy,Musical,Romance",3.733,Morton DaCosta
Music and Lyrics,2007,"Comedy,Romance",3.296,Marc Lawrence
Must Love Dogs,2005,"Comedy,Romance",3.0089,Gary David Goldberg
Mutiny on the Bounty,1935,"Adventure,Drama",3.8994,Frank Lloyd
My Best Friend's Wedding,1997,"Comedy,Romance",3.2757,P.J. Hogan
My Big Fat Greek Wedding,2002,"Comedy,Romance",3.3877,Joel Zwick
My Blue Heaven,1990,Comedy,3.1193,Herbert Ross
My Bodyguard,1980,Drama,3.4242,Tony Bill
My Cousin Vinny,1992,Comedy,3.6028,Jonathan Lynn
My Dog Skip,1999,"Children,Drama",3.4746,Jay Russell
My Fair Lady,1964,"Comedy,Drama,Musical,Romance",3.9047,George Cukor
My Family,1995,Drama,3.6974,Gregory Nava
My Favorite Martian,1999,"Comedy,Sci-Fi",2.376,Donald Petrie
My Favorite Year,1982,Comedy,3.7861,Richard Benjamin
My Fellow Americans,1996,Comedy,3.2395,Peter Segal
My Girl,1991,"Comedy,Drama,Romance",3.2865,Howard Zieff
My Left Foot,1989,Drama,3.8884,Jim Sheridan
My Life in Pink (Ma vie en rose),1997,"Comedy,Drama",3.9449,Alain Berliner
My Man Godfrey,1936,"Comedy,Romance",4.022,Gregory La Cava
My Neighbor Totoro (Tonari no Totoro),1988,"Animation,Children,Drama,Fantasy",4.1525,Hayao Miyazaki
My Own Private Idaho,1991,"Drama,Romance",3.409,Gus Van Sant
My Science Project,1985,"Adventure,Sci-Fi",2.9518,Jonathan R. Betuel
My Stepmother Is an Alien,1988,"Comedy,Romance,Sci-Fi",2.4964,Richard Benjamin
My Super Ex-Girlfriend,2006,"Comedy,Fantasy,Romance",2.4876,Ivan Reitman
Mysterious Skin,2004,"Drama,Mystery",3.7926,Gregg Araki
Mystery Men,1999,"Action,Comedy,Fantasy",3.0631,Kinka Usher
Mystery Train,1989,"Comedy,Drama",3.8888,Jim Jarmusch
"Mystery, Alaska",1999,"Comedy,Drama",3.2943,Jay Roach
Mystic Pizza,1988,"Comedy,Drama,Romance",3.3018,Donald Petrie
Mystic River,2003,"Crime,Drama,Mystery",3.8187,Clint Eastwood
Nacho Libre,2006,Comedy,2.7148,Jared Hess
Naked,1993,Drama,3.8424,Mike Leigh
"Naked Gun 2 1/2: The Smell of Fear, The",1991,Comedy,3.2071,David Zucker
Naked Gun 33 1/3: The Final Insult,1994,"Action,Comedy",2.9789,Peter Segal
"Naked Gun: From the Files of Police Squad!, The",1988,"Action,Comedy,Crime,Romance",3.6153,David Zucker
Naked Lunch,1991,"Drama,Fantasy,Mystery,Sci-Fi",3.6587,David Cronenberg
"Name of the Rose, The (Name der Rose, Der)",1986,"Crime,Drama,Mystery,Thriller",3.8693,Jean-Jacques Annaud
Nanny McPhee,2005,"Children,Comedy,Fantasy",3.2346,Kirk Jones
Napoleon Dynamite,2004,Comedy,3.3495,Jared Hess
Narc,2002,"Crime,Drama,Thriller",3.4976,Joe Carnahan
Nashville,1975,"Drama,Musical",3.9111,Robert Altman
National Lampoon's Senior Trip,1995,Comedy,2.6462,Kelly Makin
National Lampoon's Vacation,1983,Comedy,3.7614,Harold Ramis
National Lampoon's Van Wilder,2002,Comedy,3.184,Walt Becker
National Treasure,2004,"Action,Adventure,Drama,Mystery,Thriller",3.3807,Jon Turteltaub
National Treasure: Book of Secrets,2007,"Action,Adventure",3.2498,Jon Turteltaub
Natural Born Killers,1994,"Action,Crime,Thriller",3.2578,Oliver Stone
"Natural, The",1984,Drama,3.8046,Barry Levinson
Nausicaä of the Valley of the Wind (Kaze no tani no Naushika),1984,"Adventure,Animation,Drama,Fantasy,Sci-Fi",4.0877,Hayao Miyazaki
Navy Seals,1990,"Action,Adventure,War",2.7119,Lewis Teague
Near Dark,1987,"Horror,Western",3.6061,Kathryn Bigelow
Nebraska,2013,"Adventure,Drama",3.7367,Alexander Payne
Needful Things,1993,"Drama,Horror",2.9373,Fraser C. Heston
"Negotiator, The",1998,"Action,Crime,Drama,Mystery,Thriller",3.5937,F. Gary Gray
Neighbors,2014,Comedy,3.2484,Nicholas Stoller
Nell,1994,Drama,3.4094,Michael Apted
"Neon Genesis Evangelion: The End of Evangelion (Shin seiki Evangelion Gekijô-ban: Air/Magokoro wo, kimi ni)",1997,"Action,Animation,Drama,Fantasy,Sci-Fi",3.9122,Hideaki Anno|Kazuya Tsurumaki
Nerve,2016,"Drama,Thriller",3.4922,Henry Joost|Ariel Schulman
"Net, The",1995,"Action,Crime,Thriller",3.1029,Irwin Winkler
Network,1976,"Comedy,Drama",4.0217,Sidney Lumet
Never Been Kissed,1999,"Comedy,Romance",3.0751,Raja Gosnell
Never Cry Wolf,1983,"Adventure,Drama",3.92,Carroll Ballard
Never Let Me Go,2010,"Drama,Romance,Sci-Fi",3.6566,Mark Romanek
Never Say Never Again,1983,"Action,Adventure,Thriller",3.2611,Irvin Kershner
"NeverEnding Story II: The Next Chapter, The",1990,"Adventure,Children,Fantasy",2.4571,George Miller
"NeverEnding Story III, The",1994,"Adventure,Children,Fantasy",2.3187,Peter MacDonald
"NeverEnding Story, The",1984,"Adventure,Children,Fantasy",3.5212,Wolfgang Petersen
"New Guy, The",2002,Comedy,2.8319,Ed Decter
"New World, The",2005,"Adventure,Drama,Romance",3.3969,Terrence Malick
Newsies,1992,"Children,Musical",3.1878,Kenny Ortega
Next,2007,"Action,Sci-Fi,Thriller",3.203,Lee Tamahori
"Next Best Thing, The",2000,"Comedy,Drama",2.3533,John Schlesinger
Next Friday,2000,Comedy,2.8433,Steve Carr
"Next Karate Kid, The",1994,"Action,Children,Romance",2.2765,Christopher Cain
Next Stop Wonderland,1998,"Comedy,Drama,Romance",3.6459,Brad Anderson
"Next Three Days, The",2010,"Crime,Drama,Romance,Thriller",3.7184,Paul Haggis
Nick and Norah's Infinite Playlist,2008,"Comedy,Drama,Romance",3.3738,Peter Sollett
Nick of Time,1995,"Action,Thriller",3.1294,John Badham
Night Shift,1982,Comedy,3.3441,Ron Howard
Night Watch (Nochnoy dozor),2004,"Action,Fantasy,Horror,Mystery,Sci-Fi,Thriller",3.3456,Timur Bekmambetov
Night at the Museum,2006,"Action,Comedy,Fantasy,IMAX",3.0459,Shawn Levy
Night at the Museum: Battle of the Smithsonian,2009,"Action,Comedy,IMAX",3.0031,Shawn Levy
Night at the Museum: Secret of the Tomb,2014,"Adventure,Children,Comedy,Fantasy",3.0357,Shawn Levy
"Night at the Opera, A",1935,"Comedy,Musical,Romance",4.0082,Sam Wood
"Night at the Roxbury, A",1998,Comedy,2.6557,John Fortenberry
Night of the Comet,1984,"Comedy,Horror,Sci-Fi",3.0581,Thom Eberhardt
"Night of the Hunter, The",1955,"Drama,Film-Noir,Thriller",3.9878,Charles Laughton
Night on Earth,1991,"Comedy,Drama",3.8428,Jim Jarmusch
Nightcrawler,2014,"Crime,Drama,Thriller",3.9468,Dan Gilroy
"Nightmare Before Christmas, The",1993,"Animation,Children,Fantasy,Musical",3.7383,Henry Selick
"Nightmare on Elm Street 2: Freddy's Revenge, A",1985,Horror,2.4517,Jack Sholder
"Nightmare on Elm Street 3: Dream Warriors, A",1987,"Horror,Thriller",2.7763,Chuck Russell
"Nightmare on Elm Street 4: The Dream Master, A",1988,"Horror,Thriller",2.4621,Renny Harlin
"Nightmare on Elm Street 5: The Dream Child, A",1989,Horror,2.2485,Stephen Hopkins
"Nightmare on Elm Street, A",1984,"Horror,Thriller",3.3162,Wes Craven
Nine Months,1995,"Comedy,Romance",2.8772,Chris Columbus
Nine to Five (a.k.a. 9 to 5),1980,"Comedy,Crime",3.2942,Colin Higgins
Ninja Scroll (Jûbei ninpûchô),1995,"Action,Adventure,Animation,Fantasy",3.776,Yoshiaki Kawajiri
Ninotchka,1939,"Comedy,Romance",3.9857,Ernst Lubitsch
"Ninth Gate, The",1999,"Fantasy,Horror,Mystery,Thriller",3.2325,Roman Polanski
Nixon,1995,Drama,3.4235,Oliver Stone
No Country for Old Men,2007,"Crime,Drama",4.0261,Ethan Coen|Joel Coen
No Escape,1994,"Action,Drama,Sci-Fi",2.9838,Martin Campbell
No Man's Land,2001,"Drama,War",3.938,Danis Tanovic
No Reservations,2007,"Comedy,Drama,Romance",3.2528,Scott Hicks
No Strings Attached,2011,"Comedy,Romance",3.1951,Ivan Reitman
No Way Out,1987,"Drama,Mystery,Thriller",3.7654,Roger Donaldson
Noah,2014,"Adventure,Drama,IMAX",2.7526,Darren Aronofsky
Nobody's Fool,1994,"Comedy,Drama,Romance",3.6614,Robert Benton
Nocturnal Animals,,"Drama,Thriller",3.7462,Tom Ford
Non-Stop,2014,"Action,Mystery,Thriller",3.4818,Jaume Collet-Serra
Norma Rae,1979,Drama,3.6814,Martin Ritt
North,1994,Comedy,2.5029,Rob Reiner
North by Northwest,1959,"Action,Adventure,Mystery,Romance,Thriller",4.1966,Alfred Hitchcock
Not Another Teen Movie,2001,Comedy,2.632,Joel Gallen
"Notebook, The",2004,"Drama,Romance",3.6833,Nick Cassavetes
Notes on a Scandal,2006,Drama,3.7197,Richard Eyre
Notorious,1946,"Film-Noir,Romance,Thriller",4.1612,Alfred Hitchcock
Notting Hill,1999,"Comedy,Romance",3.4588,Roger Michell
Now You See Me,2013,"Crime,Mystery,Thriller",3.6402,Louis Leterrier
Now You See Me 2,2016,"Action,Comedy,Thriller",3.4753,Jon M. Chu
Now and Then,1995,"Children,Drama",3.4039,Lesli Linka Glatter
"Number 23, The",2007,"Drama,Mystery,Thriller",3.0947,Joel Schumacher
Nurse Betty,2000,"Comedy,Crime,Drama,Romance,Thriller",3.1797,Neil LaBute
Nutty Professor II: The Klumps,2000,Comedy,2.1856,Peter Segal
Nymphomaniac: Volume I,2013,Drama,3.5552,Lars von Trier
Nymphomaniac: Volume II,2013,"Drama,Mystery",3.4862,Lars von Trier
O,2001,Drama,3.0474,Tim Blake Nelson
"O Brother, Where Art Thou?",2000,"Adventure,Comedy,Crime",3.8768,Joel Coen
"Object of My Affection, The",1998,"Comedy,Romance",3.1509,Nicholas Hytner
Oblivion,2013,"Action,Adventure,Sci-Fi,IMAX",3.6225,Joseph Kosinski
Ocean's 8,2018,"Action,Comedy,Crime,Thriller",3.2486,Gary Ross
Ocean's Eleven,2001,"Crime,Thriller",3.8092,Steven Soderbergh
Ocean's Eleven (a.k.a. Ocean's 11),1960,"Comedy,Crime",3.513,Lewis Milestone
Ocean's Thirteen,2007,"Crime,Thriller",3.5142,Steven Soderbergh
Ocean's Twelve,2004,"Action,Comedy,Crime,Thriller",3.3273,Steven Soderbergh
October Sky,1999,Drama,3.8751,Joe Johnston
Octopussy,1983,"Action,Adventure,Thriller",3.3106,John Glen
"Odd Couple, The",1968,Comedy,3.9016,Gene Saks
Office Space,1999,"Comedy,Crime",3.9828,Mike Judge
"Officer and a Gentleman, An",1982,"Drama,Romance",3.5182,Taylor Hackford
"Oh, God!",1977,"Comedy,Fantasy",3.1672,Carl Reiner
Old Boy,2003,"Mystery,Thriller",4.0801,Park Chan-wook
"Old Man and the Sea, The",1958,"Adventure,Drama",3.673,John Sturges
Old School,2003,Comedy,3.5999,Todd Phillips
Old Yeller,1957,"Children,Drama",3.5482,Robert Stevenson
Oliver & Company,1988,"Adventure,Animation,Children,Comedy,Musical",3.3077,George Scribner
Oliver!,1968,"Drama,Musical",3.6687,Carol Reed
Olympus Has Fallen,2013,"Action,Thriller",3.1802,Antoine Fuqua
"Omega Man, The",1971,"Action,Drama,Sci-Fi,Thriller",3.4127,Boris Sagal
"Omen, The",1976,"Horror,Mystery,Thriller",3.5765,Richard Donner
On Golden Pond,1981,Drama,3.6806,Mark Rydell
On Her Majesty's Secret Service,1969,"Action,Adventure,Romance,Thriller",3.4257,Peter R. Hunt
On the Town,1949,"Comedy,Musical,Romance",3.8755,Gene Kelly|Stanley Donen
On the Waterfront,1954,"Crime,Drama",4.1276,Elia Kazan
Once,2006,"Drama,Musical,Romance",3.8638,John Carney
Once Upon a Time in America,1984,"Crime,Drama",3.9663,Sergio Leone
Once Upon a Time in China (Wong Fei Hung),1991,"Action,Adventure,Drama",3.7235,Hark Tsui
Once Upon a Time in Hollywood,2019,"Comedy,Drama",3.9061,Quentin Tarantino
Once Upon a Time in Mexico,2003,"Action,Adventure,Crime,Thriller",3.1569,Robert Rodriguez
Once Upon a Time in the West (C'era una volta il West),1968,"Action,Drama,Western",4.1075,Sergio Leone
Once Were Warriors,1994,"Crime,Drama",3.9737,Lee Tamahori
One Crazy Summer,1986,Comedy,3.3014,Savage Steve Holland
One Day,2011,"Drama,Romance",3.5062,Lone Scherfig
One Fine Day,1996,"Drama,Romance",3.2779,Michael Hoffman
One Flew Over the Cuckoo's Nest,1975,Drama,4.2187,Miloš Forman
One Hour Photo,2002,"Drama,Thriller",3.3163,Mark Romanek
One Night at McCool's,2001,Comedy,2.8417,Harald Zwart
One True Thing,1998,Drama,3.4697,Carl Franklin
"One, The",2001,"Action,Sci-Fi,Thriller",2.9681,James Wong
Only Lovers Left Alive,2013,"Drama,Horror,Romance",3.7397,Jim Jarmusch
Only You,1994,"Comedy,Romance",3.3515,Norman Jewison
Open Range,2003,Western,3.6037,Kevin Costner
Open Season,2006,"Adventure,Animation,Children,Comedy,IMAX",2.9459,Roger Allers|Jill Culton
Open Your Eyes (Abre los ojos),1997,"Drama,Romance,Sci-Fi,Thriller",3.8871,Alejandro Amenábar
Operation Dumbo Drop,1995,"Action,Adventure,Comedy,War",2.5954,Simon Wincer
"Opposite of Sex, The",1998,"Comedy,Drama,Romance",3.6138,Don Roos
Orange County,2002,Comedy,3.0563,Jake Kasdan
Ordinary People,1980,Drama,3.8829,Robert Redford
Orgazmo,1997,Comedy,3.0637,Trey Parker
"Original Kings of Comedy, The",2000,"Comedy,Documentary",3.2622,Spike Lee
Original Sin,2001,"Drama,Romance,Thriller",2.9206,Michael Cristofer
Orlando,1992,"Drama,Fantasy,Romance",3.4953,Sally Potter
Orphan,2009,"Drama,Horror,Mystery,Thriller",3.3874,Jaume Collet-Serra
"Orphanage, The (Orfanato, El)",2007,"Drama,Horror,Mystery,Thriller",3.7479,J.A. Bayona
Osmosis Jones,2001,"Action,Animation,Comedy,Crime,Drama,Romance,Thriller",2.8728,Bobby Farrelly|Peter Farrelly
Othello,1995,Drama,3.6067,Oliver Parker
"Other Boleyn Girl, The",2008,"Drama,Romance",3.3687,Justin Chadwick
"Other Guys, The",2010,"Action,Comedy",3.4171,Adam McKay
"Other Sister, The",1999,"Comedy,Drama,Romance",3.1466,Garry Marshall
"Other Woman, The",2014,"Comedy,Romance",3.3373,Nick Cassavetes
"Others, The",2001,"Drama,Horror,Mystery,Thriller",3.7151,Alejandro Amenábar
Out of Africa,1985,"Drama,Romance",3.6348,Sydney Pollack
Out of Sight,1998,"Comedy,Crime,Drama,Romance,Thriller",3.6762,Steven Soderbergh
Out of Time,2003,"Crime,Drama,Thriller",3.2477,Carl Franklin
Out of the Past,1947,Film-Noir,4.0807,Jacques Tourneur
"Out-of-Towners, The",1999,Comedy,2.6196,Sam Weisman
Outbreak,1995,"Action,Drama,Sci-Fi,Thriller",3.4105,Wolfgang Petersen
Outland,1981,"Action,Sci-Fi,Thriller",3.3838,Peter Hyams
"Outlaw Josey Wales, The",1976,"Action,Adventure,Drama,Thriller,Western",3.9225,Clint Eastwood
Outrageous Fortune,1987,"Comedy,Mystery",2.9196,Arthur Hiller
Outside Providence,1999,Comedy,3.2307,Michael Corrente
"Outsiders, The",1983,Drama,3.586,Francis Ford Coppola
Over the Hedge,2006,"Adventure,Animation,Children,Comedy",3.2639,Tim Johnson|Karey Kirkpatrick
Overboard,1987,"Comedy,Romance",3.3069,Garry Marshall
Oz the Great and Powerful,2013,"Action,Adventure,Fantasy,IMAX",2.9163,Sam Raimi
P.S. I Love You,2007,"Comedy,Drama,Romance",3.5029,Richard LaGravenese
Pacific Heights,1990,"Mystery,Thriller",3.2255,John Schlesinger
Pacific Rim,2013,"Action,Adventure,Sci-Fi,IMAX",3.3327,Guillermo del Toro
"Pacifier, The",2005,"Action,Comedy",2.7406,Adam Shankman
Paddington,2014,"Children,Comedy",3.5141,Paul King
"Pagemaster, The",1994,"Action,Adventure,Animation,Children,Fantasy",2.8234,Joe Johnston|Pixote Hunt
Pain & Gain,2013,"Action,Comedy,Crime",3.1223,Michael Bay
"Painted Veil, The",2006,"Drama,Romance",3.7716,John Curran
Pale Rider,1985,Western,3.7209,Clint Eastwood
"Pallbearer, The",1996,Comedy,2.7106,Matt Reeves
"Palm Beach Story, The",1942,Comedy,4.0588,Preston Sturges
Palmetto,1998,"Crime,Drama,Mystery,Romance,Thriller",2.8559,Volker Schlöndorff
"Pan's Labyrinth (Laberinto del fauno, El)",2006,"Drama,Fantasy,Thriller",3.9799,Guillermo del Toro
Pandorum,2009,"Horror,Sci-Fi,Thriller",3.45,Christian Alvart
Panic Room,2002,Thriller,3.2346,David Fincher
"Paper Chase, The",1973,Drama,3.819,James Bridges
Paper Moon,1973,"Comedy,Crime,Drama",3.894,Peter Bogdanovich
"Paper, The",1994,"Comedy,Drama",3.2587,Ron Howard
Papillon,1973,"Crime,Drama",3.9609,Franklin J. Schaffner
Paprika (Papurika),2006,"Animation,Mystery,Sci-Fi",3.9039,Satoshi Kon
ParaNorman,2012,"Adventure,Animation,Comedy",3.4503,Sam Fell|Chris Butler
Parenthood,1989,"Comedy,Drama",3.5788,Ron Howard
"Paris, I Love You (Paris, je t'aime)",2006,Romance,3.6924,Olivier Assayas|Frédéric Auburtin|Gurinder Chadha|Sylvain Chomet
"Paris, Texas",1984,"Drama,Romance",3.8835,Wim Wenders
Party Girl,1995,Comedy,3.4314,Daisy von Scherler Mayer
"Party, The",1968,Comedy,3.7701,Blake Edwards
Passenger 57,1992,"Action,Thriller",2.8541,Kevin Hooks
Passengers,2016,"Adventure,Drama,Romance,Sci-Fi",3.5396,Morten Tyldum
Passion Fish,1992,Drama,3.6668,John Sayles
"Passion of the Christ, The",2004,Drama,3.1445,Mel Gibson
Patch Adams,1998,"Comedy,Drama",3.1479,Tom Shadyac
Paths of Glory,1957,"Drama,War",4.1993,Stanley Kubrick
Patriot Games,1992,"Action,Crime,Drama,Thriller",3.6219,Phillip Noyce
"Patriot, The",2000,"Action,Drama,War",3.4504,Roland Emmerich
Patton,1970,"Drama,War",4.0291,Franklin J. Schaffner
Paul,2011,"Adventure,Comedy,Sci-Fi",3.3654,Greg Mottola
Paul Blart: Mall Cop,2009,"Action,Comedy,Crime",2.3541,Steve Carr
Paulie,1998,"Adventure,Children,Comedy",2.8434,John Roberts
Pay It Forward,2000,Drama,3.3876,Mimi Leder
Payback,1999,"Action,Thriller",3.4273,Brian Helgeland
Paycheck,2003,"Action,Sci-Fi,Thriller",3.2565,John Woo
"Peacemaker, The",1997,"Action,Thriller,War",3.0171,Mimi Leder
Pearl Harbor,2001,"Action,Drama,Romance,War",2.8339,Michael Bay
Pecker,1998,"Comedy,Drama",3.397,John Waters
Pee-wee's Big Adventure,1985,"Adventure,Comedy",3.2841,Tim Burton
Peeping Tom,1960,"Drama,Horror,Thriller",3.7968,Michael Powell
Peggy Sue Got Married,1986,"Comedy,Drama",3.1854,Francis Ford Coppola
"Pelican Brief, The",1993,"Crime,Drama,Mystery,Romance,Thriller",3.3384,Alan J. Pakula
Penelope,2006,"Comedy,Fantasy,Romance",3.5436,Mark Palansky
Penguins of Madagascar,2014,"Adventure,Animation,Children,Comedy",3.2185,Eric Darnell|Simon J. Smith
"People vs. Larry Flynt, The",1996,"Comedy,Drama",3.5605,Miloš Forman
Percy Jackson & the Olympians: The Lightning Thief,2010,"Adventure,Fantasy",2.9273,Chris Columbus
Perfect Blue,1997,"Animation,Horror,Mystery,Thriller",3.903,Satoshi Kon
"Perfect Murder, A",1998,Thriller,3.365,Andrew Davis
"Perfect Storm, The",2000,"Drama,Thriller",3.0708,Wolfgang Petersen
"Perfect World, A",1993,"Crime,Drama,Thriller",3.528,Clint Eastwood
Perfume: The Story of a Murderer,2006,"Crime,Drama,Thriller",3.667,Tom Tykwer
"Perks of Being a Wallflower, The",2012,"Drama,Romance",3.839,Stephen Chbosky
Persepolis,2007,"Animation,Drama",3.9299,Vincent Paronnaud|Marjane Satrapi
Persona,1966,Drama,4.0931,Ingmar Bergman
Persuasion,1995,"Drama,Romance",4.03,Roger Michell
Pet Sematary,1989,Horror,3.0257,Mary Lambert
Pet Sematary II,1992,"Comedy,Horror",2.1179,Mary Lambert
Pete's Dragon,1977,"Adventure,Animation,Children,Musical",3.0973,Don Chaffey
Phantasm,1979,"Horror,Sci-Fi",3.1669,Don Coscarelli
"Phantom of the Opera, The",2004,"Drama,Musical,Romance",3.519,Joel Schumacher
"Phantom, The",1996,"Action,Adventure",2.792,Simon Wincer
Phenomenon,1996,"Drama,Romance",3.4703,Jon Turteltaub
Philadelphia,1993,Drama,3.8021,Jonathan Demme
"Philadelphia Story, The",1940,"Comedy,Drama,Romance",4.1377,George Cukor
Philomena,2013,"Comedy,Drama",3.7488,Stephen Frears
Phone Booth,2002,"Drama,Thriller",3.3504,Joel Schumacher
Pi,1998,"Drama,Sci-Fi,Thriller",3.728,Darren Aronofsky
"Pianist, The",2002,"Drama,War",4.0474,Roman Polanski
"Piano Teacher, The (La pianiste)",2001,Drama,3.5723,Michael Haneke
"Piano, The",1993,"Drama,Romance",3.6811,Jane Campion
Picnic at Hanging Rock,1975,"Drama,Mystery",3.7416,Peter Weir
Picture Perfect,1997,"Comedy,Romance",2.9001,Glenn Gordon Caron
Pieces of April,2003,"Comedy,Drama",3.5763,Peter Hedges
"Pillow Book, The",1996,"Drama,Romance",3.5207,Peter Greenaway
Pineapple Express,2008,"Action,Comedy,Crime",3.4534,David Gordon Green
Pink Flamingos,1972,Comedy,3.2931,John Waters
Pink Floyd: The Wall,1982,"Drama,Musical",3.6968,Alan Parker
"Pink Panther Strikes Again, The",1976,"Comedy,Crime",3.6123,Blake Edwards
Pinocchio,1940,"Animation,Children,Fantasy,Musical",3.4826,Norman Ferguson|T. Hee|Wilfred Jackson|Jack Kinney
Piranha,1978,"Horror,Sci-Fi",2.3504,Joe Dante
Pirate Radio,2009,"Comedy,Drama",3.6752,Richard Curtis
Pirates of Silicon Valley,1999,"Documentary,Drama",3.6815,Martyn Burke
Pirates of the Caribbean: At World's End,2007,"Action,Adventure,Comedy,Fantasy",3.3906,Gore Verbinski
Pirates of the Caribbean: Dead Man's Chest,2006,"Action,Adventure,Fantasy",3.4571,Gore Verbinski
Pirates of the Caribbean: Dead Men Tell No Tales,2017,(no genres listed),3.235,Joachim Rønning|Espen Sandberg
Pirates of the Caribbean: On Stranger Tides,2011,"Action,Adventure,Fantasy,IMAX",3.2484,Rob Marshall
Pirates of the Caribbean: The Curse of the Black Pearl,2003,"Action,Adventure,Comedy,Fantasy",3.7892,Gore Verbinski
Pitch Black,2000,"Horror,Sci-Fi,Thriller",3.4567,David Twohy
Pitch Perfect,2012,"Comedy,Musical",3.5462,Jason Moore
Pitch Perfect 2,2015,Comedy,3.2742,Elizabeth Banks
Pixels,2015,"Action,Comedy,Sci-Fi",2.5893,Chris Columbus
"Place Beyond the Pines, The",2012,"Crime,Drama",3.6604,Derek Cianfrance
Places in the Heart,1984,Drama,3.745,Robert Benton
"Planes, Trains & Automobiles",1987,Comedy,3.6031,John Hughes
Planet Terror,2007,"Action,Horror,Sci-Fi",3.5298,Robert Rodriguez
Platoon,1986,"Drama,War",3.9036,Oliver Stone
"Play It Again, Sam",1972,"Comedy,Romance",3.8496,Herbert Ross
Play Misty for Me,1971,"Drama,Thriller",3.5459,Clint Eastwood
"Player, The",1992,"Comedy,Crime,Drama",3.9386,Robert Altman
Playing by Heart,1998,"Drama,Romance",3.5337,Willard Carroll
Pleasantville,1998,"Comedy,Drama,Fantasy",3.5757,Gary Ross
"Pledge, The",2001,"Crime,Drama,Mystery,Thriller",3.3308,Sean Penn
Pocahontas,1995,"Animation,Children,Drama,Musical,Romance",2.9778,Mike Gabriel|Eric Goldberg
Poetic Justice,1993,Drama,2.7786,John Singleton
Point Break,1991,"Action,Crime,Thriller",3.354,Kathryn Bigelow
Poison Ivy,1992,"Drama,Thriller",2.6179,Katt Shea
Pokémon the Movie 2000,2000,"Animation,Children",2.0031,Kunihiko Yuyama
Pokémon: The First Movie,1998,"Adventure,Animation,Children,Fantasy,Sci-Fi",2.2104,Kunihiko Yuyama
"Polar Express, The",2004,"Adventure,Animation,Children,Fantasy,IMAX",3.1049,Robert Zemeckis
Police Academy,1984,"Comedy,Crime",2.9688,Hugh Wilson
Police Academy 2: Their First Assignment,1985,"Comedy,Crime",2.4378,Jerry Paris
Police Academy 3: Back in Training,1986,"Comedy,Crime",2.2218,Jerry Paris
Police Academy 4: Citizens on Patrol,1987,"Comedy,Crime",2.1026,Jim Drake
Police Academy 5: Assignment: Miami Beach,1988,"Comedy,Crime",1.9373,Alan Myerson
Police Academy 6: City Under Siege,1989,"Comedy,Crime",1.8297,Peter Bonerz
Police Academy: Mission to Moscow,1994,"Comedy,Crime",1.8194,Alan Metter
Pollock,2000,Drama,3.5641,Ed Harris
Pollyanna,1960,"Children,Comedy,Drama",3.3913,David Swift
Poltergeist,1982,"Horror,Thriller",3.5221,Tobe Hooper
Poltergeist II: The Other Side,1986,"Horror,Thriller",2.4955,Brian Gibson
Poltergeist III,1988,"Horror,Thriller",2.014,Gary Sherman
Ponyo (Gake no ue no Ponyo),2008,"Adventure,Animation,Children,Fantasy",3.8517,Hayao Miyazaki
Popeye,1980,"Adventure,Comedy,Musical",2.5539,Robert Altman
Porco Rosso (Crimson Pig) (Kurenai no buta),1992,"Adventure,Animation,Comedy,Fantasy,Romance",3.9282,Hayao Miyazaki
Porky's,1982,Comedy,2.7092,Bob Clark
Porky's II: The Next Day,1983,Comedy,2.0717,Bob Clark
Poseidon,2006,"Action,Adventure,Thriller,IMAX",2.7162,Wolfgang Petersen
"Poseidon Adventure, The",1972,"Action,Adventure,Drama",3.3112,Ronald Neame
"Postman Always Rings Twice, The",1981,"Crime,Thriller",3.3456,Bob Rafelson
"Postman, The",1997,"Action,Adventure,Drama,Sci-Fi",2.9283,Kevin Costner
"Postman, The (Postino, Il)",1994,"Comedy,Drama,Romance",3.9679,Michael Radford
Powder,1995,"Drama,Sci-Fi",3.1876,Victor Salva
Practical Magic,1998,"Drama,Fantasy,Mystery,Romance",3.0862,Griffin Dunne
"Preacher's Wife, The",1996,Drama,3.0834,Penny Marshall
Predator,1987,"Action,Sci-Fi,Thriller",3.6568,John McTiernan
Predator 2,1990,"Action,Sci-Fi,Thriller",2.8715,Stephen Hopkins
Predators,2010,"Action,Sci-Fi,Thriller",3.1238,Nimród Antal
Predestination,2014,"Action,Mystery,Sci-Fi,Thriller",3.7785,Michael Spierig|Peter Spierig
"Presidio, The",1988,"Action,Crime,Romance,Thriller",3.1278,Peter Hyams
"Prestige, The",2006,"Drama,Mystery,Sci-Fi,Thriller",4.0932,Christopher Nolan
Presumed Innocent,1990,"Crime,Drama,Thriller",3.6526,Alan J. Pakula
Pretty Woman,1990,"Comedy,Romance",3.4265,Garry Marshall
Pretty in Pink,1986,"Comedy,Drama,Romance",3.3693,Howard Deutch
Pride & Prejudice,2005,"Drama,Romance",3.8398,Joe Wright
Pride and Prejudice,1995,"Drama,Romance",3.9723,
Primal Fear,1996,"Crime,Drama,Mystery,Thriller",3.7605,Gregory Hoblit
Primary Colors,1998,"Comedy,Drama",3.4711,Mike Nichols
Primer,2004,"Drama,Sci-Fi",3.8079,Shane Carruth
"Prince & Me, The",2004,"Comedy,Romance",3.2351,Martha Coolidge
"Prince of Egypt, The",1998,"Animation,Musical",3.4451,Brenda Chapman|Simon Wells|Steve Hickner
Prince of Persia: The Sands of Time,2010,"Action,Adventure,Fantasy,Romance,IMAX",3.1193,Mike Newell
"Prince of Tides, The",1991,"Drama,Romance",3.0901,Barbra Streisand
"Princess Bride, The",1987,"Action,Adventure,Comedy,Fantasy,Romance",4.1291,Rob Reiner
"Princess Diaries 2: Royal Engagement, The",2004,"Comedy,Romance",3.0641,Garry Marshall
"Princess Diaries, The",2001,"Children,Comedy,Romance",3.2241,Garry Marshall
Princess Mononoke (Mononoke-hime),1997,"Action,Adventure,Animation,Drama,Fantasy",4.1381,Hayao Miyazaki
"Princess and the Frog, The",2009,"Animation,Children,Fantasy,Musical,Romance",3.4847,Ron Clements|John Musker
"Princess and the Warrior, The (Krieger und die Kaiserin, Der)",2000,"Drama,Romance",3.8128,Tom Tykwer
Prisoners,2013,"Drama,Mystery,Thriller",3.9921,Denis Villeneuve
Private Benjamin,1980,Comedy,3.0981,Howard Zieff
Private Parts,1997,"Comedy,Drama",3.3526,Betty Thomas
Prizzi's Honor,1985,"Comedy,Drama,Romance",3.5806,John Huston
Problem Child,1990,"Children,Comedy",2.0979,Dennis Dugan
Problem Child 2,1991,Comedy,1.8232,Brian Levant
"Professional, The (Le professionnel)",1981,"Action,Drama,Thriller",4.0531,Georges Lautner
"Program, The",1993,"Action,Drama",3.1443,David S. Ward
Project X,2012,Comedy,3.149,Nima Nourizadeh
Prometheus,2012,"Action,Horror,Sci-Fi,IMAX",3.3565,Ridley Scott
Proof,2005,Drama,3.454,John Madden
Proof of Life,2000,Drama,3.1516,Taylor Hackford
"Prophecy, The",1995,"Fantasy,Horror,Mystery",3.3335,Gregory Widen
"Prophet, A (Un Prophète)",2009,"Crime,Drama",3.9222,Jacques Audiard
"Proposal, The",2009,"Comedy,Romance",3.4958,Anne Fletcher
"Proposition, The",2005,"Crime,Drama,Western",3.7687,John Hillcoat
Psycho II,1983,"Horror,Mystery,Thriller",2.5559,Richard Franklin
Public Enemies,2009,"Crime,Drama,Thriller",3.2805,Michael Mann
Pulp Fiction,1994,"Comedy,Crime,Drama,Thriller",4.1889,Quentin Tarantino
Pump Up the Volume,1990,"Comedy,Drama",3.4966,Allan Moyle
Punch-Drunk Love,2002,"Comedy,Drama,Romance",3.552,Paul Thomas Anderson
"Punisher, The",2004,"Action,Crime,Thriller",3.0452,Jonathan Hensleigh
"Puppet Masters, The",1994,"Horror,Sci-Fi",2.9324,Stuart Orme
"Purge, The",2013,"Crime,Horror,Thriller",2.9788,James DeMonaco
"Purple Rose of Cairo, The",1985,"Comedy,Drama,Fantasy,Romance",3.6875,Woody Allen
"Pursuit of Happyness, The",2006,Drama,3.837,Gabriele Muccino
Push,2009,"Sci-Fi,Thriller",3.2139,Paul McGuigan
Pushing Tin,1999,Comedy,3.006,Mike Newell
Puss in Boots,2011,"Adventure,Animation,Comedy,Fantasy,IMAX",3.179,Chris Miller
Quantum of Solace,2008,"Action,Adventure,Thriller",3.3198,Marc Forster
"Queen Margot (Reine Margot, La)",1994,"Drama,Romance",3.7268,Patrice Chéreau
Queen of the Damned,2002,"Fantasy,Horror",2.6309,Michael Rymer
"Quest for Fire (Guerre du feu, La)",1981,"Adventure,Drama",3.2758,Jean-Jacques Annaud
"Quest, The",1996,"Action,Adventure",2.8295,Jean-Claude Van Damme
"Quick and the Dead, The",1995,"Action,Thriller,Western",3.0432,Sam Raimi
"Quiet American, The",2002,"Drama,Thriller,War",3.732,Phillip Noyce
"Quiet Man, The",1952,"Drama,Romance",3.8889,John Ford
Quills,2000,"Drama,Romance",3.5386,Philip Kaufman
Quiz Show,1994,Drama,3.6638,Robert Redford
Rabbit-Proof Fence,2002,"Adventure,Drama",3.8307,Phillip Noyce
Radio,2003,Drama,3.4718,Michael Tollin
Radio Days,1987,"Comedy,Drama",3.7144,Woody Allen
"Rage: Carrie 2, The",1999,Horror,2.2317,Katt Shea
Raging Bull,1980,Drama,4.0529,Martin Scorsese
Raiders of the Lost Ark (Indiana Jones and the Raiders of the Lost Ark),1981,"Action,Adventure",4.1239,Steven Spielberg
Rain Man,1988,Drama,3.9002,Barry Levinson
"Rainmaker, The",1997,Drama,3.5968,Francis Ford Coppola
Raise the Red Lantern (Da hong deng long gao gao gua),1991,Drama,4.1207,Yimou Zhang
"Raisin in the Sun, A",1961,Drama,3.8798,Daniel Petrie
Raising Arizona,1987,Comedy,3.8756,Joel Coen
Rambo (Rambo 4),2008,"Action,Drama,Thriller,War",3.2831,Sylvester Stallone
Rambo III,1988,"Action,Adventure,Thriller,War",2.4556,Peter MacDonald
Rambo: First Blood Part II,1985,"Action,Adventure,Thriller",2.8576,George P. Cosmatos
Ran,1985,"Drama,War",4.142,Akira Kurosawa
Random Hearts,1999,"Drama,Romance",2.4135,Sydney Pollack
Rango,2011,"Action,Adventure,Animation,Children,Comedy,Western",3.3441,Gore Verbinski
Ransom,1996,"Crime,Thriller",3.4461,Ron Howard
Rashomon (Rashômon),1950,"Crime,Drama,Mystery",4.1269,Akira Kurosawa
Rat Race,2001,Comedy,3.1095,Jerry Zucker
Ratatouille,2007,"Animation,Children,Drama",3.8111,Brad Bird
Ravenous,1999,"Horror,Thriller",3.2454,Antonia Bird
Ray,2004,Drama,3.7798,Taylor Hackford
Re-Animator,1985,"Comedy,Horror,Sci-Fi",3.5208,Stuart Gordon
"Reader, The",2008,"Drama,Romance",3.7686,Stephen Daldry
Ready Player One,,"Action,Sci-Fi,Thriller",3.5744,Steven Spielberg
Ready to Wear (Pret-A-Porter),1994,Comedy,2.7103,Robert Altman
Real Genius,1985,Comedy,3.657,Martha Coolidge
Real Steel,2011,"Action,Drama,Sci-Fi,IMAX",3.2867,Shawn Levy
Reality Bites,1994,"Comedy,Drama,Romance",3.25,Ben Stiller
Rear Window,1954,"Mystery,Thriller",4.2379,Alfred Hitchcock
Rebecca,1940,"Drama,Mystery,Romance,Thriller",4.0702,Alfred Hitchcock
Rebel Without a Cause,1955,Drama,3.7896,Nicholas Ray
"Recruit, The",2003,"Action,Thriller",3.3875,Roger Donaldson
Red,2010,"Action,Comedy",3.6076,Robert Schwentke
Red 2,2013,"Action,Comedy,Crime,Thriller",3.4677,Dean Parisot
Red Corner,1997,"Crime,Thriller",3.1082,Jon Avnet
Red Dawn,1984,"Action,Drama,War",3.1965,John Milius
Red Dragon,2002,"Crime,Mystery,Thriller",3.5621,Brett Ratner
Red Eye,2005,"Horror,Thriller",3.1397,Wes Craven
Red Heat,1988,Action,2.8467,Walter Hill
Red Planet,2000,"Action,Sci-Fi,Thriller",2.7558,Antony Hoffman
Red Rock West,1992,Thriller,3.7691,John Dahl
Red Sonja,1985,"Action,Adventure,Fantasy",2.4394,Richard Fleischer
"Red Violin, The (Violon rouge, Le)",1998,"Drama,Mystery",3.8936,François Girard
Reds,1981,"Drama,Romance",3.5138,Warren Beatty
"Ref, The",1994,Comedy,3.4614,Ted Demme
Regarding Henry,1991,Drama,3.3496,Mike Nichols
Reign Over Me,2007,Drama,3.5774,Mike Binder
Reign of Fire,2002,"Action,Adventure,Fantasy",3.0024,Rob Bowman
Reindeer Games,2000,"Action,Thriller",2.6488,John Frankenheimer
"Relic, The",1997,"Horror,Thriller",2.827,Peter Hyams
"Remains of the Day, The",1993,"Drama,Romance",3.8977,James Ivory
Remember the Titans,2000,Drama,3.7734,Boaz Yakin
Renaissance Man,1994,"Comedy,Drama",3.0882,Penny Marshall
Rent,2005,"Drama,Musical,Romance",3.388,Chris Columbus
"Replacement Killers, The",1998,"Action,Crime,Thriller",3.0894,Antoine Fuqua
"Replacements, The",2000,Comedy,3.1349,Howard Deutch
Repo Man,1984,"Comedy,Sci-Fi",3.5936,Alex Cox
Repo Men,2010,"Action,Sci-Fi,Thriller",3.2592,Miguel Sapochnik
Repulsion,1965,"Drama,Horror",3.8464,Roman Polanski
Requiem for a Dream,2000,Drama,3.9937,Darren Aronofsky
Rescue Dawn,2006,"Action,Adventure,Drama,War",3.5925,Werner Herzog
"Rescuers Down Under, The",1990,"Adventure,Animation,Children",3.309,Hendel Butoy|Mike Gabriel
"Rescuers, The",1977,"Adventure,Animation,Children,Crime,Drama",3.4616,John Lounsbery|Wolfgang Reitherman|Art Stevens
Reservoir Dogs,1992,"Crime,Mystery,Thriller",4.0923,Quentin Tarantino
Resident Evil,2002,"Action,Horror,Sci-Fi,Thriller",3.1763,Paul W.S. Anderson
Resident Evil: Afterlife,2010,"Action,Horror,Sci-Fi,Thriller,IMAX",3.0534,Paul W.S. Anderson
Resident Evil: Apocalypse,2004,"Action,Horror,Sci-Fi,Thriller",3.0151,Alexander Witt
Resident Evil: Extinction,2007,"Action,Horror,Sci-Fi,Thriller",3.1386,Russell Mulcahy
Resident Evil: Retribution,2012,"Action,Horror,Sci-Fi,IMAX",2.9698,Paul W.S. Anderson
Restoration,1995,Drama,3.45,Michael Hoffman
Return from Witch Mountain,1978,"Children,Sci-Fi",2.901,John Hough
"Return of Martin Guerre, The (Retour de Martin Guerre, Le)",1982,Drama,3.9044,Daniel Vigne
"Return of the Living Dead, The",1985,"Comedy,Horror,Sci-Fi",3.4548,Dan O'Bannon
"Return of the Pink Panther, The",1975,"Comedy,Crime",3.6314,Blake Edwards
Return to Me,2000,"Drama,Romance",3.535,Bonnie Hunt
Return to Oz,1985,"Adventure,Children,Fantasy",2.97,Walter Murch
Return to Paradise,1998,"Crime,Drama,Romance,Thriller",3.5192,Joseph Ruben
Revenge of the Nerds,1984,Comedy,3.1654,Jeff Kanew
Revenge of the Nerds II: Nerds in Paradise,1987,Comedy,2.2266,Joe Roth
Revenge of the Pink Panther,1978,"Comedy,Crime",3.5975,Blake Edwards
Reversal of Fortune,1990,Drama,3.7961,Barbet Schroeder
Revolutionary Road,2008,"Drama,Romance",3.5103,Sam Mendes
Revolver,2005,"Crime,Drama,Thriller",3.4719,Guy Ritchie
Richard III,1995,"Drama,War",3.8434,Richard Loncraine
Richie Rich,1994,"Children,Comedy",2.4219,Donald Petrie
Riddick,2013,"Action,Sci-Fi,Thriller,IMAX",3.4376,David Twohy
Ridicule,1996,Drama,3.8274,Patrice Leconte
Riding in Cars with Boys,2001,"Comedy,Drama",2.989,Penny Marshall
"Right Stuff, The",1983,Drama,3.9432,Philip Kaufman
"Ring Two, The",2005,"Drama,Horror,Mystery,Thriller",2.6193,Hideo Nakata
"Ring, The",2002,"Horror,Mystery,Thriller",3.3495,Gore Verbinski
Rio,2011,"Adventure,Animation,Children,Comedy",3.1989,Carlos Saldanha
Rio Bravo,1959,Western,3.8654,Howard Hawks
Rise of the Guardians,2012,"Adventure,Animation,Children,Fantasy,IMAX",3.5234,Peter Ramsey
Rise of the Planet of the Apes,2011,"Action,Drama,Sci-Fi,Thriller",3.5476,Rupert Wyatt
Rising Sun,1993,"Action,Drama,Mystery",3.131,Philip Kaufman
Risky Business,1983,Comedy,3.5007,Paul Brickman
"River Runs Through It, A",1992,Drama,3.6864,Robert Redford
"River Wild, The",1994,"Action,Thriller",3.2755,Curtis Hanson
River's Edge,1986,"Crime,Drama",3.636,Tim Hunter
Road House,1989,"Action,Drama",2.8447,Rowdy Herrington
Road Trip,2000,Comedy,3.1278,Todd Phillips
"Road Warrior, The (Mad Max 2)",1981,"Action,Adventure,Sci-Fi,Thriller",3.6699,George Miller
"Road to El Dorado, The",2000,"Animation,Children",3.2951,Bibo Bergeron|Don Paul
Road to Perdition,2002,"Crime,Drama",3.6838,Sam Mendes
"Road to Wellville, The",1994,Comedy,2.6764,Alan Parker
"Road, The",2009,"Adventure,Drama,Thriller",3.6253,John Hillcoat
Rob Roy,1995,"Action,Drama,Romance,War",3.5314,Michael Caton-Jones
Robin Hood: Men in Tights,1993,Comedy,3.0675,Mel Brooks
Robin Hood: Prince of Thieves,1991,"Adventure,Drama",3.2938,Kevin Reynolds
RoboCop 2,1990,"Action,Crime,Sci-Fi,Thriller",2.4833,Irvin Kershner
RoboCop 3,1993,"Action,Crime,Drama,Sci-Fi,Thriller",2.1959,Fred Dekker
Robot & Frank,2012,"Comedy,Drama,Sci-Fi",3.6784,Jake Schreier
Robots,2005,"Adventure,Animation,Children,Comedy,Fantasy,Sci-Fi,IMAX",3.1685,Chris Wedge
Rock Star,2001,"Comedy,Drama,Musical",2.9772,Stephen Herek
"Rock, The",1996,"Action,Adventure,Thriller",3.6686,Michael Bay
"Rocketeer, The",1991,"Action,Adventure,Sci-Fi",3.0643,Joe Johnston
RocknRolla,2008,"Action,Crime",3.6793,Guy Ritchie
Rocky,1976,Drama,3.7287,John G. Avildsen
Rocky Balboa,2006,"Action,Drama",3.368,Sylvester Stallone
"Rocky Horror Picture Show, The",1975,"Comedy,Horror,Musical,Sci-Fi",3.3509,Jim Sharman
Rocky II,1979,"Action,Drama",3.1851,Sylvester Stallone
Rocky III,1982,"Action,Drama",2.9609,Sylvester Stallone
Rocky IV,1985,"Action,Drama",2.8672,Sylvester Stallone
Rocky V,1990,"Action,Drama",2.241,John G. Avildsen
Roger Dodger,2002,"Comedy,Drama",3.5526,Dylan Kidd
Rogue One: A Star Wars Story,2016,"Action,Adventure,Fantasy,Sci-Fi",3.781,Gareth Edwards
Role Models,2008,Comedy,3.5346,David Wain
Roman Holiday,1953,"Comedy,Drama,Romance",4.0515,William Wyler
Romancing the Stone,1984,"Action,Adventure,Comedy,Romance",3.4814,Robert Zemeckis
Romeo Is Bleeding,1993,"Crime,Thriller",3.3105,Peter Medak
Romeo Must Die,2000,"Action,Crime,Romance,Thriller",3.0004,Andrzej Bartkowiak
Romeo and Juliet,1968,"Drama,Romance",3.6447,Franco Zeffirelli
Romper Stomper,1992,"Action,Drama",3.5399,Geoffrey Wright
Romy and Michele's High School Reunion,1997,Comedy,2.956,David Mirkin
Ronin,1998,"Action,Crime,Thriller",3.5768,John Frankenheimer
Rookie of the Year,1993,"Comedy,Fantasy",2.7633,Daniel Stern
"Rookie, The",2002,Drama,3.5034,John Lee Hancock
Room,2015,Drama,3.9772,Lenny Abrahamson
"Room with a View, A",1986,"Drama,Romance",3.9344,James Ivory
Rope,1948,"Crime,Drama,Thriller",3.9227,Alfred Hitchcock
Rosemary's Baby,1968,"Drama,Horror,Thriller",3.7802,Roman Polanski
Rosencrantz and Guildenstern Are Dead,1990,"Comedy,Drama",3.9331,Tom Stoppard
Rosewood,1997,"Action,Drama",3.5105,John Singleton
Rounders,1998,Drama,3.7176,John Dahl
Roxanne,1987,"Comedy,Romance",3.4841,Fred Schepisi
"Royal Tenenbaums, The",2001,"Comedy,Drama",3.7726,Wes Anderson
Ruby Sparks,2012,"Comedy,Fantasy,Romance",3.6634,Jonathan Dayton|Valerie Faris
Ruby in Paradise,1993,Drama,3.6429,Victor Nunez
Rudy,1993,Drama,3.5335,David Anspaugh
"Rugrats Movie, The",1998,"Animation,Children,Comedy",2.6625,Igor Kovalyov|Norton Virgien
"Rules of Attraction, The",2002,"Comedy,Drama,Romance,Thriller",3.2783,Roger Avary
Rules of Engagement,2000,"Drama,Thriller",3.2824,William Friedkin
Rumble in the Bronx (Hont faan kui),1995,"Action,Adventure,Comedy,Crime",3.4062,Stanley Tong
Rumor Has It...,2005,"Comedy,Drama,Romance",2.8265,Rob Reiner
Run Fatboy Run,2007,"Comedy,Romance",3.2411,David Schwimmer
Run Lola Run (Lola rennt),1998,"Action,Crime",3.97,Tom Tykwer
Run Silent Run Deep,1958,War,3.8905,Robert Wise
Runaway Bride,1999,"Comedy,Romance",2.8627,Garry Marshall
Runaway Jury,2003,"Drama,Thriller",3.6011,Gary Fleder
Runaway Train,1985,"Action,Adventure,Drama,Thriller",3.5035,Andrei Konchalovsky
"Rundown, The",2003,"Action,Adventure,Comedy",3.3484,Peter Berg
"Running Man, The",1987,"Action,Sci-Fi",3.2291,Paul Michael Glaser
Running Scared,1986,"Action,Comedy",3.3226,Peter Hyams
Rush,2013,"Action,Drama",3.8672,Ron Howard
Rush Hour,1998,"Action,Comedy,Crime,Thriller",3.4355,Brett Ratner
Rush Hour 2,2001,"Action,Comedy",3.2423,Brett Ratner
Rush Hour 3,2007,"Action,Comedy,Crime,Thriller",3.1218,Brett Ratner
Rushmore,1998,"Comedy,Drama",3.8518,Wes Anderson
Ruthless People,1986,Comedy,3.3919,Jim Abrahams|David Zucker|Jerry Zucker
S.W.A.T.,2003,"Action,Thriller",2.9686,Clark Johnson
SLC Punk!,1998,"Comedy,Drama",3.6038,James Merendino
Safe,1995,Thriller,3.5782,Todd Haynes
Safe House,2012,"Action,Crime,Mystery,Thriller",3.4345,Daniel Espinosa
Safety Not Guaranteed,2012,"Comedy,Drama",3.577,Colin Trevorrow
Sahara,2005,"Action,Adventure,Comedy",3.059,Breck Eisner
"Saint, The",1997,"Action,Romance,Sci-Fi,Thriller",3.1572,Phillip Noyce
Salt,2010,"Action,Thriller",3.246,Phillip Noyce
"Salton Sea, The",2002,"Crime,Drama,Thriller",3.5846,D.J. Caruso
San Andreas,2015,"Action,Drama,Thriller",2.8472,Brad Peyton
"Sandlot, The",1993,"Children,Comedy,Drama",3.6675,David Mickey Evans
Sanjuro (Tsubaki Sanjûrô),1962,"Action,Adventure,Drama",4.105,Akira Kurosawa
Santa Claus: The Movie,1985,"Adventure,Children,Fantasy",2.7276,Jeannot Szwarc
"Santa Clause 2, The",2002,"Children,Comedy,Fantasy,Romance",2.681,Michael Lembeck
"Santa Clause, The",1994,"Comedy,Drama,Fantasy",3.1281,John Pasquin
Saturday Night Fever,1977,"Comedy,Drama,Romance",3.2688,John Badham
Sausage Party,2016,"Animation,Comedy",2.8154,Greg Tiernan|Conrad Vernon
Save the Last Dance,2001,"Drama,Romance",3.1787,Thomas Carter
Saved!,2004,"Comedy,Drama",3.5822,Brian Dannelly
Saving Grace,2000,Comedy,3.6563,Nigel Cole
Saving Mr. Banks,2013,"Comedy,Drama",3.6533,John Lee Hancock
Saving Private Ryan,1998,"Action,Drama,War",4.0441,Steven Spielberg
Saving Silverman (Evil Woman),2001,"Comedy,Romance",2.8136,Dennis Dugan
Saw II,2005,"Horror,Thriller",2.934,Darren Lynn Bousman
Saw III,2006,"Crime,Horror,Thriller",2.7715,Darren Lynn Bousman
Saw IV,2007,"Crime,Horror,Thriller",2.7217,Darren Lynn Bousman
Saw V,2008,"Crime,Horror,Thriller",2.7225,David Hackl
Saw VI,2009,"Crime,Horror,Mystery,Thriller",2.8631,Kevin Greutert
Say Anything...,1989,"Comedy,Drama,Romance",3.8505,Cameron Crowe
"Scanner Darkly, A",2006,"Animation,Drama,Mystery,Sci-Fi,Thriller",3.6126,Richard Linklater
Scanners,1981,"Horror,Sci-Fi,Thriller",3.3263,David Cronenberg
"Scarlet Letter, The",1995,"Drama,Romance",2.6846,Roland Joffé
Scary Movie,2000,"Comedy,Horror",2.7178,Keenen Ivory Wayans
Scary Movie 2,2001,Comedy,2.3856,Keenen Ivory Wayans
Scary Movie 3,2003,"Comedy,Horror",2.4166,David Zucker
Scary Movie 4,2006,"Comedy,Horror",2.3187,David Zucker
Scent of a Woman,1992,Drama,3.7779,Martin Brest
Schindler's List,1993,"Drama,War",4.2476,Steven Spielberg
School of Rock,2003,"Comedy,Musical",3.386,Richard Linklater
"Science of Sleep, The (La science des rêves)",2006,"Comedy,Drama,Fantasy,Romance",3.7309,Michel Gondry
Scooby-Doo,2002,"Adventure,Children,Comedy,Fantasy,Mystery",2.3504,Raja Gosnell
Scooby-Doo 2: Monsters Unleashed,2004,"Action,Adventure,Children,Comedy,Mystery",2.2831,Raja Gosnell
Scoop,2006,"Comedy,Fantasy,Mystery",3.372,Woody Allen
"Score, The",2001,"Action,Drama",3.4623,Frank Oz
Scott Pilgrim vs. the World,2010,"Action,Comedy,Fantasy,Musical,Romance",3.7634,Edgar Wright
"Scout, The",1994,"Comedy,Drama",2.7789,Michael Ritchie
Scream,1996,"Comedy,Horror,Mystery,Thriller",3.2786,Wes Craven
Scream 2,1997,"Comedy,Horror,Mystery,Thriller",2.7656,Wes Craven
Scream 3,2000,"Comedy,Horror,Mystery,Thriller",2.431,Wes Craven
Scream 4,2011,"Comedy,Horror,Mystery,Thriller",2.9064,Wes Craven
Screamers,1995,"Action,Sci-Fi,Thriller",3.01,Christian Duguay
Scrooged,1988,"Comedy,Fantasy,Romance",3.4651,Richard Donner
"Sea Inside, The (Mar adentro)",2004,Drama,3.916,Alejandro Amenábar
Sea of Love,1989,"Crime,Drama,Thriller",3.4842,Harold Becker
Seabiscuit,2003,Drama,3.5933,Gary Ross
"Searchers, The",1956,"Drama,Western",3.944,John Ford
Searching,2018,Drama,3.7627,Aneesh Chaganty
Searching for Bobby Fischer,1993,Drama,3.8492,Steven Zaillian
Secondhand Lions,2003,"Children,Comedy,Drama",3.7406,Tim McCanlies
"Secret Garden, The",1993,"Children,Drama",3.5358,Agnieszka Holland
"Secret Life of Walter Mitty, The",2013,"Adventure,Comedy,Drama",3.6881,Ben Stiller
Secret Window,2004,"Mystery,Thriller",3.206,David Koepp
"Secret World of Arrietty, The (Kari-gurashi no Arietti)",2010,"Animation,Children,Fantasy",3.8056,Hiromasa Yonebayashi
"Secret of Kells, The",2009,"Animation,Fantasy",3.8083,Tomm Moore
"Secret of NIMH, The",1982,"Adventure,Animation,Children,Drama",3.7275,Don Bluth
"Secret of Roan Inish, The",1994,"Children,Drama,Fantasy,Mystery",3.8499,John Sayles
Secretary,2002,"Comedy,Drama,Romance",3.7272,Steven Shainberg
Secrets & Lies,1996,Drama,4.0441,Mike Leigh
"See No Evil, Hear No Evil",1989,"Comedy,Crime",3.2062,Arthur Hiller
Seeking a Friend for the End of the World,2012,"Comedy,Drama,Romance",3.4297,Lorene Scafaria
Selena,1997,"Drama,Musical",3.1149,Gregory Nava
Self/less,2015,"Action,Mystery,Sci-Fi,Thriller",3.3286,Tarsem Singh
Selma,2014,Drama,3.6703,Ava DuVernay
Semi-Pro,2008,Comedy,2.8891,Kent Alterman
Sense and Sensibility,1995,"Drama,Romance",3.9488,Ang Lee
Serendipity,2001,"Comedy,Romance",3.3538,Peter Chelsom
Serenity,2005,"Action,Adventure,Sci-Fi",3.9813,Joss Whedon
Serial Mom,1994,"Comedy,Crime,Horror",3.061,John Waters
"Serious Man, A",2009,"Comedy,Drama",3.6216,Ethan Coen|Joel Coen
"Serpent and the Rainbow, The",1988,Horror,3.2137,Wes Craven
Serpico,1973,"Crime,Drama",3.9115,Sidney Lumet
Session 9,2001,"Horror,Thriller",3.3538,Brad Anderson
Seven (a.k.a. Se7en),1995,"Mystery,Thriller",4.0792,David Fincher
Seven Brides for Seven Brothers,1954,"Comedy,Musical,Romance,Western",3.5555,Stanley Donen
Seven Days in May,1964,Thriller,4.0,John Frankenheimer
Seven Pounds,2008,Drama,3.7085,Gabriele Muccino
Seven Psychopaths,2012,"Comedy,Crime",3.6527,Martin McDonagh
Seven Samurai (Shichinin no samurai),1954,"Action,Adventure,Drama",4.2548,Akira Kurosawa
"Seven Year Itch, The",1955,Comedy,3.7131,Billy Wilder
Seven Years in Tibet,1997,"Adventure,Drama,War",3.4282,Jean-Jacques Annaud
"Seventh Seal, The (Sjunde inseglet, Det)",1957,Drama,4.0933,Ingmar Bergman
"Seventh Sign, The",1988,"Drama,Fantasy,Thriller",3.1162,Carl Schultz
Sex Drive,2008,Comedy,3.1696,Sean Anders
Sex and Lucia (Lucía y el sexo),2001,"Drama,Romance",3.6562,Julio Medem
Sex and the City,2008,"Comedy,Romance",2.777,Michael Patrick King
"Sex, Lies, and Videotape",1989,Drama,3.5434,Steven Soderbergh
Sexy Beast,2000,"Crime,Drama",3.6051,Jonathan Glazer
Sgt. Bilko,1996,Comedy,2.8339,Jonathan Lynn
Shadow of a Doubt,1943,"Crime,Drama,Thriller",4.1122,Alfred Hitchcock
Shadow of the Vampire,2000,"Drama,Horror",3.4311,E. Elias Merhige
"Shadow, The",1994,"Action,Adventure,Fantasy,Mystery",2.9328,Russell Mulcahy
Shadowlands,1993,"Drama,Romance",3.8905,Richard Attenborough
"Shaggy Dog, The",1959,"Children,Comedy",3.1315,Charles Barton
Shakespeare in Love,1998,"Comedy,Drama,Romance",3.7905,John Madden
Shall We Dance,1937,"Comedy,Musical,Romance",3.9678,Mark Sandrich
Shall We Dance?,2004,"Comedy,Romance",3.2588,Peter Chelsom
Shall We Dance? (Shall We Dansu?),1996,"Comedy,Drama,Romance",3.9454,Masayuki Suô
Shallow Grave,1994,"Comedy,Drama,Thriller",3.7754,Danny Boyle
Shallow Hal,2001,"Comedy,Fantasy,Romance",2.828,Bobby Farrelly|Peter Farrelly
Shame,2011,Drama,3.6441,Steve McQueen
Shampoo,1975,"Comedy,Drama,Romance",3.2469,Hal Ashby
Shane,1953,"Drama,Western",3.7677,George Stevens
Shanghai Knights,2003,"Action,Adventure,Comedy",3.0751,David Dobkin
Shanghai Noon,2000,"Action,Adventure,Comedy,Western",3.2657,Tom Dey
Shanghai Triad (Yao a yao yao dao waipo qiao),1995,"Crime,Drama",3.6368,Yimou Zhang
Shaolin Soccer (Siu lam juk kau),2001,"Action,Comedy",3.5813,Stephen Chow
Shark Tale,2004,"Animation,Children,Comedy",2.7534,Bibo Bergeron|Vicky Jenson|Rob Letterman
Shattered Glass,2003,"Crime,Drama",3.6647,Billy Ray
Shaun of the Dead,2004,"Comedy,Horror",3.8777,Edgar Wright
"Shawshank Redemption, The",1994,"Crime,Drama",4.4136,Frank Darabont
She's All That,1999,"Comedy,Romance",3.0051,Robert Iscove
She's Out of My League,2010,Comedy,3.2527,Jim Field Smith
She's the Man,2006,"Comedy,Romance",3.3236,Andy Fickman
She's the One,1996,"Comedy,Romance",3.061,Edward Burns
She-Devil,1989,Comedy,2.2166,Susan Seidelman
Sherlock Holmes,2009,"Action,Crime,Mystery,Thriller",3.7469,Guy Ritchie
Sherlock Holmes: A Game of Shadows,2011,"Action,Adventure,Comedy,Crime,Mystery,Thriller",3.7255,Guy Ritchie
Shine,1996,"Drama,Romance",3.8607,Scott Hicks
"Shining, The",1980,Horror,4.0279,Stanley Kubrick
"Shipping News, The",2001,Drama,3.365,Lasse Hallström
Shoot 'Em Up,2007,"Action,Comedy,Crime",3.2975,Michael Davis
Shooter,2007,"Action,Drama,Thriller",3.6131,Antoine Fuqua
"Shop Around the Corner, The",1940,"Comedy,Drama,Romance",4.0006,Ernst Lubitsch
Shopgirl,2005,"Comedy,Drama,Romance",3.2528,Anand Tucker
Short Circuit,1986,"Comedy,Sci-Fi",3.2114,John Badham
Short Circuit 2,1988,"Comedy,Sci-Fi",2.5572,Kenneth Johnson
Short Cuts,1993,Drama,3.778,Robert Altman
Short Term 12,2013,Drama,3.9895,Destin Daniel Cretton
"Shot in the Dark, A",1964,"Comedy,Crime,Mystery",3.8567,Blake Edwards
Showgirls,1995,Drama,2.2478,Paul Verhoeven
Showtime,2002,"Action,Comedy",2.711,Tom Dey
Shrek,2001,"Adventure,Animation,Children,Comedy,Fantasy,Romance",3.7548,Andrew Adamson|Vicky Jenson
Shrek 2,2004,"Adventure,Animation,Children,Comedy,Musical,Romance",3.4755,Andrew Adamson|Kelly Asbury|Conrad Vernon
Shrek Forever After (a.k.a. Shrek: The Final Chapter),2010,"Adventure,Animation,Children,Comedy,Fantasy,IMAX",3.0066,Mike Mitchell
Shrek the Third,2007,"Adventure,Animation,Children,Comedy,Fantasy",2.9105,Raman Hui|Chris Miller
Shutter Island,2010,"Drama,Mystery,Thriller",3.9648,Martin Scorsese
Sicario,2015,"Crime,Drama,Mystery",3.85,Denis Villeneuve
Sid and Nancy,1986,Drama,3.5465,Alex Cox
Side Effects,2013,"Crime,Drama,Mystery,Thriller",3.5276,Steven Soderbergh
Sideways,2004,"Comedy,Drama,Romance",3.6546,Alexander Payne
"Siege, The",1998,"Action,Thriller",3.1104,Edward Zwick
Signs,2002,"Horror,Sci-Fi,Thriller",3.245,M. Night Shyamalan
"Silence of the Lambs, The",1991,"Crime,Horror,Thriller",4.1513,Jonathan Demme
Silent Hill,2006,"Fantasy,Horror,Thriller",3.2275,Christophe Gans
Silent Running,1972,"Drama,Sci-Fi",3.4606,Douglas Trumbull
Silkwood,1983,Drama,3.6721,Mike Nichols
Silver Linings Playbook,2012,"Comedy,Drama",3.7094,David O. Russell
Silverado,1985,"Action,Western",3.6676,Lawrence Kasdan
Simon Birch,1998,Drama,3.4422,Mark Steven Johnson
Simone (S1m0ne),2002,"Comedy,Drama,Fantasy,Sci-Fi",2.7904,Andrew Niccol
"Simple Plan, A",1998,"Crime,Drama,Thriller",3.7182,Sam Raimi
Simply Irresistible,1999,"Comedy,Romance",2.7264,Mark Tarlov
"Simpsons Movie, The",2007,"Animation,Comedy",3.3971,David Silverman
Sin City,2005,"Action,Crime,Film-Noir,Mystery,Thriller",3.7801,Quentin Tarantino|Robert Rodriguez|Frank Miller
Sin City: A Dame to Kill For,2014,"Action,Crime,Thriller",3.2029,Robert Rodriguez|Frank Miller
Sinbad: Legend of the Seven Seas,2003,"Adventure,Animation,Children,Fantasy",3.3284,Tim Johnson|Patrick Gilmore
Sing,2016,"Animation,Children,Comedy",3.4554,Garth Jennings
Sing Street,2016,Drama,3.9207,John Carney
Singin' in the Rain,1952,"Comedy,Musical,Romance",4.051,Gene Kelly|Stanley Donen
"Single Man, A",2009,Drama,3.7908,Tom Ford
Single White Female,1992,"Drama,Thriller",3.0635,Barbet Schroeder
Singles,1992,"Comedy,Drama,Romance",3.4239,Cameron Crowe
Sinister,2012,"Horror,Thriller",3.5363,Scott Derrickson
Sirens,1994,Drama,3.1485,John Duigan
Sister Act,1992,"Comedy,Crime",3.0083,Emile Ardolino
Sister Act 2: Back in the Habit,1993,Comedy,2.5744,Bill Duke
"Sisterhood of the Traveling Pants, The",2005,"Adventure,Comedy,Drama",3.318,Ken Kwapis
Six Days Seven Nights,1998,"Adventure,Comedy,Romance",2.836,Ivan Reitman
Six Degrees of Separation,1993,Drama,3.7011,Fred Schepisi
Sixteen Candles,1984,"Comedy,Romance",3.6324,John Hughes
"Sixth Sense, The",1999,"Drama,Horror,Mystery",4.0098,M. Night Shyamalan
"Skeleton Key, The",2005,"Drama,Horror,Mystery,Thriller",3.3243,Iain Softley
"Skin I Live In, The (La piel que habito)",2011,Drama,3.7668,Pedro Almodóvar
"Skulls, The",2000,Thriller,2.7442,Rob Cohen
Sky Captain and the World of Tomorrow,2004,"Action,Adventure,Sci-Fi",3.0219,Kerry Conran
Sky High,2005,"Action,Adventure,Children,Comedy",3.1612,Mike Mitchell
Skyfall,2012,"Action,Adventure,Thriller,IMAX",3.7306,Sam Mendes
Slap Shot,1977,Comedy,3.6788,George Roy Hill
Sleeper,1973,"Comedy,Sci-Fi",3.8331,Woody Allen
Sleepers,1996,Thriller,3.6401,Barry Levinson
Sleeping Beauty,1959,"Animation,Children,Musical",3.5712,Les Clark|Clyde Geronimi|Eric Larson|Wolfgang Reitherman
Sleeping with the Enemy,1991,"Drama,Thriller",3.0632,Joseph Ruben
Sleepless in Seattle,1993,"Comedy,Drama,Romance",3.5095,Nora Ephron
Sleepy Hollow,1999,"Fantasy,Horror,Mystery,Romance",3.5239,Tim Burton
Sleuth,1972,"Comedy,Mystery,Thriller",3.9544,Joseph L. Mankiewicz
Sliding Doors,1998,"Drama,Romance",3.5451,Peter Howitt
Sling Blade,1996,Drama,3.999,Billy Bob Thornton
Slither,2006,"Comedy,Horror,Sci-Fi",3.2124,James Gunn
Sliver,1993,Thriller,2.719,Phillip Noyce
Slumdog Millionaire,2008,"Crime,Drama,Romance",3.8326,Danny Boyle
"Slums of Beverly Hills, The",1998,"Comedy,Drama",3.4139,Tamara Jenkins
Small Soldiers,1998,"Animation,Children,Fantasy,War",2.8228,Joe Dante
Small Time Crooks,2000,"Comedy,Crime",3.3027,Woody Allen
Smilla's Sense of Snow,1997,"Drama,Thriller",3.2506,Bille August
Smoke,1995,"Comedy,Drama",3.8443,Wayne Wang
Smoke Signals,1998,"Comedy,Drama",3.816,Chris Eyre
Smokey and the Bandit,1977,"Action,Comedy",3.2319,Hal Needham
Smokin' Aces,2006,"Action,Crime,Drama,Thriller",3.2358,Joe Carnahan
Snake Eyes,1998,"Action,Crime,Mystery,Thriller",2.8037,Brian De Palma
Snakes on a Plane,2006,"Action,Comedy,Horror,Thriller",2.4826,David R. Ellis
Snatch,2000,"Comedy,Crime,Thriller",4.0633,Guy Ritchie
Sneakers,1992,"Action,Comedy,Crime,Drama,Sci-Fi",3.65,Phil Alden Robinson
Snow Day,2000,Comedy,2.2321,Chris Koch
Snow Falling on Cedars,1999,Drama,3.3324,Scott Hicks
Snow White and the Huntsman,2012,"Action,Adventure,Drama",2.8887,Rupert Sanders
Snow White and the Seven Dwarfs,1937,"Animation,Children,Drama,Fantasy,Musical",3.5823,William Cottrell|David Hand|Wilfred Jackson|Larry Morey
Snowden,2016,"Drama,Thriller",3.697,Oliver Stone
Snowpiercer,2013,"Action,Drama,Sci-Fi",3.4849,Bong Joon Ho
So I Married an Axe Murderer,1993,"Comedy,Romance,Thriller",3.2368,Thomas Schlamme
Soapdish,1991,Comedy,3.2444,Michael Hoffman
"Social Network, The",2010,Drama,3.7541,David Fincher
Solaris,2002,"Drama,Romance,Sci-Fi",3.1679,Steven Soderbergh
Soldier,1998,"Action,Sci-Fi,War",2.877,Paul W.S. Anderson
"Soldier's Story, A",1984,Drama,3.7707,Norman Jewison
Solo,1996,"Action,Sci-Fi,Thriller",2.3399,Norberto Barba
Solo: A Star Wars Story,2018,"Action,Adventure,Children,Sci-Fi",3.3896,Ron Howard
Some Folks Call It a Sling Blade,1993,"Drama,Thriller",4.0672,George Hickenlooper
Some Kind of Wonderful,1987,"Drama,Romance",3.5432,Howard Deutch
Some Like It Hot,1959,"Comedy,Crime",4.0601,Billy Wilder
Someone Like You,2001,"Comedy,Romance",3.1025,Tony Goldwyn
Someone to Watch Over Me,1987,"Action,Crime,Thriller",3.16,Ridley Scott
Something Wicked This Way Comes,1983,"Children,Drama,Fantasy,Mystery,Thriller",3.4052,Jack Clayton
Something Wild,1986,"Comedy,Crime,Drama",3.5683,Jonathan Demme
Something to Talk About,1995,"Comedy,Drama,Romance",3.0779,Lasse Hallström
Something's Gotta Give,2003,"Comedy,Drama,Romance",3.4721,Nancy Meyers
Somewhere in Time,1980,"Drama,Romance",3.562,Jeannot Szwarc
Sommersby,1993,"Drama,Mystery,Romance",3.0936,Jon Amiel
Son in Law,1993,"Comedy,Drama,Romance",2.8498,Steve Rash
Song of the Sea,2014,"Animation,Children,Fantasy",4.0081,Tomm Moore
Song of the South,1946,"Adventure,Animation,Children,Musical",3.5736,Harve Foster|Wilfred Jackson
Sophie's Choice,1982,Drama,3.9089,Alan J. Pakula
"Sorcerer's Apprentice, The",2010,"Action,Adventure,Children,Comedy,Fantasy",3.1975,Jon Turteltaub
Soul Man,1986,Comedy,2.4018,Steve Miner
"Sound of Music, The",1965,"Musical,Romance",3.8015,Robert Wise
Source Code,2011,"Action,Drama,Mystery,Sci-Fi,Thriller",3.7489,Duncan Jones
South Pacific,1958,"Musical,Romance,War",3.5363,Joshua Logan
"South Park: Bigger, Longer and Uncut",1999,"Animation,Comedy,Musical",3.6264,Trey Parker
Southpaw,2015,"Action,Drama",3.5107,Antoine Fuqua
Soylent Green,1973,"Drama,Mystery,Sci-Fi,Thriller",3.4942,Richard Fleischer
Space Cowboys,2000,"Action,Adventure,Comedy,Sci-Fi",3.0828,Clint Eastwood
Space Jam,1996,"Adventure,Animation,Children,Comedy,Fantasy,Sci-Fi",2.7609,Joe Pytka
Spaceballs,1987,"Comedy,Sci-Fi",3.4166,Mel Brooks
Spanglish,2004,"Comedy,Drama,Romance",3.1849,James L. Brooks
"Spanish Apartment, The (L'auberge espagnole)",2002,"Comedy,Drama,Romance",3.802,Cédric Klapisch
"Spanish Prisoner, The",1997,"Crime,Drama,Mystery,Thriller",3.8735,David Mamet
Spanking the Monkey,1994,"Comedy,Drama",3.3041,David O. Russell
Spartacus,1960,"Action,Drama,Romance,War",3.8366,Stanley Kubrick
Spartan,2004,Thriller,3.42,David Mamet
Spawn,1997,"Action,Adventure,Sci-Fi,Thriller",2.6371,Mark A.Z. Dippé
"Specialist, The",1994,"Action,Drama,Thriller",2.8919,Luis Llosa
Species,1995,"Horror,Sci-Fi",2.836,Roger Donaldson
Species II,1998,"Horror,Sci-Fi",2.1102,Peter Medak
Spectre,2015,"Action,Adventure,Crime",3.3799,Sam Mendes
Speechless,1994,"Comedy,Romance",3.1332,Ron Underwood
Speed,1994,"Action,Romance,Thriller",3.4812,Jan de Bont
Speed 2: Cruise Control,1997,"Action,Romance,Thriller",1.9109,Jan de Bont
Speed Racer,2008,"Action,Children,Sci-Fi,IMAX",3.0012,Lilly Wachowski|Lana Wachowski
Spellbound,1945,"Mystery,Romance,Thriller",3.8885,Alfred Hitchcock
Sphere,1998,"Sci-Fi,Thriller",2.8675,Barry Levinson
Spice World,1997,Comedy,1.8059,Bob Spiers
Spider,2002,"Drama,Mystery",3.4022,David Cronenberg
Spider-Man,2002,"Action,Adventure,Sci-Fi,Thriller",3.4786,Sam Raimi
Spider-Man 2,2004,"Action,Adventure,Sci-Fi,IMAX",3.4455,Sam Raimi
Spider-Man 3,2007,"Action,Adventure,Sci-Fi,Thriller,IMAX",2.8632,Sam Raimi
Spider-Man: Far from Home,2019,"Action,Adventure,Sci-Fi",3.7125,Jon Watts
Spider-Man: Into the Spider-Verse,2018,"Action,Adventure,Animation,Sci-Fi",4.1113,Peter Ramsey|Rodney Rothman|Bob Persichetti
"Spiderwick Chronicles, The",2008,"Adventure,Children,Drama,Fantasy,IMAX",3.2919,Mark Waters
Spies Like Us,1985,Comedy,3.2244,John Landis
Spirit: Stallion of the Cimarron,2002,"Adventure,Animation,Children,Western",3.1591,Kelly Asbury|Lorna Cook
Spirited Away (Sen to Chihiro no kamikakushi),2001,"Adventure,Animation,Fantasy",4.2123,Hayao Miyazaki
"Spitfire Grill, The",1996,Drama,3.6519,Lee David Zlotoff
Splash,1984,"Comedy,Fantasy,Romance",3.2198,Ron Howard
Splice,2009,"Horror,Sci-Fi,Thriller",2.843,Vincenzo Natali
Split,2017,"Drama,Horror,Thriller",3.6124,M. Night Shyamalan
"SpongeBob SquarePants Movie, The",2004,"Adventure,Animation,Children,Comedy",3.1032,Stephen Hillenburg|Mark Osborne
Spotlight,2015,Thriller,4.0764,Tom McCarthy
Spring Breakers,2013,"Comedy,Crime,Drama",2.982,Harmony Korine
Spy,2015,"Action,Comedy,Crime",3.5255,Paul Feig
Spy Game,2001,"Action,Crime,Drama,Thriller",3.6251,Tony Scott
Spy Hard,1996,Comedy,2.7319,Rick Friedberg
Spy Kids,2001,"Action,Adventure,Children,Comedy",2.7212,Robert Rodriguez
Spy Kids 2: The Island of Lost Dreams,2002,"Adventure,Children",2.4503,Robert Rodriguez
Spy Kids 3-D: Game Over,2003,"Action,Adventure,Children",2.0087,Robert Rodriguez
"Spy Who Loved Me, The",1977,"Action,Adventure,Thriller",3.5366,Lewis Gilbert
"Squid and the Whale, The",2005,"Comedy,Drama",3.6839,Noah Baumbach
St. Elmo's Fire,1985,"Drama,Romance",3.1647,Joel Schumacher
St. Vincent,2014,Comedy,3.489,Theodore Melfi
Stagecoach,1939,"Action,Drama,Romance,Western",3.8594,John Ford
Stakeout,1987,"Comedy,Crime,Romance,Thriller",3.1285,John Badham
Stalag 17,1953,"Drama,War",4.0866,Billy Wilder
Stalingrad,1993,"Drama,War",3.6863,Joseph Vilsmaier
Stand and Deliver,1988,"Comedy,Drama",3.7345,Ramón Menéndez
Stand by Me,1986,"Adventure,Drama",3.991,Rob Reiner
Star Trek,2009,"Action,Adventure,Sci-Fi,IMAX",3.838,J.J. Abrams
Star Trek Beyond,2016,"Action,Adventure,Sci-Fi",3.5621,Justin Lin
Star Trek II: The Wrath of Khan,1982,"Action,Adventure,Sci-Fi,Thriller",3.7021,Nicholas Meyer
Star Trek III: The Search for Spock,1984,"Action,Adventure,Sci-Fi",3.2531,Leonard Nimoy
Star Trek IV: The Voyage Home,1986,"Adventure,Comedy,Sci-Fi",3.5013,Leonard Nimoy
Star Trek Into Darkness,2013,"Action,Adventure,Sci-Fi,IMAX",3.7414,J.J. Abrams
Star Trek V: The Final Frontier,1989,"Action,Sci-Fi",2.8503,William Shatner
Star Trek VI: The Undiscovered Country,1991,"Action,Mystery,Sci-Fi",3.3192,Nicholas Meyer
Star Trek: First Contact,1996,"Action,Adventure,Sci-Fi,Thriller",3.6546,Jonathan Frakes
Star Trek: Generations,1994,"Adventure,Drama,Sci-Fi",3.3227,David Carson
Star Trek: Insurrection,1998,"Action,Drama,Romance,Sci-Fi",3.2011,Jonathan Frakes
Star Trek: Nemesis,2002,"Action,Drama,Sci-Fi,Thriller",3.1488,Stuart Baird
Star Trek: The Motion Picture,1979,"Adventure,Sci-Fi",3.0928,Robert Wise
Star Wars: Episode I - The Phantom Menace,1999,"Action,Adventure,Sci-Fi",3.0699,George Lucas
Star Wars: Episode II - Attack of the Clones,2002,"Action,Adventure,Sci-Fi,IMAX",3.0537,George Lucas
Star Wars: Episode III - Revenge of the Sith,2005,"Action,Adventure,Sci-Fi",3.3889,George Lucas
Star Wars: Episode IV - A New Hope,1977,"Action,Adventure,Sci-Fi",4.1202,George Lucas
Star Wars: Episode V - The Empire Strikes Back,1980,"Action,Adventure,Sci-Fi",4.1441,Irvin Kershner
Star Wars: Episode VI - Return of the Jedi,1983,"Action,Adventure,Sci-Fi",3.9965,Richard Marquand
Star Wars: Episode VII - The Force Awakens,2015,"Action,Adventure,Fantasy,Sci-Fi,IMAX",3.7391,J.J. Abrams
Star Wars: The Clone Wars,2008,"Action,Adventure,Animation,Sci-Fi",2.992,Dave Filoni
Star Wars: The Last Jedi,2017,"Action,Adventure,Fantasy,Sci-Fi",3.446,Rian Johnson
Stardust,2007,"Adventure,Comedy,Fantasy,Romance",3.8122,Matthew Vaughn
Stardust Memories,1980,"Comedy,Drama",3.5148,Woody Allen
Stargate,1994,"Action,Adventure,Sci-Fi",3.3711,Roland Emmerich
Starman,1984,"Adventure,Drama,Romance,Sci-Fi",3.4151,John Carpenter
Starship Troopers,1997,"Action,Sci-Fi",3.2901,Paul Verhoeven
Starsky & Hutch,2004,"Action,Comedy,Crime,Thriller",2.9391,Todd Phillips
State and Main,2000,"Comedy,Drama",3.5131,David Mamet
State of Play,2009,"Crime,Drama,Thriller",3.5687,Kevin Macdonald
"Station Agent, The",2003,"Comedy,Drama",3.8855,Tom McCarthy
Stay,2005,Thriller,3.5102,Marc Forster
Stealing Beauty,1996,Drama,3.4151,Bernardo Bertolucci
Stealth,2005,"Action,Adventure,Sci-Fi,Thriller",2.5391,Rob Cohen
Steamboat Willie,1928,"Animation,Children,Comedy,Musical",3.4454,Ub Iwerks
Steel Magnolias,1989,Drama,3.5349,Herbert Ross
Step Brothers,2008,Comedy,3.4512,Adam McKay
Step Up,2006,"Drama,Romance",3.3435,Anne Fletcher
Stepmom,1998,Drama,3.2781,Chris Columbus
Steve Jobs,2015,Drama,3.4808,Danny Boyle
Stigmata,1999,"Drama,Thriller",3.0207,Rupert Wainwright
Still Alice,2014,Drama,3.7617,Richard Glatzer|Wash Westmoreland
"Sting, The",1973,"Comedy,Crime",4.1424,George Roy Hill
Stir of Echoes,1999,"Horror,Mystery,Thriller",3.5153,David Koepp
Stop! Or My Mom Will Shoot,1992,"Action,Comedy",1.8155,Roger Spottiswoode
"Story of Us, The",1999,"Comedy,Drama",2.8721,Rob Reiner
Storytelling,2001,"Comedy,Drama",3.448,Todd Solondz
"Strada, La",1954,Drama,4.0109,Federico Fellini
Straight Outta Compton,2015,Drama,3.6944,F. Gary Gray
"Straight Story, The",1999,"Adventure,Drama",3.9502,David Lynch
Strange Brew,1983,Comedy,3.588,Rick Moranis|Dave Thomas
Strange Days,1995,"Action,Crime,Drama,Mystery,Sci-Fi,Thriller",3.418,Kathryn Bigelow
Stranger Than Paradise,1984,"Comedy,Drama",3.8774,Jim Jarmusch
Stranger than Fiction,2006,"Comedy,Drama,Fantasy,Romance",3.7867,Marc Forster
Strangers on a Train,1951,"Crime,Drama,Film-Noir,Thriller",4.1165,Alfred Hitchcock
"Strangers, The",2008,"Horror,Thriller",3.1407,Bryan Bertino
Straw Dogs,1971,"Drama,Thriller",3.7241,Sam Peckinpah
Street Fighter,1994,"Action,Adventure,Fantasy",1.9003,Steven E. de Souza
"Streetcar Named Desire, A",1951,Drama,4.0009,Elia Kazan
Strictly Ballroom,1992,"Comedy,Romance",3.8268,Baz Luhrmann
Striking Distance,1993,"Action,Crime",2.9291,Rowdy Herrington
Stripes,1981,"Comedy,War",3.6672,Ivan Reitman
Striptease,1996,"Comedy,Crime",2.4039,Andrew Bergman
Stuart Little,1999,"Children,Comedy,Fantasy",2.8629,Rob Minkoff
Stuart Little 2,2002,"Children,Comedy",2.5059,Rob Minkoff
Stuart Saves His Family,1995,Comedy,2.6212,Harold Ramis
Stuck on You,2003,Comedy,2.7087,Bobby Farrelly|Peter Farrelly
"Stupids, The",1996,Comedy,2.2924,John Landis
Submarine,2010,"Comedy,Drama,Romance",3.7278,Richard Ayoade
"Substitute, The",1996,"Action,Crime,Drama",3.0016,Robert Mandel
Sucker Punch,2011,"Action,Fantasy,Thriller,IMAX",2.9126,Zack Snyder
Sudden Death,1995,Action,2.9921,Peter Hyams
Suicide Kings,1997,"Comedy,Crime,Drama,Mystery,Thriller",3.5229,Peter O'Fallon
Suicide Squad,2016,"Action,Crime,Sci-Fi",2.7602,David Ayer
Sullivan's Travels,1941,"Adventure,Comedy,Romance",4.0311,Preston Sturges
Sully,2016,Drama,3.7858,Clint Eastwood
"Sum of All Fears, The",2002,"Drama,Thriller",3.1954,Phil Alden Robinson
Summer of Sam,1999,Drama,3.0796,Spike Lee
Sunset Blvd. (a.k.a. Sunset Boulevard),1950,"Drama,Film-Noir,Romance",4.2065,Billy Wilder
Sunshine,2007,"Adventure,Drama,Sci-Fi,Thriller",3.6297,Danny Boyle
Sunshine Cleaning,2008,"Comedy,Drama",3.4933,Christine Jeffs
Super,2010,"Action,Comedy,Drama",3.3028,James Gunn
Super 8,2011,"Mystery,Sci-Fi,Thriller,IMAX",3.4763,J.J. Abrams
Super Mario Bros.,1993,"Action,Adventure,Children,Comedy,Fantasy,Sci-Fi",2.0615,Annabel Jankel|Rocky Morton
Super Troopers,2001,"Comedy,Crime,Mystery",3.5731,Jay Chandrasekhar
Superbad,2007,Comedy,3.7347,Greg Mottola
Supercop (Police Story 3: Supercop) (Jing cha gu shi III: Chao ji jing cha),1992,"Action,Comedy,Crime,Thriller",3.4439,Stanley Tong
Supergirl,1984,"Action,Adventure,Fantasy",2.1019,Jeannot Szwarc
Superman,1978,"Action,Adventure,Sci-Fi",3.3959,Richard Donner
Superman II,1980,"Action,Sci-Fi",3.107,Richard Lester
Superman III,1983,"Action,Adventure,Sci-Fi",2.4205,Richard Lester
Superman IV: The Quest for Peace,1987,"Action,Adventure,Sci-Fi",2.0107,Sidney J. Furie
Superman Returns,2006,"Action,Adventure,Sci-Fi,IMAX",2.9234,Bryan Singer
Supernova,2000,"Adventure,Sci-Fi,Thriller",2.3219,Walter Hill
Superstar,1999,Comedy,2.5111,Bruce McCulloch
"Sure Thing, The",1985,"Comedy,Romance",3.5945,Rob Reiner
Surf's Up,2007,"Animation,Children,Comedy",3.2229,Ash Brannon|Chris Buck
Surrogates,2009,"Action,Sci-Fi,Thriller",3.2671,Jonathan Mostow
Suspicion,1941,"Film-Noir,Mystery,Thriller",3.8918,Alfred Hitchcock
Swamp Thing,1982,"Horror,Sci-Fi",2.5786,Wes Craven
"Swan Princess, The",1994,"Animation,Children",3.0378,Richard Rich
Sweeney Todd: The Demon Barber of Fleet Street,2007,"Drama,Horror,Musical,Thriller",3.455,Tim Burton
"Sweet Hereafter, The",1997,Drama,3.9905,Atom Egoyan
Sweet Home Alabama,2002,"Comedy,Romance",3.1826,Andy Tennant
Sweet November,2001,"Drama,Romance",3.0388,Pat O'Connor
Sweet Smell of Success,1957,"Drama,Film-Noir",4.0493,Alexander Mackendrick
Sweet and Lowdown,1999,"Comedy,Drama",3.6774,Woody Allen
"Sweetest Thing, The",2002,"Comedy,Romance",2.7226,Roger Kumble
Swimming Pool,2003,"Drama,Mystery,Thriller",3.384,François Ozon
Swimming with Sharks,1995,"Comedy,Drama",3.6682,George Huang
Swing Kids,1993,"Drama,War",3.3374,Thomas Carter
Swingers,1996,"Comedy,Drama",3.836,Doug Liman
Swiss Army Man,2016,"Comedy,Drama,Romance",3.4698,Daniel Scheinert|Daniel Kwan
Swiss Family Robinson,1960,"Adventure,Children",3.5136,Ken Annakin
"Switch, The",2010,"Comedy,Romance",3.1102,Josh Gordon|Will Speck
"Sword in the Stone, The",1963,"Animation,Children,Fantasy,Musical",3.5539,Wolfgang Reitherman
Swordfish,2001,"Action,Crime,Drama",3.0713,Dominic Sena
Sydney (Hard Eight),1996,"Crime,Drama,Thriller",3.7228,Paul Thomas Anderson
Sympathy for Mr. Vengeance (Boksuneun naui geot),2002,"Crime,Drama",3.7994,Park Chan-wook
"Synecdoche, New York",2008,"Comedy,Drama",3.8051,Charlie Kaufman
Syriana,2005,"Drama,Thriller",3.5287,Stephen Gaghan
THX 1138,1971,"Action,Adventure,Drama,Sci-Fi",3.4494,George Lucas
TMNT (Teenage Mutant Ninja Turtles),2007,"Action,Adventure,Animation,Children,Comedy,Fantasy",2.8679,Kevin Munroe
"Tailor of Panama, The",2001,"Drama,Thriller",2.9769,John Boorman
Take Shelter,2011,Drama,3.6891,Jeff Nichols
Take the Money and Run,1969,"Comedy,Crime",3.9032,Woody Allen
Taken,2008,"Action,Crime,Drama,Thriller",3.748,Pierre Morel
Taken 2,2012,"Action,Crime,Drama,Thriller",3.1811,Olivier Megaton
Taken 3,2015,"Action,Crime,Thriller",2.9979,Olivier Megaton
Taking Lives,2004,"Crime,Drama,Thriller",3.0917,D.J. Caruso
"Taking of Pelham 1 2 3, The",2009,"Crime,Drama,Thriller",3.2361,Tony Scott
"Taking of Pelham One Two Three, The",1974,"Action,Crime",3.8046,Joseph Sargent
"Talented Mr. Ripley, The",1999,"Drama,Mystery,Thriller",3.5055,Anthony Minghella
Tales from the Crypt Presents: Bordello of Blood,1996,"Comedy,Horror",2.7751,Gilbert Adler
Tales from the Crypt Presents: Demon Knight,1995,"Horror,Thriller",3.1463,Ernest Dickerson
Tales from the Hood,1995,"Action,Crime,Horror",2.7894,Rusty Cundieff
Talk to Her (Hable con Ella),2002,"Drama,Romance",3.967,Pedro Almodóvar
Talladega Nights: The Ballad of Ricky Bobby,2006,"Action,Comedy",3.2191,Adam McKay
"Taming of the Shrew, The",1967,Comedy,3.6347,Franco Zeffirelli
Tampopo,1985,Comedy,4.0717,Jûzô Itami
Tangled,2010,"Animation,Children,Comedy,Fantasy,Musical,Romance,IMAX",3.7333,Byron Howard|Nathan Greno
Tango & Cash,1989,"Action,Comedy,Crime,Thriller",2.7976,Andrei Konchalovsky
Tank Girl,1995,"Action,Comedy,Sci-Fi",2.8165,Rachel Talalay
"Tao of Steve, The",2000,Comedy,3.4748,Jenniphr Goodman
Tarzan,1999,"Adventure,Animation,Children,Drama",3.4848,Chris Buck|Kevin Lima
Taxi,1998,"Action,Comedy",3.5555,Gérard Pirès
Taxi Driver,1976,"Crime,Drama,Thriller",4.0835,Martin Scorsese
Tea with Mussolini,1999,"Comedy,Drama,War",3.4056,Franco Zeffirelli
Teaching Mrs. Tingle,1999,"Comedy,Thriller",2.4721,Kevin Williamson
Team America: World Police,2004,"Action,Adventure,Animation,Comedy",3.4407,Trey Parker
Tears of the Sun,2003,"Action,Drama,Thriller",3.1919,Antoine Fuqua
Ted,2012,"Comedy,Fantasy",3.1381,Seth MacFarlane
Ted 2,2015,Comedy,3.0138,Seth MacFarlane
Teen Wolf,1985,"Comedy,Fantasy",2.8396,Rod Daniel
Teenage Mutant Ninja Turtles II: The Secret of the Ooze,1991,"Action,Children,Fantasy",2.519,Michael Pressman
Teenage Mutant Ninja Turtles III,1993,"Action,Adventure,Children,Comedy,Fantasy",2.1784,Stuart Gillard
Tell No One (Ne le dis à personne),2006,"Crime,Drama,Mystery,Thriller",3.8216,Guillaume Canet
"Ten Commandments, The",1956,"Adventure,Drama",3.6186,Cecil B. DeMille
Tenacious D in The Pick of Destiny,2006,"Adventure,Comedy,Musical",3.2249,Liam Lynch
Tender Mercies,1983,"Drama,Romance,Western",3.9466,Bruce Beresford
Tequila Sunrise,1988,"Action,Drama,Romance,Thriller",3.0154,Robert Towne
Terminal Velocity,1994,"Action,Mystery,Thriller",2.9002,Deran Sarafian
"Terminal, The",2004,"Comedy,Drama,Romance",3.6001,Steven Spielberg
Terminator 2: Judgment Day,1991,"Action,Sci-Fi",3.9464,James Cameron
Terminator 3: Rise of the Machines,2003,"Action,Adventure,Sci-Fi",3.0588,Jonathan Mostow
Terminator Genisys,2015,"Action,Adventure,Sci-Fi,Thriller",3.0454,Alan Taylor
Terminator Salvation,2009,"Action,Adventure,Sci-Fi,Thriller",3.1005,McG
"Terminator, The",1984,"Action,Sci-Fi,Thriller",3.8968,James Cameron
Terms of Endearment,1983,"Comedy,Drama",3.6367,James L. Brooks
Thank You for Smoking,2006,"Comedy,Drama",3.8206,Jason Reitman
That Darn Cat!,1965,"Children,Comedy,Mystery",3.0811,Robert Stevenson
That Thing You Do!,1996,"Comedy,Drama",3.4496,Tom Hanks
The Accountant,2016,"Crime,Drama,Thriller",3.7277,Gavin O'Connor
The Age of Adaline,2015,"Drama,Fantasy,Romance",3.6501,Lee Toland Krieger
The Amazing Spider-Man 2,2014,"Action,Sci-Fi,IMAX",3.0659,Marc Webb
The Artist,2011,"Comedy,Drama,Romance",3.7411,Michel Hazanavicius
The Ballad of Buster Scruggs,2018,"Comedy,Drama,Western",3.6691,Ethan Coen|Joel Coen
The Big Sick,2017,"Comedy,Romance",3.8119,Michael Showalter
The Book of Life,2014,"Adventure,Animation,Romance",3.5252,Jorge R. Gutiérrez
The Butterfly Effect,2004,"Drama,Sci-Fi,Thriller",3.7028,Eric Bress|J. Mackye Gruber
The Conjuring 2,2016,Horror,3.4861,James Wan
The Count of Monte Cristo,2002,"Action,Adventure,Drama,Thriller",3.7834,Kevin Reynolds
The DUFF,2015,Comedy,3.3768,Ari Sandel
The Danish Girl,2015,Drama,3.5643,Tom Hooper
The Devil's Advocate,1997,"Drama,Mystery,Thriller",3.5473,Taylor Hackford
The Disaster Artist,2017,"Comedy,Drama",3.6093,James Franco
The Drop,2014,"Crime,Drama,Thriller",3.6088,Michaël R. Roskam
The Edge of Seventeen,2016,Comedy,3.68,Kelly Fremon Craig
The Expendables 3,2014,"Action,Adventure",2.9298,Patrick Hughes
The Falcon and the Snowman,1985,"Crime,Drama,Thriller",3.5499,John Schlesinger
The Fate of the Furious,2017,"Action,Crime,Drama,Thriller",3.2158,F. Gary Gray
The Fault in Our Stars,2014,"Drama,Romance",3.5552,Josh Boone
The Favourite,,Drama,3.8299,Yorgos Lanthimos
The Founder,2016,Drama,3.7474,John Lee Hancock
The Gift,2015,"Drama,Horror",3.5346,Joel Edgerton
The Girl on the Train,2016,Thriller,3.2786,Tate Taylor
The Good Dinosaur,2015,"Adventure,Animation,Children,Comedy,Fantasy",3.1633,Peter Sohn
The Greatest Showman,2017,Drama,3.5996,Michael Gracey
The Hateful Eight,2015,Western,3.8661,Quentin Tarantino
The Hitman's Bodyguard,2017,"Action,Comedy",3.5288,Patrick Hughes
The Hobbit: The Battle of the Five Armies,2014,"Adventure,Fantasy",3.5104,Peter Jackson
The Hunger,1983,Horror,3.3762,Tony Scott
The Hunger Games,2012,"Action,Adventure,Drama,Sci-Fi,Thriller",3.519,Gary Ross
The Hunger Games: Catching Fire,2013,"Action,Adventure,Sci-Fi,IMAX",3.5082,Francis Lawrence
The Hunger Games: Mockingjay - Part 1,2014,"Adventure,Sci-Fi,Thriller",3.4284,Francis Lawrence
The Hunger Games: Mockingjay - Part 2,2015,"Adventure,Sci-Fi",3.4033,Francis Lawrence
The Imitation Game,2014,"Drama,Thriller,War",3.9953,Morten Tyldum
The Intern,2015,Comedy,3.6959,Nancy Meyers
The Interview,2014,"Action,Comedy",3.073,Seth Rogen|Evan Goldberg
The Jungle Book,2016,"Adventure,Drama,Fantasy",3.5318,Jon Favreau
The Killing of a Sacred Deer,2017,"Drama,Horror,Mystery,Thriller",3.6531,Yorgos Lanthimos
The Lego Batman Movie,2017,"Action,Animation,Comedy",3.5771,Chris McKay
The Lego Movie,2014,"Action,Adventure,Animation,Children,Comedy,Fantasy",3.6869,Phil Lord|Christopher Miller
The Lobster,2015,"Comedy,Romance,Sci-Fi",3.6259,Yorgos Lanthimos
The Machinist,2004,"Drama,Mystery,Thriller",3.8155,Brad Anderson
The Magnificent Seven,2016,"Action,Western",3.4235,Antoine Fuqua
The Man from U.N.C.L.E.,2015,"Action,Adventure,Comedy",3.6915,Guy Ritchie
The Man in the Moon,1991,"Drama,Romance",3.5209,Robert Mulligan
The Martian,2015,"Adventure,Drama,Sci-Fi",4.0334,Ridley Scott
The Nice Guys,2016,"Crime,Mystery,Thriller",3.7521,Shane Black
The Post,2017,"Drama,Thriller",3.6579,Steven Spielberg
The Queen,2006,Drama,3.7075,Stephen Frears
The Raid 2: Berandal,2014,"Action,Crime,Thriller",3.7673,Gareth Evans
The Raid: Redemption,2011,"Action,Crime",3.7856,Gareth Evans
The Revenant,2015,"Adventure,Drama",3.7951,Alejandro G. Iñárritu
The Scorpion King,2002,"Action,Adventure,Fantasy,Thriller",2.6061,Chuck Russell
The Secret Life of Pets,2016,"Animation,Comedy",3.2619,Chris Renaud
The Shape of Water,2017,"Adventure,Drama,Fantasy",3.5595,Guillermo del Toro
The Spectacular Now,2013,"Comedy,Drama,Romance",3.6173,James Ponsoldt
The Theory of Everything,2014,"Drama,Romance",3.7966,James Marsh
The Witch,2015,Horror,3.661,Robert Eggers
Thelma & Louise,1991,"Adventure,Crime,Drama",3.588,Ridley Scott
Them!,1954,"Horror,Sci-Fi,Thriller",3.4825,Gordon Douglas
There Will Be Blood,2007,"Drama,Western",3.9827,Paul Thomas Anderson
There's Something About Mary,1998,"Comedy,Romance",3.5195,Bobby Farrelly|Peter Farrelly
They Live,1988,"Action,Sci-Fi,Thriller",3.6306,John Carpenter
"They Shoot Horses, Don't They?",1969,Drama,3.6856,Sydney Pollack
"Thin Man, The",1934,"Comedy,Crime",4.1533,W.S. Van Dyke
"Thin Red Line, The",1998,"Action,Drama,War",3.4311,Terrence Malick
"Thing from Another World, The",1951,"Horror,Sci-Fi",3.6475,Christian Nyby
Things to Do in Denver When You're Dead,1995,"Crime,Drama,Romance",3.2527,Gary Fleder
Thinner,1996,"Horror,Thriller",2.7386,Tom Holland
"Third Man, The",1949,"Film-Noir,Mystery,Thriller",4.2015,Carol Reed
Thirteen,2003,Drama,3.4259,Catherine Hardwicke
Thirteen Conversations About One Thing (a.k.a. 13 Conversations),2001,Drama,3.599,Jill Sprecher
Thirteen Days,2000,"Drama,Thriller,War",3.6751,Roger Donaldson
Thirteen Ghosts (a.k.a. Thir13en Ghosts),2001,"Horror,Thriller",2.6888,Steve Beck
"Thirteenth Floor, The",1999,"Drama,Sci-Fi,Thriller",3.3395,Josef Rusnak
Thirty-Two Short Films About Glenn Gould,1993,"Drama,Musical",3.8903,François Girard
This Boy's Life,1993,Drama,3.6048,Michael Caton-Jones
This Is 40,2012,Drama,3.1346,Judd Apatow
This Is England,2006,Drama,3.8082,Shane Meadows
This Is Spinal Tap,1984,Comedy,4.009,Rob Reiner
This Is the End,2013,"Action,Comedy",3.2723,Seth Rogen|Evan Goldberg
This Means War,2012,"Action,Comedy,Romance",3.1571,McG
Thor,2011,"Action,Adventure,Drama,Fantasy,IMAX",3.374,Kenneth Branagh
Thor: Ragnarok,2017,"Action,Adventure,Sci-Fi",3.889,Taika Waititi
Thor: The Dark World,2013,"Action,Adventure,Fantasy,IMAX",3.3041,Alan Taylor
"Three Billboards Outside Ebbing, Missouri",2017,"Crime,Drama",4.0054,Martin McDonagh
"Three Burials of Melquiades Estrada, The",2006,"Adventure,Crime,Drama",3.657,Tommy Lee Jones
"Three Caballeros, The",1945,"Animation,Children,Musical",3.1848,Norman Ferguson|Clyde Geronimi|Jack Kinney|Bill Roberts
Three Colors: Blue (Trois couleurs: Bleu),1993,Drama,3.9814,Krzysztof Kieslowski
Three Colors: Red (Trois couleurs: Rouge),1994,Drama,4.073,Krzysztof Kieslowski
Three Colors: White (Trzy kolory: Bialy),1994,"Comedy,Drama",3.9025,Krzysztof Kieslowski
Three Days of the Condor (3 Days of the Condor),1975,"Drama,Mystery,Romance,Thriller",3.958,Sydney Pollack
Three Kings,1999,"Action,Adventure,Comedy,Drama,War",3.5957,David O. Russell
Three Men and a Baby,1987,Comedy,2.8562,Leonard Nimoy
Three Men and a Little Lady,1990,"Comedy,Romance",2.3802,Emile Ardolino
"Three Musketeers, The",1993,"Action,Adventure,Comedy,Romance",3.2133,Stephen Herek
Three to Tango,1999,"Comedy,Romance",2.8899,Damon Santostefano
Threesome,1994,"Comedy,Romance",3.0872,Andrew Fleming
Throne of Blood (Kumonosu jô),1957,"Action,Drama,Thriller,War",4.0536,Akira Kurosawa
Throw Momma from the Train,1987,"Comedy,Crime",2.9404,Danny DeVito
Thunderball,1965,"Action,Adventure,Thriller",3.6099,Terence Young
Tie Me Up! Tie Me Down! (¡Átame!),1990,"Crime,Drama,Romance",3.4919,Pedro Almodóvar
Tigerland,2000,Drama,3.525,Joel Schumacher
"Tigger Movie, The",2000,"Animation,Children",2.9001,Jun Falkenstein
Time After Time,1979,"Sci-Fi,Thriller",3.5944,Nicholas Meyer
Time Bandits,1981,"Adventure,Comedy,Fantasy,Sci-Fi",3.5945,Terry Gilliam
"Time Traveler's Wife, The",2009,"Drama,Romance,Sci-Fi",3.6064,Robert Schwentke
"Time to Kill, A",1996,"Drama,Thriller",3.6992,Joel Schumacher
Timecop,1994,"Action,Sci-Fi,Thriller",2.7243,Peter Hyams
Timeline,2003,"Action,Adventure,Sci-Fi",2.8295,Richard Donner
Tin Cup,1996,"Comedy,Drama,Romance",3.1789,Ron Shelton
"Tin Drum, The (Blechtrommel, Die)",1979,"Drama,War",3.8105,Volker Schlöndorff
Tin Men,1987,"Comedy,Drama",3.3678,Barry Levinson
Tinker Tailor Soldier Spy,2011,"Drama,Film-Noir,Thriller",3.6279,Tomas Alfredson
Titan A.E.,2000,"Action,Adventure,Animation,Children,Sci-Fi",3.2716,Don Bluth|Gary Goldman
Titus,1999,Drama,3.6211,Julie Taymor
To Be or Not to Be,1942,"Comedy,Drama,War",3.9456,Ernst Lubitsch
To Catch a Thief,1955,"Crime,Mystery,Romance,Thriller",3.9948,Alfred Hitchcock
To Die For,1995,"Comedy,Drama,Thriller",3.3829,Gus Van Sant
To Gillian on Her 37th Birthday,1996,"Drama,Romance",3.0126,Michael Pressman
To Have and Have Not,1944,"Adventure,Drama,Romance,Thriller,War",4.0109,Howard Hawks
To Kill a Mockingbird,1962,Drama,4.1464,Robert Mulligan
To Live (Huozhe),1994,Drama,4.0797,Yimou Zhang
To Sir with Love,1967,Drama,3.7977,James Clavell
"To Wong Foo, Thanks for Everything! Julie Newmar",1995,Comedy,3.1462,Beeban Kidron
Together (Tillsammans),2000,"Comedy,Drama,Romance",3.8215,Lukas Moodysson
Tokyo Godfathers,2003,"Adventure,Animation,Drama",3.895,Satoshi Kon
Tokyo Story (Tôkyô monogatari),1953,Drama,4.0725,Yasujirō Ozu
Tom Jones,1963,"Adventure,Comedy,Romance",3.7601,Tony Richardson
Tom and Huck,1995,"Adventure,Children",3.1146,Peter Hewitt
Tombstone,1993,"Action,Drama,Western",3.7033,George P. Cosmatos
Tommy,1975,Musical,3.0778,Ken Russell
Tommy Boy,1995,Comedy,3.3565,Peter Segal
Tomorrow Never Dies,1997,"Action,Adventure,Thriller",3.224,Roger Spottiswoode
Tomorrowland,2015,"Action,Adventure,Children,Mystery,Sci-Fi",3.2216,Brad Bird
Tootsie,1982,"Comedy,Romance",3.6362,Sydney Pollack
Top Gun,1986,"Action,Romance",3.4163,Tony Scott
Top Hat,1935,"Comedy,Musical,Romance",4.0409,Mark Sandrich
Top Secret!,1984,Comedy,3.5928,Jim Abrahams|David Zucker|Jerry Zucker
Topsy-Turvy,1999,"Comedy,Drama,Musical",3.6579,Mike Leigh
Tora! Tora! Tora!,1970,"Action,Drama,War",3.6775,Richard Fleischer|Kinji Fukasaku|Toshio Masuda
Touch of Evil,1958,"Crime,Film-Noir,Thriller",4.1412,Orson Welles
"Tourist, The",2010,"Drama,Thriller",3.0223,Florian Henckel von Donnersmarck
Tower Heist,2011,"Action,Comedy,Crime",3.0333,Brett Ratner
"Towering Inferno, The",1974,"Action,Adventure,Drama,Thriller",3.0097,John Guillermin
"Town, The",2010,"Crime,Drama,Thriller",3.7439,Ben Affleck
Toy Story,1995,"Adventure,Animation,Children,Comedy,Fantasy",3.8937,John Lasseter
Toy Story 2,1999,"Adventure,Animation,Children,Comedy,Fantasy",3.8115,John Lasseter
Toy Story 3,2010,"Adventure,Animation,Children,Comedy,Fantasy,IMAX",3.8578,Lee Unkrich
Toys,1992,"Comedy,Fantasy",2.6909,Barry Levinson
Trading Places,1983,Comedy,3.7451,John Landis
Traffic,2000,"Crime,Drama,Thriller",3.7975,Steven Soderbergh
Training Day,2001,"Crime,Drama,Thriller",3.7179,Antoine Fuqua
Trainspotting,1996,"Comedy,Crime,Drama",4.0077,Danny Boyle
Trainwreck,2015,"Comedy,Romance",3.1331,Judd Apatow
Transamerica,2005,"Adventure,Comedy,Drama",3.6456,Duncan Tucker
Transcendence,2014,"Drama,Sci-Fi,IMAX",3.2068,Wally Pfister
Transformers,2007,"Action,Sci-Fi,Thriller,IMAX",3.0907,Michael Bay
Transformers: Age of Extinction,2014,"Action,Adventure,Sci-Fi",2.5582,Michael Bay
Transformers: Dark of the Moon,2011,"Action,Adventure,Sci-Fi,War,IMAX",2.7216,Michael Bay
Transformers: Revenge of the Fallen,2009,"Action,Adventure,Sci-Fi,IMAX",2.707,Michael Bay
Transformers: The Movie,1986,"Adventure,Animation,Children,Sci-Fi",3.247,Nelson Shin
Transporter 2,2005,"Action,Crime,Thriller",3.1649,Louis Leterrier
Transporter 3,2008,"Action,Adventure,Crime,Thriller",3.1512,Olivier Megaton
"Transporter, The",2002,"Action,Crime",3.3692,Corey Yuen|Louis Leterrier
Treasure Planet,2002,"Adventure,Animation,Children,Sci-Fi,IMAX",3.464,Ron Clements|John Musker
"Treasure of the Sierra Madre, The",1948,"Action,Adventure,Drama,Western",4.1233,John Huston
"Tree of Life, The",2011,Drama,3.3725,Terrence Malick
Trees Lounge,1996,Drama,3.5683,Steve Buscemi
Tremors,1990,"Comedy,Horror,Sci-Fi",3.37,Ron Underwood
Triangle,2009,"Drama,Horror,Mystery,Thriller",3.6232,Christopher Smith
"Trip to Bountiful, The",1985,Drama,3.7974,Peter Masterson
Tron,1982,"Action,Adventure,Sci-Fi",3.3246,Steven Lisberger
Tron: Legacy,2010,"Action,Adventure,Sci-Fi,IMAX",3.2771,Joseph Kosinski
Tropic Thunder,2008,"Action,Adventure,Comedy,War",3.3799,Ben Stiller
"Trouble with Harry, The",1955,"Comedy,Mystery",3.6232,Alfred Hitchcock
Troy,2004,"Action,Adventure,Drama,War",3.3516,Wolfgang Petersen
True Crime,1999,"Crime,Thriller",3.1007,Clint Eastwood
True Lies,1994,"Action,Adventure,Comedy,Romance,Thriller",3.4923,James Cameron
True Romance,1993,"Crime,Thriller",3.8109,Tony Scott
"Truly, Madly, Deeply",1991,"Drama,Romance",3.7545,Anthony Minghella
"Truman Show, The",1998,"Comedy,Drama,Sci-Fi",3.8597,Peter Weir
Trust,1990,"Comedy,Drama,Romance",4.0215,Hal Hartley
"Truth About Cats & Dogs, The",1996,"Comedy,Romance",3.391,Michael Lehmann
Tucker & Dale vs Evil,2010,"Comedy,Horror",3.83,Eli Craig
Tucker: The Man and His Dream,1988,Drama,3.453,Francis Ford Coppola
Turner & Hooch,1989,"Comedy,Crime",2.9014,Roger Spottiswoode
"Tuxedo, The",2002,"Action,Comedy",2.5648,Kevin Donovan
Twelfth Night,1996,"Comedy,Drama,Romance",3.731,Trevor Nunn
Twelve Monkeys (a.k.a. 12 Monkeys),1995,"Mystery,Sci-Fi,Thriller",3.9058,Terry Gilliam
Twilight,2008,"Drama,Fantasy,Romance,Thriller",2.3914,Catherine Hardwicke
"Twilight Saga: Breaking Dawn - Part 1, The",2011,"Adventure,Drama,Fantasy,Romance",2.3286,Bill Condon
"Twilight Saga: Breaking Dawn - Part 2, The",2012,"Adventure,Drama,Fantasy,Romance,IMAX",2.5242,Bill Condon
"Twilight Saga: Eclipse, The",2010,"Fantasy,Romance,Thriller,IMAX",2.3773,David Slade
"Twilight Saga: New Moon, The",2009,"Drama,Fantasy,Horror,Romance,Thriller",2.3512,Chris Weitz
Twin Peaks: Fire Walk with Me,1992,"Crime,Drama,Mystery,Thriller",3.5545,David Lynch
Twins,1988,Comedy,2.8374,Ivan Reitman
Twister,1996,"Action,Adventure,Romance,Thriller",3.189,Jan de Bont
Two Weeks Notice,2002,"Comedy,Romance",3.2226,Marc Lawrence
Two if by Sea,1996,"Comedy,Romance",2.814,Bill Bennett
U Turn,1997,"Crime,Drama,Mystery",3.1382,Oliver Stone
U-571,2000,"Action,Thriller,War",3.33,Jonathan Mostow
U.S. Marshals,1998,"Action,Crime,Thriller",3.221,Stuart Baird
U2: Rattle and Hum,1988,"Documentary,Musical",3.4102,Phil Joanou
UHF,1989,Comedy,3.472,Jay Levey
"Ugly Truth, The",2009,"Comedy,Drama,Romance",3.2321,Robert Luketic
Ulee's Gold,1997,Drama,3.6395,Victor Nunez
Ultraviolet,2006,"Action,Fantasy,Sci-Fi,Thriller",2.442,Kurt Wimmer
"Umbrellas of Cherbourg, The (Parapluies de Cherbourg, Les)",1964,"Drama,Musical,Romance",3.7701,Jacques Demy
"Unbearable Lightness of Being, The",1988,Drama,3.6797,Philip Kaufman
Unbreakable,2000,"Drama,Sci-Fi",3.4989,M. Night Shyamalan
Uncle Buck,1989,Comedy,3.3154,John Hughes
Under Siege,1992,"Action,Drama,Thriller",3.136,Andrew Davis
Under Siege 2: Dark Territory,1995,Action,2.9266,Geoff Murphy
Under the Skin,2013,"Horror,Sci-Fi,Thriller",3.3591,Jonathan Glazer
Under the Tuscan Sun,2003,"Comedy,Drama,Romance",3.3962,Audrey Wells
Undercover Brother,2002,Comedy,2.923,Malcolm D. Lee
Underworld,2003,"Action,Fantasy,Horror",3.3734,Len Wiseman
Underworld: Awakening,2012,"Action,Fantasy,Horror,IMAX",3.3014,Måns Mårlind|Björn Stein
Underworld: Evolution,2006,"Action,Fantasy,Horror",3.3261,Len Wiseman
Underworld: Rise of the Lycans,2009,"Action,Fantasy,Horror,Thriller",3.3415,Patrick Tatopoulos
Unfaithful,2002,"Drama,Thriller",3.3207,Adrian Lyne
Unforgettable,1996,"Mystery,Sci-Fi,Thriller",3.2553,John Dahl
Unforgiven,1992,"Drama,Western",3.9948,Clint Eastwood
"Unforgiven, The",1960,"Drama,Western",3.8636,John Huston
United 93,2006,"Crime,Drama",3.6213,Paul Greengrass
Universal Soldier,1992,"Action,Sci-Fi",2.5972,Roland Emmerich
Universal Soldier: The Return,1999,"Action,Sci-Fi",1.8143,Mic Rodgers
Unknown,2011,"Drama,Mystery,Thriller",3.47,Jaume Collet-Serra
Unleashed (Danny the Dog),2005,"Action,Crime,Drama,Thriller",3.469,Louis Leterrier
Unstoppable,2010,"Action,Drama,Thriller",3.3785,Tony Scott
Unstrung Heroes,1995,"Comedy,Drama",3.5,Diane Keaton
Untamed Heart,1993,"Drama,Romance",3.2237,Tony Bill
Until the End of the World (Bis ans Ende der Welt),1991,"Adventure,Drama,Sci-Fi",3.5741,Wim Wenders
Untitled Spider-Man Reboot,2017,"Action,Adventure,Fantasy",3.8029,Jon Watts
"Untouchables, The",1987,"Action,Crime,Drama",3.8765,Brian De Palma
Up,2009,"Adventure,Animation,Children,Drama",3.9636,Pete Docter
Up Close and Personal,1996,"Drama,Romance",3.2873,Jon Avnet
Up in the Air,2009,"Drama,Romance",3.6825,Jason Reitman
Upgrade,2018,"Action,Comedy,Horror,Sci-Fi,Thriller",3.7645,Leigh Whannell
Uptown Girls,2003,Comedy,3.0462,Boaz Yakin
Urban Legend,1998,"Horror,Thriller",2.6592,Jamie Blanks
Urban Legends: Final Cut,2000,Horror,2.174,John Ottman
"Usual Suspects, The",1995,"Crime,Mystery,Thriller",4.2844,Bryan Singer
V for Vendetta,2006,"Action,Sci-Fi,Thriller,IMAX",3.908,James McTeigue
Valentine's Day,2010,"Comedy,Romance",2.9217,Garry Marshall
Valerian and the City of a Thousand Planets,2017,"Action,Adventure,Sci-Fi",3.1945,Luc Besson
Valkyrie,2008,"Drama,Thriller,War",3.4484,Bryan Singer
Vampire Hunter D: Bloodlust (Banpaia hantâ D),2000,"Animation,Fantasy,Horror,Sci-Fi",3.6809,Yoshiaki Kawajiri
Vampire in Brooklyn,1995,"Comedy,Horror,Romance",2.492,Wes Craven
Vampires,1998,"Horror,Western",2.7792,John Carpenter
Van Helsing,2004,"Action,Adventure,Fantasy,Horror",2.835,Stephen Sommers
Vanilla Sky,2001,"Mystery,Romance,Sci-Fi,Thriller",3.3999,Cameron Crowe
"Vanishing, The (Spoorloos)",1988,"Drama,Thriller",3.942,George Sluizer
Vantage Point,2008,"Action,Drama,Thriller",3.2762,Pete Travis
Vanya on 42nd Street,1994,Drama,3.8167,Louis Malle
Varsity Blues,1999,"Comedy,Drama",3.0681,Brian Robbins
Vegas Vacation (National Lampoon's Las Vegas Vacation),1997,Comedy,2.7741,Stephen Kessler
Velvet Goldmine,1998,Drama,3.3686,Todd Haynes
Venom,2018,"Action,Horror,Sci-Fi,Thriller",3.2914,Ruben Fleischer
Vera Drake,2004,Drama,3.7578,Mike Leigh
"Verdict, The",1982,"Drama,Mystery",3.8619,Sidney Lumet
Vertical Limit,2000,"Action,Adventure",2.8032,Martin Campbell
Vertigo,1958,"Drama,Mystery,Romance,Thriller",4.1208,Alfred Hitchcock
Very Bad Things,1998,"Comedy,Crime",2.8358,Peter Berg
"Very Brady Sequel, A",1996,Comedy,2.624,Arlene Sanford
"Very Long Engagement, A (Un long dimanche de fiançailles)",2004,"Drama,Mystery,Romance,War",3.7832,Jean-Pierre Jeunet
Vicky Cristina Barcelona,2008,"Comedy,Drama,Romance",3.6051,Woody Allen
Victor/Victoria,1982,"Comedy,Musical,Romance",3.5068,Blake Edwards
Videodrome,1983,"Fantasy,Horror,Sci-Fi,Thriller",3.6975,David Cronenberg
"Vie en Rose, La (Môme, La)",2007,"Drama,Musical",3.6878,Olivier Dahan
"View to a Kill, A",1985,"Action,Adventure,Thriller",3.1771,John Glen
"Village, The",2004,"Drama,Mystery,Thriller",3.2288,M. Night Shyamalan
"Virgin Suicides, The",1999,"Drama,Romance",3.6371,Sofia Coppola
Virtuosity,1995,"Action,Sci-Fi,Thriller",2.9855,Brett Leonard
Virus,1999,"Horror,Sci-Fi",2.3515,John Bruno
"Visitor, The",2007,"Drama,Romance",3.832,Tom McCarthy
"Visitors, The (Visiteurs, Les)",1993,"Comedy,Fantasy,Sci-Fi",3.4284,Jean-Marie Poiré
Volcano,1997,"Action,Drama,Thriller",2.654,Mick Jackson
Volver,2006,"Comedy,Drama",3.8269,Pedro Almodóvar
"Vow, The",2012,"Drama,Romance",3.5853,Michael Sucsy
WALL·E,2008,"Adventure,Animation,Children,Romance,Sci-Fi",4.0049,Andrew Stanton
Wag the Dog,1997,Comedy,3.5209,Barry Levinson
"Wages of Fear, The (Salaire de la peur, Le)",1953,"Action,Adventure,Drama,Thriller",4.0084,Henri-Georges Clouzot
Wait Until Dark,1967,"Drama,Thriller",3.9294,Terence Young
Waiting for Guffman,1996,Comedy,3.9276,Christopher Guest
Waiting to Exhale,1995,"Comedy,Drama,Romance",2.8535,Forest Whitaker
Waiting...,2005,Comedy,3.3475,Rob McKittrick
Waitress,2007,"Comedy,Drama,Romance",3.5285,Adrienne Shelly
Waking Life,2001,"Animation,Drama,Fantasy",3.8571,Richard Linklater
Waking Ned Devine (a.k.a. Waking Ned),1998,Comedy,3.7972,Kirk Jones
Walk Hard: The Dewey Cox Story,2007,"Comedy,Musical",3.2759,Jake Kasdan
"Walk in the Clouds, A",1995,"Drama,Romance",3.3733,Alfonso Arau
Walk the Line,2005,"Drama,Musical,Romance",3.7807,James Mangold
"Walk to Remember, A",2002,"Drama,Romance",3.4279,Adam Shankman
Walkabout,1971,"Adventure,Drama",3.8592,Nicolas Roeg
Walking Tall,2004,Action,3.0494,Kevin Bray
Wall Street,1987,Drama,3.7307,Oliver Stone
Wall Street: Money Never Sleeps,2010,Drama,3.0603,Oliver Stone
Wallace & Gromit in The Curse of the Were-Rabbit,2005,"Adventure,Animation,Children,Comedy",3.6919,Steve Box|Nick Park
Wallace & Gromit: A Close Shave,1995,"Animation,Children,Comedy",4.1044,Nick Park
Wallace & Gromit: The Wrong Trousers,1993,"Animation,Children,Comedy,Crime",4.1248,Nick Park
Wanted,2008,"Action,Thriller",3.2207,Timur Bekmambetov
War Dogs,2016,Comedy,3.6131,Todd Phillips
War Horse,2011,"Drama,War",3.3671,Steven Spielberg
War for the Planet of the Apes,2017,"Action,Adventure,Drama,Sci-Fi",3.567,Matt Reeves
"War of the Roses, The",1989,"Comedy,Drama",3.1704,Danny DeVito
War of the Worlds,2005,"Action,Adventure,Sci-Fi,Thriller",3.141,Steven Spielberg
"War of the Worlds, The",1953,"Action,Drama,Sci-Fi",3.6066,Byron Haskin
"War, The",1994,"Adventure,Drama,War",3.3774,Jon Avnet
WarGames,1983,"Drama,Sci-Fi,Thriller",3.6684,John Badham
Warcraft,2016,"Action,Adventure,Fantasy",3.243,Duncan Jones
Warm Bodies,2013,"Comedy,Horror,Romance",3.3306,Jonathan Levine
Warrior,2011,Drama,3.9019,Gavin O'Connor
"Warriors, The",1979,"Action,Adventure,Crime,Thriller",3.7182,Walter Hill
Wasabi,2001,"Action,Comedy,Crime,Drama,Thriller",3.437,Gérard Krawczyk
Watchmen,2009,"Action,Drama,Mystery,Sci-Fi,Thriller,IMAX",3.7076,Zack Snyder
Water for Elephants,2011,"Drama,Romance",3.375,Francis Lawrence
"Waterboy, The",1998,Comedy,2.9134,Frank Coraci
Watership Down,1978,"Adventure,Animation,Children,Drama,Fantasy",3.6972,Martin Rosen
Waterworld,1995,"Action,Adventure,Sci-Fi",2.8652,Kevin Reynolds
"Way We Were, The",1973,"Drama,Romance",3.4635,Sydney Pollack
"Way of the Gun, The",2000,"Crime,Thriller",3.2925,Christopher McQuarrie
"Way, Way Back, The",2013,"Comedy,Drama",3.7683,Nat Faxon|Jim Rash
Wayne's World,1992,Comedy,3.455,Penelope Spheeris
Wayne's World 2,1993,Comedy,2.9387,Stephen Surjik
We Bought a Zoo,2011,"Comedy,Drama",3.3793,Cameron Crowe
We Need to Talk About Kevin,2011,"Drama,Thriller",3.6965,Lynne Ramsay
We Were Soldiers,2002,"Action,Drama,War",3.5632,Randall Wallace
We're the Millers,2013,"Comedy,Crime",3.5037,Rawson Marshall Thurber
"Weather Man, The",2005,"Comedy,Drama",3.1922,Gore Verbinski
"Wedding Banquet, The (Xi yan)",1993,"Comedy,Drama,Romance",3.903,Ang Lee
Wedding Crashers,2005,"Comedy,Romance",3.4272,David Dobkin
"Wedding Date, The",2005,"Comedy,Romance",3.2776,Clare Kilner
"Wedding Planner, The",2001,"Comedy,Romance",2.781,Adam Shankman
"Wedding Singer, The",1998,"Comedy,Romance",3.3913,Frank Coraci
Weekend at Bernie's,1989,Comedy,2.7972,Ted Kotcheff
Weekend at Bernie's II,1993,"Adventure,Comedy",2.0232,Robert Klane
Weird Science,1985,"Comedy,Fantasy,Sci-Fi",3.293,John Hughes
Welcome to the Dollhouse,1995,"Comedy,Drama",3.7872,Todd Solondz
"Wes Craven's New Nightmare (Nightmare on Elm Street Part 7: Freddy's Finale, A)",1994,"Drama,Horror,Mystery,Thriller",2.978,Wes Craven
West Side Story,1961,"Drama,Musical,Romance",3.7521,Jerome Robbins|Robert Wise
Westworld,1973,"Action,Sci-Fi,Thriller,Western",3.4029,Michael Crichton
Wet Hot American Summer,2001,Comedy,3.3913,David Wain
Whale Rider,2002,Drama,3.8449,Niki Caro
What About Bob?,1991,Comedy,3.4036,Frank Oz
What Dreams May Come,1998,"Adventure,Drama,Fantasy,Romance",3.3195,Vincent Ward
What Ever Happened to Baby Jane?,1962,"Drama,Horror,Thriller",3.7961,Robert Aldrich
What Happens in Vegas...,2008,"Comedy,Romance",3.0114,Tom Vaughan
What Lies Beneath,2000,"Drama,Horror,Mystery",3.2125,Robert Zemeckis
What Planet Are You From?,2000,"Comedy,Sci-Fi",2.7258,Mike Nichols
What We Do in the Shadows,2014,"Comedy,Horror",3.9766,Taika Waititi|Jemaine Clement
What Women Want,2000,"Comedy,Romance",3.1039,Nancy Meyers
What a Girl Wants,2003,"Comedy,Drama,Romance",3.1315,Dennie Gordon
What's Eating Gilbert Grape,1993,Drama,3.7512,Lasse Hallström
What's Love Got to Do with It?,1993,"Drama,Musical",3.5465,Brian Gibson
Whatever Works,2009,"Comedy,Romance",3.5341,Woody Allen
When Harry Met Sally...,1989,"Comedy,Romance",3.8318,Rob Reiner
When We Were Kings,1996,Documentary,4.1323,Leon Gast
When a Man Loves a Woman,1994,"Drama,Romance",3.3906,Luis Mandoki
Where Eagles Dare,1968,"Action,Adventure,War",3.8055,Brian G. Hutton
Where the Heart Is,2000,"Comedy,Drama",3.2759,Matt Williams
Where the Wild Things Are,2009,"Adventure,Children,Drama,Fantasy,IMAX",3.2871,Spike Jonze
While You Were Sleeping,1995,"Comedy,Romance",3.4994,Jon Turteltaub
Whip It,2009,"Comedy,Drama",3.5307,Drew Barrymore
Whisper of the Heart (Mimi wo sumaseba),1995,"Animation,Drama,Romance",3.9914,Yoshifumi Kondô
White Chicks,2004,"Action,Comedy,Crime",2.398,Keenen Ivory Wayans
White Christmas,1954,"Comedy,Musical,Romance",3.7938,Michael Curtiz
White House Down,2013,"Action,Drama,Thriller,IMAX",3.1987,Roland Emmerich
White Men Can't Jump,1992,"Comedy,Drama",3.1182,Ron Shelton
White Noise,2005,"Drama,Horror,Mystery,Sci-Fi,Thriller",2.7046,Geoffrey Sax
White Oleander,2002,Drama,3.4882,Peter Kosminsky
"White Ribbon, The (Das weiße Band)",2009,"Drama,Mystery",3.8424,Michael Haneke
White Squall,1996,"Action,Adventure,Drama",3.4767,Ridley Scott
Who Framed Roger Rabbit?,1988,"Adventure,Animation,Children,Comedy,Crime,Fantasy,Mystery",3.5417,Robert Zemeckis
Who's Afraid of Virginia Woolf?,1966,Drama,4.0293,Mike Nichols
Who's Harry Crumb?,1989,"Comedy,Mystery",2.7276,Paul Flaherty
"Whole Nine Yards, The",2000,"Comedy,Crime",3.3471,Jonathan Lynn
"Whole Ten Yards, The",2004,"Action,Comedy,Crime",2.7839,Howard Deutch
Widows' Peak,1994,Drama,3.5518,John Irvin
Wild,2014,Drama,3.5743,Jean-Marc Vallée
"Wild Bunch, The",1969,"Adventure,Western",3.9587,Sam Peckinpah
Wild Hogs,2007,"Adventure,Comedy",2.6899,Walt Becker
Wild Strawberries (Smultronstället),1957,Drama,4.0867,Ingmar Bergman
Wild Tales,2014,"Comedy,Drama,Thriller",4.1051,Damián Szifron
Wild Things,1998,"Crime,Drama,Mystery,Thriller",3.2064,John McNaughton
Wild Wild West,1999,"Action,Comedy,Sci-Fi,Western",2.3197,Barry Sonnenfeld
Wild at Heart,1990,"Crime,Drama,Mystery,Romance,Thriller",3.6801,David Lynch
William Shakespeare's A Midsummer Night's Dream,1999,"Comedy,Fantasy",3.2938,Michael Hoffman
William Shakespeare's Romeo + Juliet,1996,"Drama,Romance",3.5504,Baz Luhrmann
Willow,1988,"Action,Adventure,Fantasy",3.4695,Ron Howard
Willy Wonka & the Chocolate Factory,1971,"Children,Comedy,Fantasy,Musical",3.7134,Mel Stuart
Wimbledon,2004,"Comedy,Romance",3.1689,Richard Loncraine
Win Win,2011,"Comedy,Drama",3.6735,Tom McCarthy
Win a Date with Tad Hamilton!,2004,"Comedy,Romance",2.8546,Robert Luketic
"Wind Rises, The (Kaze tachinu)",2013,"Animation,Drama,Romance",3.9404,Hayao Miyazaki
Wind River,2017,"Action,Crime,Mystery,Thriller",3.8532,Taylor Sheridan
Windtalkers,2002,"Action,Drama,War",2.8812,John Woo
Wing Commander,1999,"Action,Sci-Fi",2.1911,Chris Roberts
"Wings of Desire (Himmel über Berlin, Der)",1987,"Drama,Fantasy,Romance",4.0119,Wim Wenders
"Wings of the Dove, The",1997,"Drama,Romance",3.684,Iain Softley
Winnie the Pooh and the Blustery Day,1968,"Animation,Children,Musical",3.736,Wolfgang Reitherman
"Winslow Boy, The",1999,Drama,3.8333,David Mamet
Winter's Bone,2010,"Drama,Thriller",3.6729,Debra Granik
Wishmaster,1997,Horror,2.521,Robert Kurtzman
"Witches of Eastwick, The",1987,"Comedy,Fantasy,Horror,Thriller",3.2068,George Miller
"Witches, The",1990,"Children,Fantasy",3.446,Nicolas Roeg
With Honors,1994,"Comedy,Drama",3.3467,Alek Keshishian
Withnail & I,1987,Comedy,3.8562,Bruce Robinson
Without a Paddle,2004,Comedy,2.8315,Steven Brill
Witness,1985,"Drama,Romance,Thriller",3.8429,Peter Weir
Witness for the Prosecution,1957,"Drama,Mystery,Thriller",4.0758,Billy Wilder
"Wizard of Oz, The",1939,"Adventure,Children,Fantasy,Musical",3.9387,Victor Fleming
Wolf,1994,"Drama,Horror,Romance,Thriller",3.0407,Mike Nichols
"Wolf Man, The",1941,"Drama,Fantasy,Horror",3.5695,George Waggner
"Wolf of Wall Street, The",2013,"Comedy,Crime,Drama",3.8876,Martin Scorsese
"Wolverine, The",2013,"Action,Adventure,Fantasy,Sci-Fi",3.2194,James Mangold
"Woman in Black, The",2012,"Drama,Horror,Thriller",3.0979,James Watkins
Women on the Verge of a Nervous Breakdown (Mujeres al borde de un ataque de nervios),1988,"Comedy,Drama",3.8898,Pedro Almodóvar
"Women, The",1939,Comedy,3.9173,George Cukor
Wonder,2017,Drama,3.7964,Stephen Chbosky
Wonder Boys,2000,"Comedy,Drama",3.7288,Curtis Hanson
Wonder Woman,2017,"Action,Adventure,Fantasy",3.6293,Patty Jenkins
"Woodsman, The",2004,Drama,3.6174,Nicole Kassell
Working Girl,1988,"Comedy,Drama,Romance",3.353,Mike Nichols
"World According to Garp, The",1982,"Comedy,Drama,Romance",3.5316,George Roy Hill
"World Is Not Enough, The",1999,"Action,Adventure,Thriller",3.1951,Michael Apted
World War Z,2013,"Action,Drama,Horror,IMAX",3.2802,Marc Forster
"World's End, The",2013,"Action,Comedy,Sci-Fi",3.5368,Edgar Wright
"World's Fastest Indian, The",2005,Drama,3.8221,Roger Donaldson
Wrath of the Titans,2012,"Action,Adventure,Fantasy,IMAX",2.8181,Jonathan Liebesman
Wreck-It Ralph,2012,"Animation,Comedy",3.7201,Rich Moore
"Wrestler, The",2008,Drama,3.7985,Darren Aronofsky
Wristcutters: A Love Story,2006,"Drama,Fantasy,Romance",3.8084,Goran Dukic
"Wrong Man, The",1956,"Drama,Film-Noir,Thriller",3.6298,Alfred Hitchcock
Wrong Turn,2003,"Horror,Thriller",2.7839,Rob Schmidt
Wrongfully Accused,1998,"Action,Comedy",2.713,Pat Proft
Wyatt Earp,1994,Western,3.1999,Lawrence Kasdan
"X-Files: Fight the Future, The",1998,"Action,Crime,Mystery,Sci-Fi,Thriller",3.3386,Rob Bowman
"X-Files: I Want to Believe, The",2008,"Drama,Mystery,Sci-Fi,Thriller",2.9211,Chris Carter
X-Men,2000,"Action,Adventure,Sci-Fi",3.5597,Bryan Singer
X-Men Origins: Wolverine,2009,"Action,Sci-Fi,Thriller",3.1756,Gavin Hood
X-Men: Apocalypse,2016,"Action,Adventure,Fantasy,Sci-Fi",3.2527,Bryan Singer
X-Men: Days of Future Past,2014,"Action,Adventure,Sci-Fi",3.7368,Bryan Singer
X-Men: First Class,2011,"Action,Adventure,Sci-Fi,Thriller,War",3.7306,Matthew Vaughn
X-Men: The Last Stand,2006,"Action,Sci-Fi,Thriller",3.2538,Brett Ratner
X2: X-Men United,2003,"Action,Adventure,Sci-Fi,Thriller",3.6012,Bryan Singer
Year One,2009,"Adventure,Comedy",2.4253,Harold Ramis
"Year of Living Dangerously, The",1982,"Drama,Romance,War",3.9182,Peter Weir
Yellow Submarine,1968,"Adventure,Animation,Comedy,Fantasy,Musical",3.5837,George Dunning
Yes Man,2008,Comedy,3.3712,Peyton Reed
Yojimbo,1961,"Action,Adventure",4.1792,Akira Kurosawa
You Can Count on Me,2000,"Drama,Romance",4.0292,Kenneth Lonergan
You Can't Take It with You,1938,"Comedy,Romance",3.9189,Frank Capra
You Don't Mess with the Zohan,2008,Comedy,2.5717,Dennis Dugan
You Only Live Twice,1967,"Action,Adventure,Sci-Fi,Thriller",3.6051,Lewis Gilbert
You've Got Mail,1998,"Comedy,Romance",3.1853,Nora Ephron
"You, Me and Dupree",2006,Comedy,2.696,Anthony Russo|Joe Russo
Young Frankenstein,1974,"Comedy,Fantasy",3.985,Mel Brooks
Young Guns,1988,"Action,Comedy,Western",3.2948,Christopher Cain
Young Guns II,1990,"Action,Western",2.9824,Geoff Murphy
"Young Poisoner's Handbook, The",1995,"Crime,Drama",3.5744,Benjamin Ross
Young Sherlock Holmes,1985,"Action,Adventure,Children,Fantasy,Mystery,Thriller",3.371,Barry Levinson
Your Friends and Neighbors,1998,"Comedy,Drama",3.2029,Neil LaBute
Your Name.,2016,"Animation,Drama,Fantasy,Romance",4.1067,Makoto Shinkai
Youth in Revolt,2009,"Comedy,Drama,Romance",3.355,Miguel Arteta
Zack and Miri Make a Porno,2008,"Comedy,Drama,Romance",3.2181,Kevin Smith
Zathura,2005,"Action,Adventure,Children,Fantasy",3.0103,Jon Favreau
Zelig,1983,Comedy,3.7821,Woody Allen
Zero Dark Thirty,2012,"Action,Drama,Thriller",3.7109,Kathryn Bigelow
Zero Effect,1998,"Comedy,Mystery,Thriller",3.6951,Jake Kasdan
Zodiac,2007,"Crime,Drama,Thriller",3.7443,David Fincher
Zombieland,2009,"Action,Comedy,Horror",3.763,Ruben Fleischer
Zoolander,2001,Comedy,3.2209,Ben Stiller
Zootopia,2016,"Action,Adventure,Animation,Children,Comedy",3.8936,Byron Howard|Rich Moore
Zulu,1964,"Action,Drama,War",3.8198,Cy Endfield
eXistenZ,1999,"Action,Sci-Fi,Thriller",3.3496,David Cronenberg
xXx,2002,"Action,Crime,Thriller",2.7862,Rob Cohen
xXx: State of the Union,2005,"Action,Crime,Thriller",2.3372,Lee Tamahori
¡Three Amigos!,1986,"Comedy,Western",3.121,John Landis
